id,image,Transformer,Reactor,Circuit Breaker,Alt Energy,Control,Power Lines
10097,substation_10097.png,1.0,0.0,0.0,0.0,0.0,0.0
10095,substation_10095.png,0.0,0.0,0.0,0.0,0.0,0.0
10096,substation_10096.png,3.0,0.0,0.0,0.0,0.0,0.0
10098,substation_10098.png,2.0,7.0,5.0,1.0,0.0,0.0
10099,substation_10099.png,4.0,0.0,0.0,0.0,0.0,0.0
10100,substation_10100.png,2.0,0.0,0.0,0.0,0.0,0.0
10088,substation_10088.png,0.0,0.0,0.0,0.0,0.0,0.0
10102,substation_10102.png,2.0,1.0,0.0,1.0,0.0,0.0
10101,substation_10101.png,1.0,0.0,0.0,0.0,0.0,0.0
10103,substation_10103.png,0.0,0.0,0.0,0.0,0.0,0.0
10109,substation_10109.png,2.0,0.0,0.0,0.0,0.0,0.0
10105,substation_10105.png,0.0,0.0,0.0,0.0,1.0,0.0
10113,substation_10113.png,2.0,0.0,2.0,0.0,0.0,0.0
10104,substation_10104.png,4.0,0.0,0.0,0.0,0.0,0.0
10106,substation_10106.png,6.0,8.0,0.0,0.0,0.0,0.0
10108,substation_10108.png,3.0,0.0,0.0,0.0,0.0,0.0
10110,substation_10110.png,3.0,1.0,1.0,1.0,0.0,0.0
10107,substation_10107.png,2.0,0.0,1.0,0.0,0.0,0.0
10112,substation_10112.png,1.0,0.0,0.0,0.0,0.0,0.0
10111,substation_10111.png,0.0,0.0,0.0,0.0,0.0,0.0
10114,substation_10114.png,1.0,0.0,0.0,0.0,0.0,0.0
10115,substation_10115.png,1.0,0.0,0.0,0.0,0.0,0.0
10117,substation_10117.png,2.0,0.0,1.0,0.0,0.0,0.0
10116,substation_10116.png,0.0,0.0,0.0,0.0,0.0,0.0
10118,substation_10118.png,3.0,0.0,0.0,0.0,0.0,0.0
10120,substation_10120.png,0.0,0.0,0.0,0.0,0.0,0.0
10119,substation_10119.png,0.0,0.0,0.0,0.0,0.0,0.0
10123,substation_10123.png,0.0,0.0,0.0,0.0,0.0,0.0
10124,substation_10124.png,0.0,0.0,0.0,0.0,0.0,0.0
10122,substation_10122.png,0.0,0.0,0.0,0.0,0.0,0.0
10121,substation_10121.png,1.0,0.0,0.0,0.0,0.0,0.0
10128,substation_10128.png,0.0,0.0,0.0,0.0,1.0,0.0
10127,substation_10127.png,1.0,1.0,0.0,0.0,0.0,0.0
10125,substation_10125.png,0.0,0.0,0.0,0.0,1.0,0.0
10132,substation_10132.png,5.0,0.0,0.0,0.0,0.0,0.0
10126,substation_10126.png,1.0,0.0,0.0,1.0,2.0,0.0
10134,substation_10134.png,0.0,0.0,0.0,0.0,0.0,0.0
10131,substation_10131.png,1.0,0.0,0.0,0.0,0.0,0.0
10130,substation_10130.png,1.0,0.0,1.0,0.0,0.0,0.0
10135,substation_10135.png,2.0,0.0,0.0,0.0,0.0,0.0
10133,substation_10133.png,0.0,0.0,0.0,0.0,0.0,0.0
10129,substation_10129.png,0.0,0.0,0.0,0.0,0.0,0.0
10136,substation_10136.png,0.0,0.0,6.0,0.0,0.0,0.0
10137,substation_10137.png,1.0,0.0,0.0,0.0,1.0,0.0
10138,substation_10138.png,0.0,0.0,2.0,0.0,0.0,0.0
10142,substation_10142.png,1.0,0.0,0.0,0.0,0.0,0.0
10143,substation_10143.png,9.0,0.0,0.0,0.0,0.0,0.0
10139,substation_10139.png,0.0,0.0,0.0,4.0,0.0,0.0
10146,substation_10146.png,0.0,0.0,0.0,0.0,0.0,0.0
10147,substation_10147.png,2.0,0.0,4.0,0.0,0.0,0.0
10140,substation_10140.png,1.0,0.0,0.0,0.0,0.0,0.0
10141,substation_10141.png,3.0,0.0,0.0,0.0,0.0,0.0
10145,substation_10145.png,1.0,4.0,0.0,0.0,0.0,0.0
10144,substation_10144.png,0.0,0.0,1.0,1.0,0.0,0.0
10148,substation_10148.png,1.0,0.0,0.0,0.0,0.0,0.0
10149,substation_10149.png,8.0,0.0,1.0,0.0,0.0,0.0
10153,substation_10153.png,0.0,0.0,0.0,0.0,0.0,0.0
10154,substation_10154.png,3.0,0.0,7.0,0.0,0.0,0.0
10152,substation_10152.png,0.0,0.0,0.0,0.0,0.0,0.0
10150,substation_10150.png,0.0,0.0,0.0,0.0,0.0,0.0
10151,substation_10151.png,0.0,0.0,0.0,0.0,1.0,0.0
10157,substation_10157.png,0.0,0.0,0.0,0.0,0.0,0.0
10155,substation_10155.png,1.0,0.0,1.0,0.0,0.0,0.0
10158,substation_10158.png,1.0,0.0,0.0,0.0,0.0,0.0
10156,substation_10156.png,1.0,0.0,2.0,0.0,0.0,0.0
10160,substation_10160.png,0.0,1.0,0.0,2.0,0.0,0.0
10161,substation_10161.png,1.0,0.0,0.0,0.0,0.0,0.0
10159,substation_10159.png,3.0,0.0,2.0,0.0,0.0,0.0
10164,substation_10164.png,0.0,0.0,0.0,0.0,0.0,0.0
10162,substation_10162.png,1.0,0.0,0.0,0.0,0.0,0.0
10167,substation_10167.png,1.0,0.0,0.0,0.0,0.0,0.0
10169,substation_10169.png,1.0,0.0,0.0,4.0,0.0,0.0
10165,substation_10165.png,1.0,0.0,0.0,0.0,1.0,0.0
10163,substation_10163.png,0.0,1.0,0.0,0.0,0.0,0.0
10166,substation_10166.png,0.0,0.0,0.0,0.0,0.0,0.0
10168,substation_10168.png,1.0,0.0,0.0,0.0,0.0,0.0
10170,substation_10170.png,1.0,0.0,0.0,1.0,0.0,0.0
10174,substation_10174.png,4.0,0.0,0.0,3.0,0.0,0.0
10172,substation_10172.png,1.0,0.0,0.0,0.0,0.0,0.0
10175,substation_10175.png,2.0,0.0,0.0,0.0,0.0,0.0
10173,substation_10173.png,1.0,0.0,0.0,0.0,0.0,0.0
10179,substation_10179.png,0.0,0.0,0.0,0.0,0.0,0.0
10178,substation_10178.png,0.0,0.0,0.0,0.0,0.0,0.0
10180,substation_10180.png,2.0,2.0,0.0,0.0,0.0,0.0
10171,substation_10171.png,1.0,0.0,1.0,0.0,0.0,0.0
10177,substation_10177.png,3.0,0.0,0.0,0.0,0.0,0.0
10176,substation_10176.png,0.0,0.0,0.0,0.0,0.0,0.0
10187,substation_10187.png,2.0,2.0,0.0,0.0,0.0,0.0
10188,substation_10188.png,0.0,0.0,0.0,0.0,0.0,0.0
10182,substation_10182.png,0.0,0.0,1.0,0.0,0.0,0.0
10183,substation_10183.png,0.0,0.0,0.0,1.0,0.0,0.0
10184,substation_10184.png,0.0,0.0,1.0,0.0,0.0,0.0
10185,substation_10185.png,0.0,0.0,0.0,0.0,0.0,0.0
10181,substation_10181.png,0.0,0.0,0.0,0.0,0.0,0.0
10189,substation_10189.png,0.0,0.0,0.0,0.0,0.0,0.0
10186,substation_10186.png,0.0,0.0,0.0,0.0,0.0,0.0
10191,substation_10191.png,1.0,0.0,2.0,0.0,1.0,0.0
10190,substation_10190.png,1.0,0.0,0.0,0.0,0.0,0.0
10192,substation_10192.png,0.0,0.0,0.0,0.0,0.0,0.0
10193,substation_10193.png,3.0,0.0,0.0,0.0,0.0,0.0
10199,substation_10199.png,0.0,0.0,0.0,0.0,0.0,0.0
10198,substation_10198.png,1.0,0.0,0.0,0.0,0.0,0.0
10195,substation_10195.png,2.0,0.0,0.0,0.0,0.0,0.0
10196,substation_10196.png,0.0,0.0,0.0,0.0,0.0,0.0
10194,substation_10194.png,1.0,0.0,0.0,0.0,0.0,0.0
10201,substation_10201.png,1.0,0.0,0.0,0.0,0.0,0.0
10202,substation_10202.png,0.0,0.0,0.0,0.0,0.0,0.0
10203,substation_10203.png,0.0,0.0,0.0,0.0,0.0,0.0
10197,substation_10197.png,0.0,1.0,0.0,0.0,0.0,0.0
10200,substation_10200.png,0.0,0.0,0.0,0.0,0.0,0.0
10208,substation_10208.png,0.0,0.0,0.0,0.0,1.0,0.0
10207,substation_10207.png,0.0,0.0,0.0,0.0,1.0,0.0
10205,substation_10205.png,2.0,0.0,0.0,0.0,0.0,0.0
10206,substation_10206.png,3.0,0.0,0.0,0.0,0.0,0.0
10209,substation_10209.png,3.0,1.0,0.0,0.0,0.0,0.0
10213,substation_10213.png,0.0,0.0,3.0,0.0,0.0,0.0
10204,substation_10204.png,0.0,0.0,0.0,0.0,0.0,0.0
10214,substation_10214.png,2.0,0.0,0.0,0.0,0.0,0.0
10210,substation_10210.png,0.0,0.0,0.0,0.0,0.0,0.0
10212,substation_10212.png,2.0,0.0,0.0,0.0,0.0,0.0
10215,substation_10215.png,0.0,0.0,1.0,0.0,0.0,0.0
10216,substation_10216.png,1.0,0.0,0.0,0.0,1.0,0.0
10211,substation_10211.png,0.0,0.0,0.0,0.0,0.0,0.0
10218,substation_10218.png,4.0,0.0,0.0,0.0,0.0,0.0
10222,substation_10222.png,0.0,0.0,0.0,0.0,0.0,0.0
10217,substation_10217.png,0.0,0.0,0.0,0.0,0.0,0.0
10220,substation_10220.png,1.0,0.0,7.0,0.0,0.0,0.0
10224,substation_10224.png,2.0,1.0,0.0,0.0,0.0,0.0
10223,substation_10223.png,3.0,0.0,0.0,0.0,0.0,0.0
10225,substation_10225.png,0.0,0.0,0.0,0.0,0.0,0.0
10219,substation_10219.png,0.0,0.0,0.0,0.0,1.0,0.0
10221,substation_10221.png,0.0,0.0,0.0,0.0,0.0,0.0
10226,substation_10226.png,3.0,1.0,0.0,0.0,0.0,0.0
10227,substation_10227.png,3.0,0.0,0.0,0.0,0.0,0.0
10228,substation_10228.png,0.0,0.0,3.0,0.0,0.0,0.0
10232,substation_10232.png,0.0,0.0,0.0,0.0,0.0,0.0
10235,substation_10235.png,2.0,0.0,0.0,0.0,0.0,0.0
10230,substation_10230.png,0.0,0.0,0.0,0.0,1.0,0.0
10231,substation_10231.png,1.0,1.0,0.0,0.0,0.0,0.0
10229,substation_10229.png,3.0,0.0,0.0,0.0,0.0,0.0
10236,substation_10236.png,0.0,0.0,0.0,0.0,1.0,0.0
10237,substation_10237.png,0.0,0.0,1.0,0.0,0.0,0.0
10233,substation_10233.png,0.0,0.0,0.0,0.0,0.0,0.0
10239,substation_10239.png,0.0,0.0,1.0,0.0,0.0,0.0
10234,substation_10234.png,0.0,0.0,0.0,0.0,0.0,0.0
10240,substation_10240.png,0.0,0.0,0.0,0.0,0.0,0.0
10238,substation_10238.png,0.0,0.0,0.0,0.0,1.0,0.0
10243,substation_10243.png,0.0,0.0,8.0,0.0,0.0,0.0
10241,substation_10241.png,3.0,0.0,0.0,0.0,0.0,0.0
10242,substation_10242.png,2.0,0.0,0.0,0.0,1.0,0.0
10244,substation_10244.png,3.0,0.0,4.0,0.0,0.0,0.0
10246,substation_10246.png,0.0,0.0,1.0,0.0,0.0,0.0
10248,substation_10248.png,2.0,0.0,0.0,0.0,0.0,0.0
10245,substation_10245.png,0.0,0.0,0.0,0.0,0.0,0.0
10250,substation_10250.png,0.0,0.0,0.0,0.0,1.0,0.0
10249,substation_10249.png,0.0,0.0,0.0,0.0,1.0,0.0
10251,substation_10251.png,2.0,0.0,9.0,0.0,0.0,0.0
10254,substation_10254.png,0.0,0.0,10.0,0.0,0.0,0.0
10253,substation_10253.png,1.0,0.0,2.0,0.0,0.0,0.0
10255,substation_10255.png,3.0,0.0,2.0,0.0,0.0,0.0
10252,substation_10252.png,0.0,0.0,1.0,0.0,0.0,0.0
10247,substation_10247.png,0.0,0.0,0.0,0.0,0.0,0.0
10257,substation_10257.png,1.0,0.0,0.0,0.0,0.0,0.0
10258,substation_10258.png,0.0,0.0,0.0,0.0,0.0,0.0
10256,substation_10256.png,0.0,0.0,0.0,0.0,0.0,0.0
10264,substation_10264.png,0.0,0.0,0.0,0.0,0.0,0.0
10260,substation_10260.png,2.0,0.0,0.0,0.0,0.0,0.0
10259,substation_10259.png,0.0,0.0,0.0,0.0,0.0,0.0
10263,substation_10263.png,1.0,0.0,0.0,0.0,0.0,0.0
10261,substation_10261.png,2.0,0.0,0.0,0.0,0.0,0.0
10262,substation_10262.png,2.0,0.0,12.0,0.0,0.0,0.0
10266,substation_10266.png,0.0,0.0,0.0,0.0,0.0,0.0
10265,substation_10265.png,0.0,0.0,0.0,0.0,0.0,0.0
10267,substation_10267.png,0.0,0.0,0.0,0.0,0.0,0.0
10268,substation_10268.png,1.0,0.0,0.0,0.0,0.0,0.0
10269,substation_10269.png,0.0,0.0,0.0,0.0,0.0,0.0
10271,substation_10271.png,0.0,0.0,0.0,0.0,1.0,0.0
10272,substation_10272.png,0.0,0.0,0.0,0.0,1.0,0.0
10270,substation_10270.png,1.0,0.0,0.0,0.0,0.0,0.0
10273,substation_10273.png,1.0,0.0,0.0,1.0,0.0,0.0
10274,substation_10274.png,0.0,0.0,0.0,0.0,0.0,0.0
10276,substation_10276.png,2.0,0.0,0.0,0.0,0.0,0.0
10275,substation_10275.png,0.0,0.0,0.0,3.0,0.0,0.0
10278,substation_10278.png,2.0,0.0,1.0,0.0,0.0,0.0
10277,substation_10277.png,1.0,0.0,0.0,0.0,0.0,0.0
10281,substation_10281.png,0.0,0.0,0.0,0.0,0.0,0.0
10280,substation_10280.png,1.0,0.0,0.0,0.0,0.0,0.0
10288,substation_10288.png,0.0,0.0,0.0,0.0,0.0,0.0
10279,substation_10279.png,0.0,0.0,0.0,1.0,0.0,0.0
10284,substation_10284.png,3.0,0.0,0.0,0.0,0.0,0.0
10283,substation_10283.png,0.0,0.0,0.0,0.0,1.0,0.0
10289,substation_10289.png,4.0,0.0,0.0,1.0,0.0,0.0
10287,substation_10287.png,1.0,0.0,0.0,0.0,0.0,0.0
10286,substation_10286.png,0.0,0.0,0.0,1.0,1.0,0.0
10282,substation_10282.png,0.0,0.0,1.0,0.0,0.0,0.0
10290,substation_10290.png,0.0,0.0,1.0,0.0,0.0,0.0
10291,substation_10291.png,0.0,0.0,0.0,1.0,1.0,0.0
10285,substation_10285.png,0.0,0.0,0.0,1.0,0.0,0.0
10294,substation_10294.png,0.0,0.0,0.0,0.0,1.0,0.0
10296,substation_10296.png,0.0,0.0,0.0,0.0,0.0,0.0
10292,substation_10292.png,0.0,0.0,0.0,0.0,1.0,0.0
10293,substation_10293.png,0.0,0.0,0.0,1.0,0.0,0.0
10297,substation_10297.png,0.0,0.0,0.0,0.0,0.0,0.0
10295,substation_10295.png,0.0,0.0,0.0,0.0,0.0,0.0
10300,substation_10300.png,0.0,0.0,0.0,0.0,1.0,0.0
10299,substation_10299.png,2.0,0.0,0.0,0.0,1.0,0.0
10298,substation_10298.png,2.0,0.0,0.0,0.0,0.0,0.0
10303,substation_10303.png,4.0,0.0,0.0,0.0,0.0,0.0
10302,substation_10302.png,0.0,0.0,0.0,0.0,0.0,0.0
10307,substation_10307.png,0.0,0.0,0.0,0.0,0.0,0.0
10304,substation_10304.png,0.0,0.0,0.0,0.0,0.0,0.0
10301,substation_10301.png,0.0,0.0,0.0,0.0,0.0,0.0
10306,substation_10306.png,1.0,0.0,0.0,0.0,0.0,0.0
10310,substation_10310.png,0.0,0.0,0.0,0.0,0.0,0.0
10309,substation_10309.png,0.0,0.0,3.0,0.0,0.0,0.0
10308,substation_10308.png,4.0,0.0,0.0,0.0,1.0,0.0
10305,substation_10305.png,0.0,0.0,0.0,0.0,0.0,0.0
10311,substation_10311.png,0.0,0.0,0.0,3.0,0.0,0.0
10314,substation_10314.png,0.0,0.0,0.0,0.0,1.0,0.0
10313,substation_10313.png,0.0,0.0,0.0,0.0,1.0,0.0
10312,substation_10312.png,2.0,0.0,0.0,0.0,1.0,0.0
10316,substation_10316.png,1.0,0.0,0.0,0.0,0.0,0.0
10319,substation_10319.png,0.0,0.0,0.0,0.0,0.0,0.0
10320,substation_10320.png,0.0,0.0,0.0,0.0,0.0,0.0
10321,substation_10321.png,2.0,0.0,0.0,0.0,0.0,0.0
10315,substation_10315.png,2.0,0.0,0.0,0.0,0.0,0.0
10324,substation_10324.png,0.0,0.0,0.0,0.0,0.0,0.0
10318,substation_10318.png,0.0,0.0,0.0,0.0,0.0,0.0
10323,substation_10323.png,2.0,0.0,1.0,0.0,0.0,0.0
10322,substation_10322.png,2.0,0.0,1.0,0.0,0.0,0.0
10327,substation_10327.png,0.0,0.0,0.0,0.0,0.0,0.0
10325,substation_10325.png,0.0,0.0,0.0,0.0,0.0,0.0
10317,substation_10317.png,0.0,0.0,0.0,0.0,1.0,0.0
10330,substation_10330.png,2.0,0.0,0.0,0.0,0.0,0.0
10331,substation_10331.png,0.0,0.0,1.0,0.0,0.0,0.0
10334,substation_10334.png,0.0,0.0,0.0,0.0,1.0,0.0
10332,substation_10332.png,0.0,0.0,0.0,0.0,0.0,0.0
10333,substation_10333.png,1.0,0.0,0.0,0.0,0.0,0.0
10337,substation_10337.png,0.0,0.0,0.0,0.0,0.0,0.0
10326,substation_10326.png,0.0,0.0,0.0,0.0,0.0,0.0
10335,substation_10335.png,0.0,0.0,0.0,0.0,1.0,0.0
10328,substation_10328.png,0.0,0.0,0.0,0.0,0.0,0.0
10338,substation_10338.png,0.0,0.0,0.0,0.0,0.0,0.0
10339,substation_10339.png,0.0,0.0,0.0,0.0,0.0,0.0
10336,substation_10336.png,0.0,0.0,0.0,0.0,0.0,0.0
10342,substation_10342.png,0.0,0.0,0.0,0.0,0.0,0.0
10329,substation_10329.png,0.0,0.0,0.0,0.0,0.0,0.0
10340,substation_10340.png,0.0,0.0,0.0,0.0,0.0,0.0
10345,substation_10345.png,2.0,0.0,0.0,0.0,0.0,0.0
10341,substation_10341.png,0.0,0.0,0.0,0.0,0.0,0.0
10346,substation_10346.png,1.0,0.0,1.0,0.0,0.0,0.0
10347,substation_10347.png,2.0,0.0,0.0,0.0,0.0,0.0
10344,substation_10344.png,1.0,0.0,0.0,0.0,1.0,0.0
10348,substation_10348.png,3.0,1.0,0.0,0.0,0.0,0.0
10343,substation_10343.png,0.0,0.0,0.0,0.0,0.0,0.0
10350,substation_10350.png,2.0,0.0,1.0,0.0,0.0,0.0
10352,substation_10352.png,0.0,0.0,0.0,0.0,0.0,0.0
10351,substation_10351.png,1.0,0.0,0.0,0.0,0.0,0.0
10349,substation_10349.png,0.0,0.0,0.0,0.0,0.0,0.0
10356,substation_10356.png,0.0,0.0,0.0,0.0,0.0,0.0
10353,substation_10353.png,3.0,0.0,2.0,0.0,0.0,0.0
10355,substation_10355.png,0.0,0.0,0.0,0.0,0.0,0.0
10358,substation_10358.png,0.0,0.0,0.0,1.0,1.0,0.0
10360,substation_10360.png,0.0,0.0,0.0,0.0,1.0,0.0
10359,substation_10359.png,2.0,0.0,0.0,1.0,0.0,0.0
10357,substation_10357.png,0.0,0.0,0.0,1.0,0.0,0.0
10362,substation_10362.png,1.0,1.0,0.0,0.0,0.0,0.0
10354,substation_10354.png,0.0,0.0,0.0,2.0,1.0,0.0
10361,substation_10361.png,0.0,0.0,0.0,1.0,0.0,0.0
10363,substation_10363.png,0.0,0.0,0.0,0.0,1.0,0.0
10364,substation_10364.png,1.0,0.0,0.0,1.0,0.0,0.0
10368,substation_10368.png,1.0,0.0,0.0,1.0,0.0,0.0
10370,substation_10370.png,0.0,0.0,0.0,0.0,0.0,0.0
10371,substation_10371.png,0.0,0.0,0.0,0.0,0.0,0.0
10369,substation_10369.png,0.0,0.0,0.0,0.0,1.0,0.0
10365,substation_10365.png,0.0,1.0,0.0,0.0,0.0,0.0
10367,substation_10367.png,1.0,0.0,0.0,0.0,1.0,0.0
10373,substation_10373.png,0.0,0.0,0.0,0.0,1.0,0.0
10366,substation_10366.png,1.0,0.0,0.0,0.0,0.0,0.0
10372,substation_10372.png,1.0,0.0,0.0,0.0,0.0,0.0
10375,substation_10375.png,0.0,0.0,0.0,0.0,0.0,0.0
10380,substation_10380.png,0.0,0.0,0.0,0.0,0.0,0.0
10376,substation_10376.png,0.0,0.0,0.0,5.0,0.0,0.0
10374,substation_10374.png,0.0,0.0,0.0,0.0,0.0,0.0
10377,substation_10377.png,0.0,3.0,0.0,3.0,1.0,0.0
10379,substation_10379.png,1.0,0.0,0.0,0.0,1.0,0.0
10383,substation_10383.png,1.0,0.0,0.0,0.0,1.0,0.0
10385,substation_10385.png,1.0,0.0,0.0,0.0,1.0,0.0
10381,substation_10381.png,0.0,0.0,0.0,2.0,0.0,0.0
10378,substation_10378.png,1.0,0.0,0.0,0.0,0.0,0.0
10382,substation_10382.png,0.0,0.0,0.0,0.0,0.0,0.0
10389,substation_10389.png,3.0,0.0,0.0,0.0,0.0,0.0
10388,substation_10388.png,0.0,0.0,0.0,0.0,1.0,0.0
10387,substation_10387.png,1.0,0.0,0.0,0.0,0.0,0.0
10384,substation_10384.png,0.0,0.0,0.0,0.0,0.0,0.0
10386,substation_10386.png,3.0,0.0,3.0,0.0,0.0,0.0
10393,substation_10393.png,1.0,0.0,2.0,0.0,0.0,0.0
10394,substation_10394.png,0.0,0.0,1.0,0.0,0.0,0.0
10390,substation_10390.png,2.0,0.0,0.0,0.0,0.0,0.0
10392,substation_10392.png,0.0,0.0,0.0,0.0,0.0,0.0
10397,substation_10397.png,0.0,0.0,3.0,0.0,0.0,0.0
10391,substation_10391.png,0.0,0.0,0.0,0.0,0.0,0.0
10395,substation_10395.png,1.0,0.0,1.0,1.0,0.0,0.0
10396,substation_10396.png,0.0,0.0,2.0,0.0,0.0,0.0
10400,substation_10400.png,1.0,0.0,2.0,2.0,1.0,0.0
10399,substation_10399.png,1.0,0.0,0.0,0.0,0.0,0.0
10402,substation_10402.png,0.0,0.0,1.0,0.0,1.0,0.0
10398,substation_10398.png,0.0,0.0,0.0,0.0,1.0,0.0
10401,substation_10401.png,0.0,0.0,0.0,0.0,1.0,0.0
10404,substation_10404.png,2.0,0.0,0.0,0.0,0.0,0.0
10407,substation_10407.png,0.0,0.0,0.0,0.0,1.0,0.0
10405,substation_10405.png,1.0,0.0,0.0,0.0,0.0,0.0
10408,substation_10408.png,4.0,0.0,0.0,0.0,1.0,0.0
10406,substation_10406.png,0.0,0.0,0.0,0.0,1.0,0.0
10411,substation_10411.png,4.0,0.0,0.0,0.0,1.0,0.0
10410,substation_10410.png,1.0,0.0,0.0,0.0,0.0,0.0
10403,substation_10403.png,1.0,0.0,0.0,1.0,0.0,0.0
10409,substation_10409.png,5.0,0.0,0.0,1.0,0.0,0.0
10412,substation_10412.png,1.0,0.0,1.0,0.0,0.0,0.0
10413,substation_10413.png,0.0,0.0,0.0,0.0,0.0,0.0
10414,substation_10414.png,0.0,0.0,1.0,0.0,0.0,0.0
10415,substation_10415.png,0.0,0.0,0.0,0.0,0.0,0.0
10416,substation_10416.png,1.0,0.0,0.0,1.0,0.0,0.0
10417,substation_10417.png,0.0,0.0,0.0,0.0,0.0,0.0
10418,substation_10418.png,0.0,0.0,3.0,0.0,0.0,0.0
10419,substation_10419.png,0.0,0.0,0.0,0.0,1.0,0.0
10420,substation_10420.png,1.0,0.0,0.0,0.0,0.0,0.0
10421,substation_10421.png,2.0,0.0,0.0,0.0,0.0,0.0
10422,substation_10422.png,0.0,0.0,0.0,1.0,0.0,0.0
10423,substation_10423.png,3.0,3.0,0.0,0.0,0.0,0.0
10426,substation_10426.png,2.0,0.0,0.0,0.0,0.0,0.0
10424,substation_10424.png,0.0,1.0,1.0,0.0,0.0,0.0
10425,substation_10425.png,2.0,0.0,1.0,0.0,0.0,0.0
10427,substation_10427.png,0.0,0.0,0.0,0.0,1.0,0.0
10428,substation_10428.png,6.0,0.0,0.0,0.0,0.0,0.0
10430,substation_10430.png,2.0,0.0,0.0,1.0,0.0,0.0
10431,substation_10431.png,1.0,0.0,0.0,1.0,0.0,0.0
10429,substation_10429.png,1.0,0.0,1.0,0.0,0.0,0.0
10433,substation_10433.png,1.0,0.0,0.0,0.0,1.0,0.0
10435,substation_10435.png,1.0,0.0,0.0,0.0,0.0,0.0
10432,substation_10432.png,1.0,0.0,0.0,0.0,0.0,0.0
10434,substation_10434.png,1.0,0.0,0.0,0.0,1.0,0.0
10436,substation_10436.png,0.0,0.0,0.0,0.0,1.0,0.0
10437,substation_10437.png,0.0,0.0,0.0,0.0,0.0,0.0
10439,substation_10439.png,0.0,0.0,0.0,0.0,2.0,0.0
10438,substation_10438.png,0.0,0.0,0.0,0.0,0.0,0.0
10442,substation_10442.png,0.0,0.0,0.0,0.0,0.0,0.0
10441,substation_10441.png,1.0,0.0,0.0,0.0,0.0,0.0
10446,substation_10446.png,0.0,1.0,0.0,0.0,0.0,0.0
10440,substation_10440.png,3.0,0.0,0.0,0.0,0.0,0.0
10444,substation_10444.png,0.0,0.0,0.0,0.0,0.0,0.0
10445,substation_10445.png,2.0,0.0,1.0,0.0,0.0,0.0
10448,substation_10448.png,0.0,0.0,0.0,0.0,0.0,0.0
10447,substation_10447.png,0.0,0.0,0.0,0.0,0.0,0.0
10443,substation_10443.png,0.0,0.0,0.0,1.0,0.0,0.0
10452,substation_10452.png,0.0,0.0,0.0,0.0,0.0,0.0
10451,substation_10451.png,3.0,0.0,0.0,0.0,0.0,0.0
10453,substation_10453.png,0.0,0.0,1.0,0.0,0.0,0.0
10449,substation_10449.png,0.0,0.0,0.0,0.0,0.0,0.0
10454,substation_10454.png,1.0,0.0,0.0,0.0,0.0,0.0
10450,substation_10450.png,2.0,0.0,0.0,0.0,0.0,0.0
10455,substation_10455.png,1.0,0.0,0.0,0.0,0.0,0.0
10456,substation_10456.png,0.0,0.0,0.0,0.0,1.0,0.0
10457,substation_10457.png,3.0,2.0,0.0,0.0,0.0,0.0
10458,substation_10458.png,0.0,0.0,0.0,0.0,1.0,0.0
10461,substation_10461.png,0.0,0.0,0.0,0.0,0.0,0.0
10460,substation_10460.png,0.0,0.0,0.0,0.0,0.0,0.0
10459,substation_10459.png,0.0,0.0,0.0,0.0,0.0,0.0
10463,substation_10463.png,0.0,0.0,1.0,0.0,0.0,0.0
10462,substation_10462.png,1.0,0.0,0.0,0.0,0.0,0.0
10466,substation_10466.png,0.0,0.0,0.0,0.0,1.0,0.0
10465,substation_10465.png,3.0,0.0,0.0,0.0,0.0,0.0
10469,substation_10469.png,0.0,0.0,0.0,0.0,0.0,0.0
10464,substation_10464.png,1.0,0.0,1.0,0.0,0.0,0.0
10468,substation_10468.png,1.0,0.0,0.0,0.0,0.0,0.0
10474,substation_10474.png,1.0,0.0,0.0,0.0,0.0,0.0
10467,substation_10467.png,0.0,0.0,1.0,0.0,0.0,0.0
10470,substation_10470.png,2.0,0.0,0.0,0.0,1.0,0.0
10472,substation_10472.png,2.0,0.0,0.0,0.0,0.0,0.0
10475,substation_10475.png,0.0,0.0,0.0,0.0,2.0,0.0
10473,substation_10473.png,1.0,0.0,0.0,0.0,0.0,0.0
10471,substation_10471.png,0.0,0.0,0.0,1.0,0.0,0.0
10476,substation_10476.png,0.0,0.0,0.0,0.0,0.0,0.0
10477,substation_10477.png,0.0,0.0,0.0,0.0,0.0,0.0
10480,substation_10480.png,0.0,0.0,0.0,0.0,0.0,0.0
10478,substation_10478.png,2.0,0.0,0.0,0.0,1.0,0.0
10482,substation_10482.png,1.0,0.0,0.0,0.0,0.0,0.0
10483,substation_10483.png,0.0,0.0,0.0,0.0,0.0,0.0
10481,substation_10481.png,1.0,0.0,0.0,2.0,0.0,0.0
10485,substation_10485.png,1.0,0.0,0.0,1.0,0.0,0.0
10486,substation_10486.png,0.0,0.0,0.0,0.0,0.0,0.0
10489,substation_10489.png,2.0,1.0,0.0,0.0,0.0,0.0
10484,substation_10484.png,0.0,0.0,0.0,0.0,0.0,0.0
10479,substation_10479.png,0.0,0.0,0.0,0.0,0.0,0.0
10488,substation_10488.png,0.0,0.0,0.0,2.0,0.0,0.0
10491,substation_10491.png,3.0,0.0,0.0,0.0,0.0,0.0
10487,substation_10487.png,0.0,0.0,2.0,0.0,0.0,0.0
10490,substation_10490.png,1.0,0.0,0.0,0.0,0.0,0.0
10494,substation_10494.png,0.0,0.0,0.0,0.0,0.0,0.0
10492,substation_10492.png,1.0,0.0,11.0,0.0,0.0,0.0
10496,substation_10496.png,1.0,0.0,0.0,0.0,0.0,0.0
10495,substation_10495.png,0.0,0.0,0.0,0.0,0.0,0.0
10493,substation_10493.png,1.0,0.0,0.0,0.0,1.0,0.0
10498,substation_10498.png,0.0,0.0,0.0,0.0,1.0,0.0
10499,substation_10499.png,0.0,0.0,0.0,0.0,0.0,0.0
10497,substation_10497.png,3.0,0.0,3.0,0.0,0.0,0.0
10500,substation_10500.png,0.0,0.0,0.0,0.0,0.0,0.0
10501,substation_10501.png,2.0,0.0,0.0,0.0,0.0,0.0
10502,substation_10502.png,0.0,0.0,0.0,0.0,0.0,0.0
10506,substation_10506.png,0.0,0.0,0.0,0.0,0.0,0.0
10508,substation_10508.png,4.0,0.0,0.0,0.0,0.0,0.0
10505,substation_10505.png,0.0,0.0,0.0,0.0,0.0,0.0
10511,substation_10511.png,0.0,0.0,0.0,1.0,0.0,0.0
10503,substation_10503.png,0.0,0.0,0.0,0.0,0.0,0.0
10504,substation_10504.png,1.0,1.0,0.0,0.0,1.0,0.0
10509,substation_10509.png,1.0,0.0,0.0,0.0,0.0,0.0
10507,substation_10507.png,0.0,0.0,0.0,0.0,0.0,0.0
10513,substation_10513.png,1.0,0.0,0.0,3.0,0.0,0.0
10512,substation_10512.png,0.0,0.0,0.0,0.0,0.0,0.0
10510,substation_10510.png,0.0,0.0,0.0,0.0,0.0,0.0
10516,substation_10516.png,0.0,0.0,0.0,1.0,0.0,0.0
10519,substation_10519.png,0.0,0.0,0.0,0.0,0.0,0.0
10515,substation_10515.png,0.0,1.0,2.0,0.0,0.0,0.0
10514,substation_10514.png,0.0,0.0,0.0,1.0,1.0,0.0
10524,substation_10524.png,0.0,0.0,0.0,0.0,0.0,0.0
10518,substation_10518.png,0.0,0.0,0.0,0.0,0.0,0.0
10517,substation_10517.png,1.0,0.0,0.0,0.0,0.0,0.0
10521,substation_10521.png,1.0,0.0,0.0,1.0,0.0,0.0
10523,substation_10523.png,0.0,0.0,0.0,0.0,0.0,0.0
10528,substation_10528.png,2.0,0.0,0.0,0.0,0.0,0.0
10529,substation_10529.png,1.0,0.0,0.0,0.0,0.0,0.0
10527,substation_10527.png,2.0,0.0,0.0,0.0,1.0,0.0
10526,substation_10526.png,1.0,0.0,1.0,0.0,0.0,0.0
10520,substation_10520.png,0.0,0.0,0.0,0.0,1.0,0.0
10522,substation_10522.png,0.0,0.0,0.0,0.0,0.0,1.0
10525,substation_10525.png,1.0,0.0,0.0,0.0,0.0,0.0
10531,substation_10531.png,0.0,0.0,0.0,0.0,0.0,0.0
10537,substation_10537.png,0.0,2.0,0.0,1.0,0.0,0.0
10532,substation_10532.png,0.0,0.0,0.0,0.0,0.0,0.0
10530,substation_10530.png,5.0,0.0,8.0,0.0,0.0,0.0
10534,substation_10534.png,0.0,0.0,0.0,0.0,0.0,0.0
10533,substation_10533.png,0.0,0.0,0.0,0.0,0.0,0.0
10535,substation_10535.png,0.0,0.0,0.0,0.0,0.0,0.0
10539,substation_10539.png,0.0,0.0,5.0,0.0,0.0,0.0
10536,substation_10536.png,0.0,0.0,0.0,0.0,0.0,0.0
10538,substation_10538.png,0.0,0.0,0.0,0.0,1.0,0.0
10540,substation_10540.png,0.0,0.0,0.0,0.0,1.0,0.0
10544,substation_10544.png,2.0,0.0,0.0,0.0,0.0,0.0
10541,substation_10541.png,0.0,0.0,0.0,0.0,0.0,0.0
10547,substation_10547.png,0.0,0.0,0.0,0.0,0.0,0.0
10542,substation_10542.png,0.0,0.0,1.0,0.0,0.0,0.0
10550,substation_10550.png,0.0,0.0,0.0,0.0,0.0,0.0
10552,substation_10552.png,3.0,0.0,1.0,0.0,0.0,0.0
10546,substation_10546.png,3.0,0.0,0.0,0.0,0.0,0.0
10545,substation_10545.png,0.0,0.0,5.0,0.0,0.0,0.0
10543,substation_10543.png,1.0,0.0,0.0,0.0,0.0,0.0
10549,substation_10549.png,0.0,0.0,0.0,0.0,1.0,0.0
10548,substation_10548.png,6.0,0.0,0.0,0.0,1.0,0.0
10551,substation_10551.png,0.0,0.0,0.0,0.0,0.0,0.0
10553,substation_10553.png,1.0,0.0,0.0,0.0,0.0,0.0
10556,substation_10556.png,0.0,0.0,0.0,0.0,0.0,0.0
10554,substation_10554.png,0.0,0.0,0.0,0.0,1.0,0.0
10558,substation_10558.png,0.0,0.0,0.0,0.0,0.0,0.0
10555,substation_10555.png,0.0,0.0,0.0,0.0,0.0,0.0
10562,substation_10562.png,2.0,0.0,0.0,0.0,1.0,0.0
10560,substation_10560.png,0.0,0.0,0.0,0.0,0.0,0.0
10563,substation_10563.png,0.0,0.0,0.0,0.0,0.0,0.0
10561,substation_10561.png,0.0,0.0,0.0,0.0,0.0,0.0
10559,substation_10559.png,0.0,0.0,0.0,1.0,1.0,0.0
10557,substation_10557.png,1.0,0.0,0.0,0.0,0.0,0.0
10564,substation_10564.png,0.0,0.0,2.0,0.0,0.0,0.0
10567,substation_10567.png,1.0,0.0,1.0,0.0,0.0,0.0
10566,substation_10566.png,1.0,0.0,1.0,0.0,0.0,0.0
10571,substation_10571.png,0.0,0.0,0.0,0.0,0.0,0.0
10568,substation_10568.png,0.0,0.0,0.0,2.0,0.0,0.0
10570,substation_10570.png,0.0,0.0,0.0,1.0,0.0,0.0
10572,substation_10572.png,1.0,0.0,0.0,0.0,0.0,0.0
10569,substation_10569.png,2.0,1.0,0.0,0.0,0.0,0.0
10573,substation_10573.png,0.0,0.0,0.0,0.0,0.0,0.0
10565,substation_10565.png,4.0,0.0,0.0,0.0,0.0,0.0
10576,substation_10576.png,0.0,0.0,0.0,0.0,0.0,0.0
10575,substation_10575.png,2.0,0.0,0.0,0.0,0.0,0.0
10578,substation_10578.png,1.0,0.0,0.0,0.0,0.0,0.0
10577,substation_10577.png,4.0,0.0,0.0,0.0,0.0,0.0
10580,substation_10580.png,3.0,1.0,0.0,0.0,0.0,0.0
10582,substation_10582.png,1.0,0.0,0.0,0.0,2.0,0.0
10574,substation_10574.png,0.0,0.0,0.0,0.0,0.0,0.0
10579,substation_10579.png,0.0,0.0,0.0,0.0,0.0,0.0
10584,substation_10584.png,0.0,0.0,0.0,0.0,0.0,0.0
10581,substation_10581.png,3.0,0.0,1.0,0.0,0.0,0.0
10585,substation_10585.png,0.0,0.0,0.0,0.0,0.0,0.0
10583,substation_10583.png,0.0,0.0,1.0,0.0,0.0,0.0
10586,substation_10586.png,0.0,0.0,0.0,0.0,0.0,0.0
10589,substation_10589.png,0.0,0.0,0.0,0.0,0.0,0.0
10590,substation_10590.png,0.0,1.0,0.0,0.0,1.0,0.0
10587,substation_10587.png,0.0,0.0,1.0,0.0,1.0,0.0
10592,substation_10592.png,1.0,0.0,3.0,0.0,0.0,0.0
10588,substation_10588.png,1.0,0.0,0.0,0.0,1.0,0.0
10591,substation_10591.png,0.0,0.0,3.0,1.0,0.0,0.0
10593,substation_10593.png,2.0,0.0,0.0,0.0,0.0,0.0
10598,substation_10598.png,0.0,0.0,4.0,0.0,1.0,0.0
10594,substation_10594.png,1.0,0.0,3.0,0.0,0.0,0.0
10596,substation_10596.png,1.0,0.0,0.0,0.0,0.0,0.0
10595,substation_10595.png,0.0,0.0,2.0,3.0,0.0,0.0
10597,substation_10597.png,1.0,0.0,0.0,1.0,0.0,0.0
10600,substation_10600.png,1.0,0.0,0.0,1.0,1.0,0.0
10601,substation_10601.png,3.0,0.0,0.0,0.0,0.0,0.0
10604,substation_10604.png,3.0,0.0,8.0,0.0,0.0,0.0
10602,substation_10602.png,0.0,0.0,1.0,0.0,1.0,0.0
10603,substation_10603.png,0.0,0.0,0.0,0.0,0.0,0.0
10605,substation_10605.png,2.0,0.0,0.0,1.0,0.0,0.0
10599,substation_10599.png,1.0,0.0,0.0,1.0,0.0,0.0
10607,substation_10607.png,1.0,0.0,0.0,0.0,0.0,0.0
10610,substation_10610.png,1.0,0.0,4.0,0.0,0.0,0.0
10613,substation_10613.png,5.0,0.0,0.0,0.0,0.0,0.0
10608,substation_10608.png,1.0,0.0,0.0,0.0,0.0,0.0
10612,substation_10612.png,4.0,0.0,3.0,0.0,0.0,0.0
10609,substation_10609.png,0.0,0.0,0.0,0.0,0.0,0.0
10611,substation_10611.png,4.0,0.0,0.0,2.0,0.0,0.0
10606,substation_10606.png,1.0,0.0,0.0,0.0,0.0,0.0
10616,substation_10616.png,0.0,0.0,0.0,1.0,0.0,0.0
10617,substation_10617.png,3.0,0.0,1.0,0.0,0.0,0.0
10614,substation_10614.png,2.0,0.0,0.0,0.0,0.0,0.0
10615,substation_10615.png,4.0,0.0,0.0,0.0,0.0,0.0
10619,substation_10619.png,0.0,0.0,0.0,2.0,1.0,0.0
10618,substation_10618.png,0.0,0.0,0.0,0.0,1.0,0.0
10622,substation_10622.png,0.0,0.0,0.0,0.0,1.0,0.0
10624,substation_10624.png,1.0,0.0,0.0,0.0,0.0,0.0
10620,substation_10620.png,1.0,0.0,0.0,0.0,0.0,0.0
10626,substation_10626.png,0.0,0.0,1.0,0.0,0.0,0.0
10621,substation_10621.png,0.0,0.0,8.0,0.0,0.0,0.0
10625,substation_10625.png,0.0,0.0,0.0,0.0,2.0,0.0
10623,substation_10623.png,4.0,0.0,0.0,0.0,0.0,0.0
10627,substation_10627.png,0.0,0.0,0.0,0.0,0.0,1.0
10629,substation_10629.png,0.0,0.0,0.0,0.0,0.0,0.0
10628,substation_10628.png,0.0,0.0,0.0,0.0,0.0,0.0
10635,substation_10635.png,0.0,0.0,4.0,0.0,0.0,0.0
10632,substation_10632.png,0.0,0.0,0.0,0.0,0.0,0.0
10630,substation_10630.png,0.0,0.0,0.0,0.0,0.0,0.0
10634,substation_10634.png,2.0,0.0,1.0,0.0,0.0,0.0
10633,substation_10633.png,0.0,0.0,0.0,1.0,0.0,0.0
10636,substation_10636.png,0.0,0.0,4.0,0.0,0.0,0.0
10631,substation_10631.png,0.0,0.0,0.0,0.0,1.0,0.0
10639,substation_10639.png,1.0,0.0,0.0,0.0,0.0,0.0
10640,substation_10640.png,0.0,0.0,0.0,0.0,0.0,0.0
10637,substation_10637.png,1.0,0.0,0.0,0.0,0.0,0.0
10641,substation_10641.png,1.0,0.0,0.0,0.0,0.0,0.0
10638,substation_10638.png,0.0,0.0,0.0,0.0,0.0,0.0
10642,substation_10642.png,5.0,0.0,7.0,0.0,0.0,0.0
10646,substation_10646.png,0.0,0.0,0.0,0.0,0.0,0.0
10644,substation_10644.png,1.0,0.0,0.0,0.0,1.0,0.0
10643,substation_10643.png,0.0,0.0,0.0,1.0,0.0,0.0
10649,substation_10649.png,0.0,0.0,1.0,0.0,0.0,0.0
10645,substation_10645.png,0.0,0.0,0.0,0.0,0.0,0.0
10650,substation_10650.png,0.0,0.0,0.0,0.0,0.0,0.0
10648,substation_10648.png,0.0,0.0,1.0,0.0,0.0,0.0
10647,substation_10647.png,2.0,0.0,0.0,0.0,0.0,0.0
10651,substation_10651.png,1.0,0.0,0.0,0.0,0.0,0.0
10656,substation_10656.png,3.0,0.0,2.0,1.0,0.0,0.0
10652,substation_10652.png,0.0,0.0,0.0,0.0,0.0,0.0
10653,substation_10653.png,0.0,0.0,2.0,0.0,0.0,0.0
10660,substation_10660.png,0.0,0.0,0.0,0.0,1.0,0.0
10654,substation_10654.png,0.0,0.0,0.0,0.0,0.0,0.0
10657,substation_10657.png,0.0,0.0,2.0,0.0,0.0,0.0
10659,substation_10659.png,0.0,0.0,0.0,0.0,0.0,0.0
10655,substation_10655.png,0.0,0.0,0.0,1.0,0.0,0.0
10663,substation_10663.png,0.0,0.0,0.0,1.0,0.0,0.0
10664,substation_10664.png,1.0,0.0,0.0,0.0,2.0,0.0
10658,substation_10658.png,1.0,0.0,3.0,0.0,0.0,0.0
10662,substation_10662.png,0.0,0.0,0.0,0.0,0.0,0.0
10669,substation_10669.png,2.0,0.0,0.0,2.0,0.0,0.0
10667,substation_10667.png,1.0,0.0,5.0,0.0,0.0,0.0
10672,substation_10672.png,0.0,0.0,7.0,0.0,0.0,0.0
10670,substation_10670.png,0.0,0.0,0.0,0.0,0.0,0.0
10665,substation_10665.png,0.0,0.0,0.0,3.0,0.0,0.0
10671,substation_10671.png,2.0,0.0,0.0,0.0,0.0,0.0
10674,substation_10674.png,1.0,0.0,0.0,0.0,1.0,0.0
10666,substation_10666.png,0.0,0.0,3.0,1.0,0.0,0.0
10679,substation_10679.png,0.0,0.0,0.0,0.0,0.0,0.0
10673,substation_10673.png,0.0,0.0,0.0,2.0,1.0,0.0
10680,substation_10680.png,5.0,0.0,0.0,0.0,0.0,0.0
10676,substation_10676.png,1.0,0.0,6.0,0.0,0.0,0.0
10677,substation_10677.png,2.0,0.0,0.0,0.0,0.0,0.0
10682,substation_10682.png,0.0,0.0,0.0,0.0,0.0,0.0
10678,substation_10678.png,2.0,0.0,8.0,0.0,0.0,0.0
10675,substation_10675.png,1.0,0.0,0.0,0.0,0.0,0.0
10684,substation_10684.png,0.0,0.0,0.0,0.0,0.0,0.0
10685,substation_10685.png,1.0,0.0,0.0,0.0,0.0,0.0
10686,substation_10686.png,0.0,0.0,0.0,0.0,0.0,0.0
10683,substation_10683.png,1.0,0.0,1.0,0.0,0.0,0.0
10681,substation_10681.png,5.0,0.0,0.0,0.0,0.0,0.0
10687,substation_10687.png,0.0,0.0,0.0,0.0,0.0,0.0
10690,substation_10690.png,2.0,0.0,0.0,0.0,0.0,0.0
10689,substation_10689.png,0.0,0.0,0.0,1.0,0.0,0.0
10688,substation_10688.png,0.0,0.0,0.0,0.0,1.0,0.0
10691,substation_10691.png,0.0,0.0,0.0,0.0,1.0,0.0
10692,substation_10692.png,2.0,0.0,1.0,0.0,0.0,0.0
10693,substation_10693.png,0.0,0.0,0.0,0.0,0.0,0.0
10695,substation_10695.png,0.0,0.0,0.0,0.0,0.0,0.0
10701,substation_10701.png,5.0,0.0,0.0,1.0,0.0,0.0
10694,substation_10694.png,1.0,0.0,0.0,1.0,0.0,0.0
10696,substation_10696.png,0.0,0.0,0.0,0.0,1.0,0.0
10698,substation_10698.png,1.0,0.0,0.0,0.0,0.0,0.0
10699,substation_10699.png,0.0,0.0,0.0,0.0,0.0,0.0
10700,substation_10700.png,0.0,0.0,0.0,0.0,1.0,0.0
10703,substation_10703.png,1.0,0.0,0.0,0.0,0.0,0.0
10697,substation_10697.png,0.0,0.0,0.0,1.0,0.0,0.0
10702,substation_10702.png,3.0,0.0,0.0,0.0,0.0,0.0
10704,substation_10704.png,0.0,0.0,0.0,0.0,0.0,0.0
10705,substation_10705.png,0.0,0.0,0.0,1.0,2.0,0.0
10706,substation_10706.png,4.0,0.0,1.0,0.0,0.0,0.0
10709,substation_10709.png,0.0,0.0,2.0,0.0,0.0,0.0
10710,substation_10710.png,3.0,0.0,1.0,0.0,0.0,0.0
10713,substation_10713.png,1.0,1.0,12.0,1.0,0.0,0.0
10712,substation_10712.png,1.0,0.0,0.0,0.0,0.0,0.0
10668,substation_10668.png,0.0,0.0,0.0,0.0,1.0,0.0
10661,substation_10661.png,0.0,0.0,0.0,0.0,1.0,0.0
10714,substation_10714.png,1.0,0.0,0.0,0.0,0.0,0.0
10708,substation_10708.png,0.0,1.0,0.0,0.0,0.0,0.0
10707,substation_10707.png,1.0,0.0,0.0,0.0,0.0,0.0
10711,substation_10711.png,0.0,0.0,0.0,0.0,0.0,0.0
10716,substation_10716.png,0.0,0.0,0.0,0.0,0.0,0.0
10715,substation_10715.png,1.0,0.0,0.0,2.0,0.0,0.0
10718,substation_10718.png,0.0,0.0,2.0,0.0,2.0,0.0
10724,substation_10724.png,2.0,0.0,2.0,0.0,0.0,0.0
10717,substation_10717.png,0.0,0.0,0.0,0.0,0.0,0.0
10722,substation_10722.png,0.0,0.0,0.0,1.0,0.0,0.0
10720,substation_10720.png,0.0,0.0,4.0,0.0,0.0,0.0
10719,substation_10719.png,0.0,0.0,0.0,0.0,1.0,0.0
10721,substation_10721.png,0.0,0.0,0.0,0.0,0.0,0.0
10725,substation_10725.png,3.0,0.0,0.0,0.0,0.0,0.0
10727,substation_10727.png,5.0,0.0,5.0,0.0,0.0,0.0
10723,substation_10723.png,0.0,0.0,0.0,0.0,0.0,0.0
10726,substation_10726.png,2.0,0.0,2.0,0.0,0.0,0.0
10732,substation_10732.png,0.0,0.0,1.0,0.0,0.0,0.0
10729,substation_10729.png,0.0,0.0,0.0,3.0,1.0,0.0
10730,substation_10730.png,0.0,0.0,0.0,1.0,0.0,0.0
10734,substation_10734.png,1.0,0.0,0.0,0.0,1.0,0.0
10735,substation_10735.png,0.0,1.0,0.0,0.0,0.0,0.0
10737,substation_10737.png,0.0,0.0,0.0,0.0,0.0,0.0
10728,substation_10728.png,0.0,0.0,1.0,0.0,0.0,0.0
10736,substation_10736.png,0.0,0.0,0.0,0.0,0.0,0.0
10738,substation_10738.png,0.0,0.0,0.0,0.0,0.0,0.0
10739,substation_10739.png,1.0,0.0,5.0,0.0,0.0,0.0
10731,substation_10731.png,0.0,0.0,0.0,0.0,0.0,0.0
10733,substation_10733.png,0.0,0.0,0.0,0.0,0.0,0.0
10740,substation_10740.png,2.0,4.0,0.0,2.0,0.0,0.0
10741,substation_10741.png,2.0,0.0,0.0,0.0,0.0,0.0
10743,substation_10743.png,4.0,0.0,0.0,0.0,0.0,0.0
10742,substation_10742.png,0.0,0.0,1.0,0.0,0.0,0.0
10745,substation_10745.png,0.0,0.0,0.0,0.0,1.0,0.0
10744,substation_10744.png,0.0,0.0,0.0,0.0,0.0,0.0
10746,substation_10746.png,1.0,0.0,0.0,0.0,0.0,0.0
10749,substation_10749.png,3.0,0.0,0.0,2.0,0.0,0.0
10748,substation_10748.png,0.0,0.0,1.0,0.0,0.0,0.0
10750,substation_10750.png,0.0,0.0,0.0,0.0,0.0,0.0
10747,substation_10747.png,0.0,0.0,0.0,0.0,0.0,0.0
10751,substation_10751.png,0.0,0.0,0.0,0.0,0.0,0.0
10752,substation_10752.png,0.0,0.0,0.0,0.0,0.0,0.0
10753,substation_10753.png,0.0,0.0,0.0,3.0,0.0,0.0
10754,substation_10754.png,0.0,0.0,0.0,4.0,0.0,0.0
10755,substation_10755.png,1.0,0.0,0.0,0.0,0.0,0.0
10756,substation_10756.png,2.0,0.0,0.0,0.0,0.0,0.0
10758,substation_10758.png,1.0,0.0,2.0,0.0,0.0,0.0
10759,substation_10759.png,3.0,0.0,0.0,0.0,0.0,0.0
10757,substation_10757.png,1.0,0.0,0.0,0.0,0.0,0.0
10761,substation_10761.png,3.0,0.0,0.0,0.0,0.0,0.0
10762,substation_10762.png,1.0,0.0,0.0,0.0,0.0,0.0
10760,substation_10760.png,0.0,0.0,0.0,0.0,0.0,0.0
10763,substation_10763.png,4.0,0.0,0.0,0.0,0.0,0.0
10766,substation_10766.png,3.0,0.0,0.0,0.0,0.0,0.0
10764,substation_10764.png,1.0,0.0,0.0,0.0,0.0,0.0
10765,substation_10765.png,2.0,0.0,0.0,0.0,0.0,0.0
10767,substation_10767.png,0.0,0.0,0.0,0.0,0.0,0.0
10769,substation_10769.png,0.0,0.0,0.0,0.0,1.0,0.0
10768,substation_10768.png,0.0,0.0,1.0,0.0,0.0,0.0
10771,substation_10771.png,0.0,0.0,0.0,2.0,0.0,0.0
10770,substation_10770.png,1.0,0.0,0.0,0.0,0.0,0.0
10773,substation_10773.png,1.0,0.0,0.0,0.0,1.0,0.0
10774,substation_10774.png,0.0,0.0,0.0,0.0,0.0,0.0
10776,substation_10776.png,0.0,0.0,0.0,0.0,2.0,0.0
10775,substation_10775.png,0.0,0.0,0.0,0.0,0.0,0.0
10772,substation_10772.png,3.0,0.0,2.0,0.0,0.0,0.0
10778,substation_10778.png,0.0,0.0,0.0,0.0,0.0,0.0
10781,substation_10781.png,0.0,0.0,1.0,0.0,0.0,0.0
10782,substation_10782.png,2.0,0.0,0.0,0.0,0.0,0.0
10779,substation_10779.png,4.0,0.0,0.0,0.0,0.0,0.0
10783,substation_10783.png,1.0,0.0,0.0,0.0,0.0,0.0
10785,substation_10785.png,0.0,0.0,0.0,0.0,1.0,0.0
10784,substation_10784.png,0.0,0.0,0.0,0.0,1.0,0.0
10777,substation_10777.png,0.0,0.0,1.0,0.0,0.0,0.0
10789,substation_10789.png,4.0,0.0,0.0,0.0,0.0,0.0
10786,substation_10786.png,0.0,0.0,0.0,0.0,1.0,0.0
10787,substation_10787.png,0.0,0.0,0.0,0.0,0.0,0.0
10788,substation_10788.png,0.0,0.0,0.0,0.0,0.0,0.0
10793,substation_10793.png,0.0,0.0,0.0,0.0,0.0,0.0
10794,substation_10794.png,1.0,0.0,0.0,1.0,0.0,0.0
10797,substation_10797.png,0.0,0.0,0.0,0.0,0.0,0.0
10791,substation_10791.png,2.0,0.0,0.0,0.0,0.0,0.0
10780,substation_10780.png,1.0,0.0,0.0,1.0,0.0,0.0
10792,substation_10792.png,0.0,0.0,0.0,0.0,0.0,0.0
10795,substation_10795.png,0.0,0.0,2.0,0.0,0.0,0.0
10790,substation_10790.png,1.0,0.0,0.0,0.0,0.0,0.0
10798,substation_10798.png,1.0,0.0,4.0,0.0,0.0,0.0
10796,substation_10796.png,0.0,0.0,0.0,0.0,0.0,0.0
10800,substation_10800.png,0.0,0.0,0.0,0.0,0.0,0.0
10799,substation_10799.png,1.0,1.0,0.0,1.0,0.0,0.0
10803,substation_10803.png,0.0,0.0,0.0,0.0,1.0,0.0
10804,substation_10804.png,1.0,0.0,0.0,0.0,1.0,0.0
10807,substation_10807.png,2.0,2.0,1.0,0.0,0.0,0.0
10806,substation_10806.png,0.0,0.0,6.0,0.0,1.0,0.0
10805,substation_10805.png,0.0,0.0,0.0,0.0,1.0,0.0
10810,substation_10810.png,0.0,0.0,0.0,0.0,0.0,0.0
10808,substation_10808.png,2.0,0.0,0.0,0.0,0.0,0.0
10811,substation_10811.png,0.0,0.0,0.0,0.0,1.0,0.0
10802,substation_10802.png,0.0,0.0,0.0,0.0,1.0,0.0
10801,substation_10801.png,2.0,0.0,0.0,0.0,0.0,0.0
10809,substation_10809.png,0.0,0.0,0.0,0.0,0.0,0.0
10813,substation_10813.png,3.0,0.0,0.0,0.0,0.0,0.0
10814,substation_10814.png,0.0,0.0,3.0,0.0,0.0,0.0
10815,substation_10815.png,1.0,0.0,0.0,0.0,0.0,0.0
10816,substation_10816.png,5.0,0.0,0.0,0.0,0.0,0.0
10819,substation_10819.png,2.0,0.0,1.0,0.0,0.0,0.0
10812,substation_10812.png,0.0,0.0,0.0,0.0,0.0,0.0
10822,substation_10822.png,0.0,0.0,0.0,0.0,1.0,0.0
10821,substation_10821.png,1.0,0.0,0.0,1.0,0.0,0.0
10824,substation_10824.png,1.0,0.0,0.0,0.0,0.0,0.0
10823,substation_10823.png,1.0,0.0,0.0,0.0,1.0,0.0
10817,substation_10817.png,1.0,0.0,1.0,0.0,0.0,0.0
10820,substation_10820.png,1.0,0.0,0.0,0.0,0.0,0.0
10818,substation_10818.png,0.0,0.0,0.0,0.0,0.0,0.0
10825,substation_10825.png,0.0,0.0,1.0,0.0,0.0,0.0
10832,substation_10832.png,1.0,0.0,0.0,0.0,1.0,0.0
10829,substation_10829.png,0.0,0.0,0.0,0.0,0.0,1.0
10830,substation_10830.png,0.0,0.0,0.0,1.0,0.0,0.0
10828,substation_10828.png,0.0,0.0,0.0,0.0,0.0,0.0
10827,substation_10827.png,0.0,0.0,0.0,0.0,1.0,0.0
10826,substation_10826.png,0.0,0.0,0.0,0.0,0.0,0.0
10835,substation_10835.png,1.0,0.0,0.0,0.0,0.0,0.0
10834,substation_10834.png,2.0,0.0,0.0,0.0,0.0,0.0
10831,substation_10831.png,0.0,0.0,0.0,0.0,1.0,0.0
10836,substation_10836.png,1.0,0.0,0.0,0.0,0.0,0.0
10833,substation_10833.png,3.0,0.0,0.0,0.0,0.0,0.0
10838,substation_10838.png,0.0,0.0,0.0,1.0,0.0,0.0
10839,substation_10839.png,1.0,0.0,0.0,0.0,0.0,0.0
10841,substation_10841.png,0.0,0.0,0.0,0.0,0.0,0.0
10840,substation_10840.png,0.0,0.0,0.0,0.0,0.0,0.0
10837,substation_10837.png,0.0,0.0,0.0,0.0,1.0,0.0
10843,substation_10843.png,0.0,0.0,0.0,0.0,0.0,0.0
10847,substation_10847.png,0.0,0.0,0.0,0.0,0.0,0.0
10844,substation_10844.png,0.0,0.0,0.0,0.0,0.0,0.0
10846,substation_10846.png,0.0,0.0,0.0,0.0,0.0,0.0
10842,substation_10842.png,1.0,0.0,0.0,0.0,0.0,0.0
10845,substation_10845.png,0.0,0.0,0.0,0.0,0.0,0.0
10848,substation_10848.png,0.0,0.0,0.0,1.0,0.0,0.0
10852,substation_10852.png,1.0,1.0,0.0,0.0,0.0,0.0
10849,substation_10849.png,0.0,0.0,1.0,0.0,0.0,0.0
10851,substation_10851.png,0.0,0.0,0.0,0.0,1.0,0.0
10853,substation_10853.png,2.0,0.0,0.0,0.0,0.0,0.0
10850,substation_10850.png,1.0,0.0,0.0,0.0,0.0,0.0
10855,substation_10855.png,2.0,0.0,0.0,0.0,0.0,0.0
10856,substation_10856.png,1.0,0.0,0.0,0.0,0.0,0.0
10854,substation_10854.png,0.0,0.0,1.0,1.0,1.0,0.0
10859,substation_10859.png,4.0,0.0,1.0,0.0,0.0,0.0
10857,substation_10857.png,1.0,0.0,4.0,0.0,0.0,0.0
10860,substation_10860.png,3.0,0.0,0.0,1.0,0.0,0.0
10858,substation_10858.png,1.0,0.0,0.0,0.0,0.0,0.0
10861,substation_10861.png,2.0,0.0,0.0,0.0,0.0,0.0
10865,substation_10865.png,0.0,0.0,0.0,0.0,1.0,0.0
10864,substation_10864.png,2.0,0.0,0.0,0.0,0.0,0.0
10866,substation_10866.png,0.0,0.0,0.0,0.0,0.0,0.0
10863,substation_10863.png,2.0,0.0,0.0,0.0,0.0,0.0
10868,substation_10868.png,2.0,0.0,0.0,0.0,1.0,0.0
10867,substation_10867.png,0.0,0.0,0.0,0.0,0.0,0.0
10862,substation_10862.png,1.0,0.0,0.0,0.0,1.0,0.0
10871,substation_10871.png,3.0,0.0,3.0,0.0,0.0,0.0
10873,substation_10873.png,1.0,0.0,1.0,0.0,1.0,0.0
10872,substation_10872.png,1.0,0.0,0.0,0.0,0.0,0.0
10869,substation_10869.png,0.0,0.0,0.0,0.0,0.0,0.0
10870,substation_10870.png,1.0,0.0,0.0,0.0,0.0,0.0
10877,substation_10877.png,1.0,0.0,2.0,0.0,0.0,0.0
10874,substation_10874.png,1.0,0.0,0.0,0.0,0.0,0.0
10879,substation_10879.png,0.0,0.0,0.0,0.0,0.0,0.0
10875,substation_10875.png,2.0,0.0,0.0,0.0,0.0,0.0
10876,substation_10876.png,0.0,0.0,0.0,0.0,0.0,0.0
10881,substation_10881.png,0.0,0.0,0.0,0.0,0.0,0.0
10884,substation_10884.png,1.0,0.0,1.0,1.0,0.0,0.0
10886,substation_10886.png,0.0,0.0,0.0,0.0,0.0,0.0
10880,substation_10880.png,0.0,0.0,0.0,0.0,0.0,0.0
10878,substation_10878.png,1.0,0.0,0.0,0.0,0.0,0.0
10882,substation_10882.png,1.0,0.0,0.0,0.0,0.0,0.0
10889,substation_10889.png,0.0,3.0,0.0,2.0,0.0,0.0
10887,substation_10887.png,2.0,0.0,0.0,0.0,0.0,0.0
10885,substation_10885.png,4.0,0.0,0.0,0.0,0.0,0.0
10888,substation_10888.png,0.0,1.0,0.0,0.0,0.0,0.0
10891,substation_10891.png,0.0,0.0,0.0,0.0,1.0,0.0
10883,substation_10883.png,0.0,0.0,0.0,0.0,1.0,0.0
10890,substation_10890.png,2.0,0.0,0.0,0.0,0.0,0.0
10893,substation_10893.png,4.0,0.0,0.0,0.0,0.0,0.0
10894,substation_10894.png,4.0,0.0,0.0,0.0,0.0,0.0
10895,substation_10895.png,0.0,0.0,0.0,0.0,1.0,0.0
10897,substation_10897.png,1.0,0.0,0.0,1.0,0.0,0.0
10899,substation_10899.png,0.0,0.0,0.0,0.0,0.0,0.0
10896,substation_10896.png,3.0,0.0,4.0,1.0,0.0,0.0
10892,substation_10892.png,0.0,0.0,2.0,0.0,0.0,0.0
10900,substation_10900.png,0.0,0.0,0.0,0.0,0.0,0.0
10898,substation_10898.png,0.0,0.0,0.0,0.0,0.0,0.0
10902,substation_10902.png,0.0,0.0,0.0,0.0,0.0,0.0
10901,substation_10901.png,1.0,0.0,0.0,0.0,0.0,0.0
10909,substation_10909.png,1.0,0.0,2.0,0.0,0.0,0.0
10904,substation_10904.png,1.0,0.0,0.0,0.0,0.0,0.0
10903,substation_10903.png,0.0,0.0,0.0,2.0,0.0,0.0
10906,substation_10906.png,1.0,0.0,0.0,0.0,1.0,0.0
10911,substation_10911.png,0.0,0.0,0.0,0.0,0.0,0.0
10910,substation_10910.png,2.0,0.0,0.0,0.0,1.0,0.0
10908,substation_10908.png,4.0,0.0,1.0,0.0,0.0,0.0
10905,substation_10905.png,0.0,0.0,0.0,0.0,0.0,0.0
10907,substation_10907.png,1.0,0.0,0.0,1.0,0.0,0.0
10913,substation_10913.png,0.0,0.0,0.0,0.0,1.0,0.0
10912,substation_10912.png,0.0,0.0,0.0,0.0,0.0,0.0
10915,substation_10915.png,1.0,0.0,0.0,0.0,0.0,0.0
10919,substation_10919.png,2.0,0.0,0.0,1.0,0.0,0.0
10914,substation_10914.png,1.0,0.0,1.0,1.0,1.0,0.0
10918,substation_10918.png,2.0,0.0,0.0,0.0,0.0,0.0
10917,substation_10917.png,2.0,1.0,1.0,0.0,0.0,0.0
10920,substation_10920.png,6.0,0.0,0.0,0.0,0.0,0.0
10922,substation_10922.png,0.0,0.0,0.0,0.0,1.0,0.0
10924,substation_10924.png,0.0,0.0,0.0,1.0,0.0,0.0
10927,substation_10927.png,1.0,0.0,0.0,0.0,0.0,0.0
10921,substation_10921.png,4.0,0.0,0.0,0.0,0.0,0.0
10923,substation_10923.png,1.0,0.0,0.0,0.0,0.0,0.0
10925,substation_10925.png,0.0,0.0,0.0,1.0,0.0,0.0
10916,substation_10916.png,0.0,0.0,2.0,0.0,0.0,0.0
10928,substation_10928.png,2.0,0.0,1.0,0.0,0.0,0.0
10926,substation_10926.png,0.0,0.0,0.0,1.0,0.0,0.0
10930,substation_10930.png,0.0,0.0,0.0,3.0,0.0,0.0
10929,substation_10929.png,2.0,0.0,0.0,0.0,0.0,0.0
10931,substation_10931.png,0.0,1.0,0.0,0.0,0.0,0.0
10935,substation_10935.png,1.0,0.0,1.0,0.0,0.0,0.0
10934,substation_10934.png,0.0,0.0,0.0,0.0,0.0,0.0
10932,substation_10932.png,0.0,0.0,0.0,2.0,0.0,0.0
10933,substation_10933.png,0.0,0.0,0.0,0.0,1.0,0.0
10937,substation_10937.png,0.0,0.0,0.0,0.0,0.0,0.0
10939,substation_10939.png,0.0,0.0,0.0,0.0,1.0,0.0
10936,substation_10936.png,0.0,0.0,0.0,1.0,0.0,0.0
10938,substation_10938.png,2.0,0.0,0.0,1.0,0.0,0.0
10942,substation_10942.png,1.0,0.0,0.0,0.0,0.0,0.0
10941,substation_10941.png,0.0,0.0,0.0,2.0,0.0,0.0
10943,substation_10943.png,0.0,0.0,0.0,0.0,0.0,0.0
10940,substation_10940.png,0.0,0.0,0.0,0.0,0.0,0.0
10944,substation_10944.png,0.0,0.0,0.0,0.0,0.0,0.0
10945,substation_10945.png,3.0,0.0,8.0,0.0,0.0,0.0
10948,substation_10948.png,0.0,0.0,0.0,1.0,0.0,0.0
10947,substation_10947.png,1.0,0.0,0.0,0.0,0.0,0.0
10946,substation_10946.png,2.0,0.0,0.0,0.0,0.0,0.0
10949,substation_10949.png,4.0,0.0,0.0,0.0,0.0,0.0
10952,substation_10952.png,1.0,0.0,0.0,0.0,0.0,0.0
10950,substation_10950.png,2.0,0.0,0.0,0.0,0.0,0.0
10951,substation_10951.png,0.0,0.0,1.0,0.0,2.0,0.0
10954,substation_10954.png,1.0,0.0,0.0,0.0,0.0,0.0
10956,substation_10956.png,1.0,2.0,0.0,1.0,0.0,0.0
10958,substation_10958.png,4.0,0.0,0.0,0.0,0.0,0.0
10955,substation_10955.png,0.0,0.0,1.0,0.0,0.0,0.0
10960,substation_10960.png,0.0,0.0,0.0,0.0,1.0,0.0
10953,substation_10953.png,0.0,2.0,0.0,0.0,0.0,0.0
10957,substation_10957.png,0.0,0.0,0.0,0.0,0.0,0.0
10959,substation_10959.png,0.0,0.0,0.0,0.0,1.0,0.0
10962,substation_10962.png,0.0,0.0,0.0,1.0,0.0,0.0
10966,substation_10966.png,0.0,0.0,0.0,0.0,1.0,0.0
10964,substation_10964.png,1.0,0.0,0.0,0.0,0.0,0.0
10961,substation_10961.png,0.0,0.0,1.0,0.0,0.0,0.0
10963,substation_10963.png,0.0,0.0,0.0,0.0,1.0,0.0
10965,substation_10965.png,2.0,0.0,0.0,0.0,0.0,0.0
10968,substation_10968.png,1.0,0.0,0.0,1.0,0.0,0.0
10969,substation_10969.png,0.0,0.0,1.0,0.0,0.0,0.0
10967,substation_10967.png,1.0,0.0,0.0,0.0,0.0,0.0
10975,substation_10975.png,0.0,0.0,0.0,0.0,0.0,0.0
10971,substation_10971.png,0.0,0.0,0.0,0.0,1.0,0.0
10972,substation_10972.png,0.0,0.0,0.0,0.0,0.0,0.0
10976,substation_10976.png,0.0,0.0,0.0,0.0,1.0,0.0
10974,substation_10974.png,1.0,0.0,0.0,0.0,0.0,1.0
10970,substation_10970.png,0.0,0.0,0.0,0.0,0.0,0.0
10978,substation_10978.png,1.0,0.0,0.0,0.0,0.0,0.0
10980,substation_10980.png,0.0,0.0,0.0,1.0,1.0,0.0
10979,substation_10979.png,0.0,0.0,4.0,0.0,1.0,0.0
10977,substation_10977.png,1.0,0.0,0.0,0.0,0.0,0.0
10983,substation_10983.png,0.0,0.0,1.0,0.0,0.0,0.0
10984,substation_10984.png,0.0,0.0,0.0,1.0,0.0,0.0
10986,substation_10986.png,0.0,0.0,0.0,0.0,0.0,0.0
10981,substation_10981.png,0.0,0.0,0.0,0.0,0.0,0.0
10973,substation_10973.png,0.0,0.0,0.0,0.0,0.0,0.0
10989,substation_10989.png,0.0,0.0,0.0,0.0,0.0,0.0
10982,substation_10982.png,0.0,0.0,0.0,0.0,1.0,0.0
10985,substation_10985.png,1.0,0.0,0.0,0.0,0.0,0.0
10991,substation_10991.png,3.0,1.0,0.0,0.0,0.0,0.0
10987,substation_10987.png,1.0,0.0,0.0,0.0,0.0,0.0
10994,substation_10994.png,2.0,0.0,1.0,0.0,0.0,0.0
10992,substation_10992.png,2.0,0.0,0.0,0.0,0.0,0.0
10993,substation_10993.png,1.0,0.0,0.0,0.0,0.0,0.0
10988,substation_10988.png,4.0,0.0,1.0,0.0,0.0,0.0
10990,substation_10990.png,3.0,0.0,0.0,1.0,0.0,0.0
10996,substation_10996.png,1.0,0.0,1.0,0.0,0.0,0.0
10995,substation_10995.png,0.0,0.0,0.0,1.0,1.0,0.0
10997,substation_10997.png,1.0,0.0,0.0,0.0,0.0,0.0
11001,substation_11001.png,2.0,0.0,0.0,0.0,0.0,0.0
10998,substation_10998.png,1.0,0.0,0.0,0.0,0.0,0.0
10999,substation_10999.png,2.0,0.0,0.0,0.0,1.0,0.0
11004,substation_11004.png,1.0,0.0,0.0,0.0,1.0,0.0
11000,substation_11000.png,1.0,0.0,0.0,1.0,2.0,0.0
11005,substation_11005.png,3.0,0.0,3.0,0.0,0.0,0.0
11003,substation_11003.png,1.0,0.0,0.0,1.0,0.0,0.0
11002,substation_11002.png,0.0,0.0,1.0,0.0,0.0,0.0
11007,substation_11007.png,2.0,0.0,0.0,0.0,0.0,0.0
11006,substation_11006.png,0.0,0.0,0.0,0.0,0.0,0.0
11010,substation_11010.png,6.0,0.0,0.0,1.0,0.0,0.0
11009,substation_11009.png,0.0,0.0,0.0,0.0,0.0,0.0
11008,substation_11008.png,0.0,0.0,6.0,0.0,1.0,0.0
11011,substation_11011.png,0.0,0.0,0.0,0.0,1.0,0.0
11013,substation_11013.png,1.0,0.0,0.0,0.0,0.0,0.0
11015,substation_11015.png,0.0,1.0,0.0,0.0,0.0,0.0
11012,substation_11012.png,0.0,1.0,1.0,0.0,0.0,0.0
11018,substation_11018.png,2.0,1.0,0.0,0.0,0.0,0.0
11016,substation_11016.png,0.0,0.0,0.0,0.0,0.0,0.0
11014,substation_11014.png,2.0,0.0,1.0,0.0,1.0,0.0
11017,substation_11017.png,2.0,0.0,0.0,0.0,0.0,0.0
11019,substation_11019.png,0.0,0.0,0.0,0.0,1.0,0.0
11024,substation_11024.png,0.0,0.0,3.0,0.0,0.0,0.0
11023,substation_11023.png,0.0,0.0,0.0,0.0,1.0,0.0
11022,substation_11022.png,0.0,0.0,0.0,0.0,1.0,0.0
11021,substation_11021.png,1.0,0.0,2.0,0.0,0.0,0.0
11020,substation_11020.png,2.0,0.0,2.0,0.0,1.0,0.0
11025,substation_11025.png,0.0,0.0,0.0,0.0,1.0,0.0
11026,substation_11026.png,1.0,0.0,0.0,0.0,0.0,0.0
11029,substation_11029.png,1.0,0.0,0.0,0.0,0.0,0.0
11030,substation_11030.png,1.0,0.0,1.0,0.0,0.0,0.0
11033,substation_11033.png,0.0,0.0,2.0,0.0,0.0,0.0
11028,substation_11028.png,1.0,0.0,1.0,0.0,0.0,0.0
11027,substation_11027.png,0.0,1.0,0.0,0.0,0.0,0.0
11031,substation_11031.png,0.0,0.0,1.0,0.0,2.0,0.0
11034,substation_11034.png,0.0,0.0,0.0,1.0,1.0,0.0
11035,substation_11035.png,4.0,0.0,0.0,0.0,0.0,0.0
11032,substation_11032.png,0.0,0.0,0.0,0.0,0.0,0.0
11036,substation_11036.png,0.0,0.0,2.0,0.0,1.0,0.0
11037,substation_11037.png,1.0,1.0,12.0,0.0,0.0,0.0
11042,substation_11042.png,2.0,0.0,3.0,0.0,0.0,0.0
11043,substation_11043.png,0.0,0.0,0.0,0.0,0.0,0.0
11038,substation_11038.png,2.0,0.0,0.0,0.0,0.0,0.0
11039,substation_11039.png,1.0,0.0,0.0,0.0,0.0,0.0
11040,substation_11040.png,1.0,0.0,7.0,0.0,0.0,0.0
11041,substation_11041.png,3.0,0.0,0.0,0.0,0.0,0.0
11044,substation_11044.png,1.0,0.0,1.0,1.0,0.0,0.0
11047,substation_11047.png,0.0,0.0,2.0,0.0,0.0,0.0
11045,substation_11045.png,1.0,0.0,0.0,0.0,0.0,0.0
11048,substation_11048.png,2.0,0.0,0.0,0.0,0.0,0.0
11046,substation_11046.png,0.0,0.0,4.0,0.0,0.0,0.0
11053,substation_11053.png,0.0,0.0,0.0,1.0,0.0,0.0
11051,substation_11051.png,3.0,0.0,2.0,0.0,0.0,0.0
11050,substation_11050.png,1.0,0.0,0.0,1.0,1.0,0.0
11054,substation_11054.png,0.0,0.0,0.0,0.0,0.0,0.0
11055,substation_11055.png,0.0,0.0,0.0,0.0,0.0,0.0
11056,substation_11056.png,0.0,0.0,0.0,0.0,0.0,0.0
11052,substation_11052.png,1.0,0.0,4.0,0.0,1.0,0.0
11049,substation_11049.png,2.0,0.0,0.0,0.0,0.0,0.0
11057,substation_11057.png,0.0,0.0,0.0,0.0,0.0,0.0
11058,substation_11058.png,1.0,0.0,0.0,1.0,0.0,0.0
11062,substation_11062.png,0.0,0.0,0.0,0.0,0.0,0.0
11059,substation_11059.png,2.0,0.0,0.0,0.0,0.0,0.0
11061,substation_11061.png,0.0,0.0,0.0,0.0,0.0,0.0
11063,substation_11063.png,3.0,0.0,0.0,0.0,0.0,0.0
11060,substation_11060.png,0.0,0.0,0.0,0.0,0.0,0.0
11066,substation_11066.png,0.0,0.0,0.0,0.0,0.0,0.0
11065,substation_11065.png,2.0,0.0,0.0,0.0,1.0,0.0
11064,substation_11064.png,0.0,0.0,0.0,1.0,0.0,0.0
11070,substation_11070.png,1.0,0.0,0.0,0.0,0.0,0.0
11068,substation_11068.png,0.0,0.0,0.0,0.0,0.0,0.0
11067,substation_11067.png,3.0,1.0,0.0,0.0,0.0,0.0
11071,substation_11071.png,0.0,0.0,3.0,0.0,0.0,0.0
11074,substation_11074.png,1.0,0.0,0.0,0.0,0.0,0.0
11072,substation_11072.png,5.0,0.0,0.0,0.0,0.0,0.0
11069,substation_11069.png,0.0,0.0,0.0,0.0,0.0,0.0
11073,substation_11073.png,0.0,5.0,2.0,0.0,0.0,0.0
11079,substation_11079.png,0.0,0.0,0.0,0.0,0.0,0.0
11076,substation_11076.png,0.0,0.0,0.0,0.0,1.0,0.0
11075,substation_11075.png,2.0,0.0,0.0,0.0,0.0,0.0
11077,substation_11077.png,3.0,0.0,0.0,0.0,0.0,0.0
11083,substation_11083.png,0.0,0.0,1.0,1.0,0.0,0.0
11080,substation_11080.png,1.0,0.0,0.0,0.0,0.0,0.0
11081,substation_11081.png,0.0,0.0,0.0,0.0,1.0,0.0
11085,substation_11085.png,0.0,0.0,0.0,0.0,1.0,0.0
11084,substation_11084.png,0.0,0.0,0.0,0.0,0.0,0.0
11078,substation_11078.png,0.0,0.0,4.0,0.0,0.0,0.0
11086,substation_11086.png,0.0,0.0,0.0,0.0,0.0,0.0
11082,substation_11082.png,0.0,0.0,0.0,0.0,0.0,0.0
11088,substation_11088.png,2.0,0.0,0.0,0.0,0.0,0.0
11087,substation_11087.png,0.0,0.0,0.0,0.0,0.0,0.0
11089,substation_11089.png,3.0,0.0,0.0,0.0,0.0,0.0
11090,substation_11090.png,0.0,0.0,0.0,0.0,0.0,0.0
11092,substation_11092.png,2.0,0.0,1.0,0.0,0.0,0.0
11091,substation_11091.png,0.0,0.0,0.0,0.0,0.0,0.0
11093,substation_11093.png,0.0,0.0,0.0,0.0,0.0,0.0
9093,substation_9093.png,2.0,0.0,0.0,3.0,0.0,0.0
9092,substation_9092.png,0.0,0.0,6.0,0.0,0.0,0.0
9094,substation_9094.png,4.0,0.0,1.0,0.0,0.0,0.0
9096,substation_9096.png,2.0,0.0,0.0,0.0,2.0,0.0
9095,substation_9095.png,0.0,0.0,0.0,0.0,0.0,0.0
9097,substation_9097.png,2.0,0.0,0.0,0.0,0.0,0.0
9099,substation_9099.png,0.0,0.0,0.0,0.0,0.0,0.0
9098,substation_9098.png,2.0,0.0,0.0,1.0,0.0,0.0
9100,substation_9100.png,1.0,2.0,0.0,1.0,0.0,0.0
9103,substation_9103.png,1.0,0.0,0.0,0.0,0.0,0.0
9101,substation_9101.png,0.0,0.0,0.0,1.0,0.0,0.0
9102,substation_9102.png,0.0,0.0,0.0,0.0,0.0,0.0
9104,substation_9104.png,2.0,0.0,0.0,2.0,0.0,0.0
9106,substation_9106.png,0.0,0.0,2.0,0.0,0.0,0.0
9107,substation_9107.png,2.0,0.0,0.0,1.0,0.0,0.0
9105,substation_9105.png,0.0,0.0,0.0,0.0,0.0,0.0
9110,substation_9110.png,2.0,0.0,0.0,0.0,0.0,0.0
9109,substation_9109.png,4.0,0.0,0.0,0.0,0.0,0.0
9108,substation_9108.png,2.0,0.0,4.0,0.0,0.0,0.0
9111,substation_9111.png,2.0,0.0,0.0,0.0,0.0,0.0
9112,substation_9112.png,1.0,0.0,0.0,0.0,0.0,0.0
9114,substation_9114.png,1.0,0.0,0.0,0.0,0.0,0.0
9115,substation_9115.png,1.0,0.0,0.0,0.0,0.0,0.0
9113,substation_9113.png,4.0,0.0,1.0,0.0,0.0,0.0
9117,substation_9117.png,1.0,0.0,0.0,0.0,0.0,0.0
9119,substation_9119.png,4.0,0.0,0.0,0.0,0.0,0.0
9124,substation_9124.png,1.0,0.0,2.0,0.0,0.0,0.0
9118,substation_9118.png,0.0,0.0,0.0,0.0,0.0,0.0
9116,substation_9116.png,1.0,0.0,0.0,0.0,0.0,0.0
9122,substation_9122.png,1.0,0.0,0.0,0.0,0.0,0.0
9121,substation_9121.png,0.0,0.0,0.0,0.0,1.0,0.0
9120,substation_9120.png,0.0,0.0,0.0,1.0,0.0,0.0
9123,substation_9123.png,4.0,0.0,1.0,0.0,0.0,0.0
9125,substation_9125.png,1.0,0.0,1.0,0.0,0.0,0.0
9126,substation_9126.png,0.0,0.0,0.0,0.0,1.0,0.0
9128,substation_9128.png,0.0,0.0,0.0,0.0,0.0,0.0
9127,substation_9127.png,2.0,0.0,0.0,0.0,0.0,0.0
9130,substation_9130.png,3.0,0.0,0.0,0.0,0.0,0.0
9131,substation_9131.png,0.0,0.0,0.0,0.0,0.0,0.0
9132,substation_9132.png,1.0,0.0,0.0,0.0,0.0,0.0
9129,substation_9129.png,3.0,0.0,2.0,0.0,0.0,0.0
9137,substation_9137.png,2.0,0.0,0.0,0.0,0.0,0.0
9135,substation_9135.png,3.0,0.0,2.0,0.0,0.0,0.0
9138,substation_9138.png,2.0,0.0,0.0,0.0,0.0,0.0
9136,substation_9136.png,2.0,0.0,0.0,2.0,0.0,0.0
9133,substation_9133.png,2.0,0.0,0.0,0.0,1.0,0.0
9134,substation_9134.png,1.0,0.0,4.0,2.0,1.0,0.0
9139,substation_9139.png,1.0,0.0,0.0,0.0,0.0,0.0
9140,substation_9140.png,1.0,0.0,0.0,0.0,0.0,0.0
9142,substation_9142.png,1.0,0.0,0.0,2.0,0.0,0.0
9145,substation_9145.png,3.0,0.0,0.0,0.0,0.0,0.0
9143,substation_9143.png,0.0,0.0,0.0,0.0,0.0,0.0
9141,substation_9141.png,2.0,0.0,0.0,0.0,0.0,0.0
9147,substation_9147.png,0.0,0.0,0.0,0.0,0.0,0.0
9148,substation_9148.png,0.0,0.0,0.0,0.0,0.0,0.0
9146,substation_9146.png,0.0,0.0,0.0,0.0,1.0,0.0
9150,substation_9150.png,4.0,0.0,0.0,0.0,0.0,0.0
9144,substation_9144.png,1.0,0.0,0.0,0.0,0.0,0.0
9149,substation_9149.png,0.0,0.0,0.0,0.0,0.0,0.0
9152,substation_9152.png,1.0,0.0,0.0,0.0,0.0,0.0
9154,substation_9154.png,0.0,0.0,1.0,0.0,0.0,0.0
9153,substation_9153.png,1.0,0.0,0.0,0.0,1.0,0.0
9151,substation_9151.png,0.0,0.0,0.0,0.0,0.0,0.0
9159,substation_9159.png,0.0,0.0,0.0,0.0,0.0,0.0
9155,substation_9155.png,0.0,0.0,0.0,0.0,0.0,0.0
9156,substation_9156.png,0.0,0.0,0.0,0.0,1.0,0.0
9157,substation_9157.png,1.0,0.0,0.0,0.0,0.0,0.0
9162,substation_9162.png,0.0,0.0,0.0,0.0,1.0,0.0
9160,substation_9160.png,3.0,0.0,0.0,1.0,0.0,0.0
9161,substation_9161.png,0.0,0.0,0.0,0.0,0.0,0.0
9163,substation_9163.png,0.0,0.0,0.0,0.0,0.0,0.0
9158,substation_9158.png,2.0,0.0,0.0,0.0,0.0,0.0
9165,substation_9165.png,1.0,0.0,0.0,0.0,0.0,0.0
9164,substation_9164.png,1.0,0.0,0.0,0.0,0.0,0.0
9168,substation_9168.png,1.0,0.0,0.0,0.0,1.0,0.0
9167,substation_9167.png,0.0,0.0,0.0,1.0,0.0,0.0
9166,substation_9166.png,0.0,0.0,0.0,0.0,1.0,0.0
9169,substation_9169.png,0.0,0.0,0.0,0.0,0.0,0.0
9173,substation_9173.png,1.0,0.0,1.0,0.0,0.0,0.0
9170,substation_9170.png,1.0,0.0,0.0,0.0,1.0,0.0
9175,substation_9175.png,0.0,0.0,0.0,0.0,0.0,0.0
9174,substation_9174.png,1.0,0.0,0.0,0.0,0.0,0.0
9172,substation_9172.png,0.0,0.0,0.0,0.0,0.0,0.0
9176,substation_9176.png,2.0,0.0,0.0,0.0,0.0,0.0
9177,substation_9177.png,0.0,0.0,0.0,0.0,0.0,0.0
9171,substation_9171.png,0.0,0.0,0.0,0.0,0.0,0.0
9178,substation_9178.png,0.0,0.0,0.0,1.0,1.0,0.0
9181,substation_9181.png,1.0,0.0,0.0,0.0,0.0,0.0
9179,substation_9179.png,0.0,0.0,0.0,0.0,0.0,0.0
9183,substation_9183.png,0.0,0.0,0.0,0.0,0.0,0.0
9180,substation_9180.png,5.0,0.0,1.0,0.0,0.0,0.0
9184,substation_9184.png,0.0,0.0,0.0,0.0,1.0,0.0
9182,substation_9182.png,3.0,0.0,0.0,0.0,0.0,0.0
9186,substation_9186.png,2.0,0.0,0.0,0.0,0.0,0.0
9189,substation_9189.png,1.0,0.0,0.0,0.0,0.0,0.0
9187,substation_9187.png,7.0,0.0,0.0,1.0,0.0,0.0
9188,substation_9188.png,1.0,0.0,0.0,0.0,0.0,0.0
9185,substation_9185.png,1.0,0.0,0.0,0.0,0.0,0.0
9193,substation_9193.png,0.0,0.0,0.0,1.0,0.0,0.0
9190,substation_9190.png,1.0,0.0,0.0,0.0,0.0,0.0
9192,substation_9192.png,1.0,0.0,0.0,0.0,0.0,0.0
9194,substation_9194.png,0.0,0.0,0.0,0.0,0.0,0.0
9191,substation_9191.png,3.0,0.0,0.0,0.0,0.0,0.0
9201,substation_9201.png,1.0,0.0,0.0,0.0,0.0,0.0
9200,substation_9200.png,3.0,0.0,1.0,0.0,0.0,0.0
9196,substation_9196.png,3.0,0.0,0.0,0.0,0.0,0.0
9198,substation_9198.png,2.0,0.0,0.0,0.0,0.0,0.0
9202,substation_9202.png,2.0,0.0,0.0,0.0,0.0,0.0
9195,substation_9195.png,0.0,0.0,0.0,0.0,0.0,0.0
9199,substation_9199.png,1.0,0.0,0.0,0.0,0.0,0.0
9197,substation_9197.png,1.0,0.0,0.0,0.0,0.0,0.0
9206,substation_9206.png,0.0,0.0,2.0,0.0,0.0,0.0
9204,substation_9204.png,0.0,0.0,0.0,0.0,0.0,0.0
9207,substation_9207.png,2.0,0.0,0.0,1.0,0.0,0.0
9209,substation_9209.png,1.0,1.0,0.0,0.0,0.0,0.0
9211,substation_9211.png,6.0,0.0,3.0,0.0,0.0,0.0
9205,substation_9205.png,0.0,0.0,1.0,0.0,0.0,0.0
9203,substation_9203.png,0.0,0.0,0.0,0.0,0.0,0.0
9210,substation_9210.png,0.0,0.0,3.0,0.0,0.0,0.0
9212,substation_9212.png,5.0,0.0,0.0,1.0,0.0,0.0
9208,substation_9208.png,2.0,0.0,0.0,0.0,0.0,0.0
9216,substation_9216.png,1.0,0.0,0.0,0.0,0.0,0.0
9215,substation_9215.png,2.0,0.0,0.0,0.0,0.0,0.0
9213,substation_9213.png,4.0,0.0,1.0,2.0,0.0,0.0
9214,substation_9214.png,3.0,0.0,0.0,0.0,0.0,0.0
9217,substation_9217.png,0.0,1.0,0.0,1.0,0.0,0.0
9221,substation_9221.png,1.0,0.0,0.0,0.0,0.0,0.0
9219,substation_9219.png,1.0,0.0,0.0,0.0,0.0,0.0
9218,substation_9218.png,1.0,0.0,0.0,0.0,0.0,0.0
9220,substation_9220.png,1.0,0.0,0.0,0.0,0.0,0.0
9223,substation_9223.png,0.0,0.0,0.0,0.0,1.0,0.0
9222,substation_9222.png,1.0,0.0,0.0,0.0,1.0,0.0
9227,substation_9227.png,0.0,0.0,0.0,0.0,0.0,0.0
9224,substation_9224.png,4.0,0.0,0.0,0.0,0.0,0.0
9226,substation_9226.png,1.0,0.0,0.0,0.0,0.0,0.0
9229,substation_9229.png,3.0,0.0,0.0,0.0,0.0,0.0
9228,substation_9228.png,4.0,2.0,0.0,0.0,0.0,0.0
9225,substation_9225.png,8.0,0.0,0.0,0.0,0.0,0.0
9230,substation_9230.png,0.0,0.0,1.0,0.0,0.0,0.0
9231,substation_9231.png,0.0,0.0,0.0,0.0,0.0,0.0
9234,substation_9234.png,2.0,0.0,0.0,1.0,0.0,0.0
9232,substation_9232.png,1.0,0.0,0.0,0.0,0.0,0.0
9239,substation_9239.png,0.0,0.0,1.0,1.0,0.0,0.0
9237,substation_9237.png,0.0,0.0,0.0,0.0,1.0,0.0
9238,substation_9238.png,0.0,0.0,0.0,1.0,0.0,0.0
9236,substation_9236.png,2.0,0.0,0.0,0.0,0.0,0.0
9233,substation_9233.png,0.0,0.0,0.0,2.0,0.0,0.0
9235,substation_9235.png,2.0,0.0,0.0,0.0,0.0,0.0
9241,substation_9241.png,2.0,0.0,0.0,1.0,0.0,0.0
9240,substation_9240.png,3.0,0.0,2.0,0.0,0.0,0.0
9242,substation_9242.png,0.0,0.0,0.0,0.0,0.0,0.0
9243,substation_9243.png,1.0,0.0,2.0,0.0,0.0,0.0
9245,substation_9245.png,0.0,0.0,0.0,1.0,0.0,0.0
9244,substation_9244.png,0.0,0.0,4.0,1.0,0.0,0.0
9246,substation_9246.png,2.0,0.0,0.0,0.0,0.0,0.0
9247,substation_9247.png,0.0,0.0,0.0,2.0,0.0,0.0
9251,substation_9251.png,1.0,0.0,0.0,0.0,0.0,0.0
9250,substation_9250.png,0.0,0.0,0.0,1.0,0.0,0.0
9253,substation_9253.png,0.0,0.0,5.0,0.0,0.0,0.0
9252,substation_9252.png,1.0,0.0,0.0,1.0,0.0,0.0
9254,substation_9254.png,1.0,0.0,10.0,0.0,0.0,0.0
9248,substation_9248.png,1.0,0.0,0.0,1.0,0.0,0.0
9249,substation_9249.png,1.0,0.0,0.0,0.0,0.0,0.0
9256,substation_9256.png,3.0,0.0,4.0,0.0,0.0,0.0
9264,substation_9264.png,2.0,0.0,0.0,0.0,0.0,0.0
9255,substation_9255.png,2.0,0.0,0.0,0.0,0.0,0.0
9258,substation_9258.png,0.0,0.0,0.0,0.0,0.0,0.0
9260,substation_9260.png,0.0,1.0,0.0,7.0,0.0,0.0
9261,substation_9261.png,1.0,0.0,0.0,0.0,0.0,0.0
9257,substation_9257.png,4.0,0.0,4.0,0.0,0.0,0.0
9262,substation_9262.png,2.0,0.0,0.0,0.0,0.0,0.0
9259,substation_9259.png,5.0,0.0,0.0,0.0,0.0,0.0
9263,substation_9263.png,3.0,0.0,0.0,0.0,0.0,0.0
9265,substation_9265.png,1.0,0.0,0.0,0.0,0.0,0.0
9266,substation_9266.png,4.0,0.0,0.0,0.0,0.0,0.0
9267,substation_9267.png,1.0,2.0,5.0,0.0,0.0,0.0
9268,substation_9268.png,3.0,0.0,3.0,2.0,0.0,0.0
9271,substation_9271.png,1.0,0.0,0.0,0.0,0.0,0.0
9276,substation_9276.png,0.0,0.0,1.0,0.0,0.0,0.0
9269,substation_9269.png,1.0,0.0,0.0,0.0,0.0,0.0
9270,substation_9270.png,0.0,0.0,0.0,0.0,0.0,0.0
9273,substation_9273.png,2.0,0.0,8.0,0.0,0.0,0.0
9272,substation_9272.png,3.0,0.0,4.0,0.0,0.0,0.0
9275,substation_9275.png,0.0,0.0,10.0,0.0,0.0,0.0
9274,substation_9274.png,1.0,0.0,0.0,0.0,0.0,0.0
9277,substation_9277.png,0.0,0.0,2.0,0.0,0.0,0.0
9283,substation_9283.png,4.0,0.0,5.0,1.0,0.0,0.0
9280,substation_9280.png,4.0,0.0,4.0,0.0,0.0,0.0
9279,substation_9279.png,2.0,0.0,0.0,0.0,0.0,0.0
9282,substation_9282.png,1.0,0.0,3.0,0.0,0.0,0.0
9278,substation_9278.png,2.0,1.0,0.0,0.0,0.0,0.0
9285,substation_9285.png,0.0,0.0,0.0,0.0,0.0,0.0
9284,substation_9284.png,0.0,0.0,0.0,2.0,0.0,0.0
9281,substation_9281.png,0.0,0.0,0.0,0.0,0.0,0.0
9288,substation_9288.png,3.0,0.0,0.0,0.0,0.0,0.0
9286,substation_9286.png,0.0,1.0,0.0,0.0,0.0,0.0
9287,substation_9287.png,0.0,0.0,0.0,0.0,0.0,0.0
9289,substation_9289.png,3.0,0.0,4.0,0.0,1.0,0.0
9291,substation_9291.png,0.0,0.0,0.0,0.0,0.0,0.0
9297,substation_9297.png,1.0,0.0,0.0,0.0,0.0,0.0
9295,substation_9295.png,3.0,0.0,8.0,0.0,0.0,0.0
9290,substation_9290.png,4.0,0.0,8.0,0.0,0.0,0.0
9292,substation_9292.png,2.0,0.0,2.0,0.0,0.0,0.0
9293,substation_9293.png,3.0,0.0,7.0,0.0,0.0,0.0
9299,substation_9299.png,1.0,0.0,2.0,0.0,0.0,0.0
9294,substation_9294.png,0.0,0.0,2.0,0.0,0.0,0.0
9300,substation_9300.png,1.0,0.0,0.0,0.0,0.0,0.0
9296,substation_9296.png,0.0,0.0,0.0,0.0,0.0,0.0
9298,substation_9298.png,2.0,0.0,0.0,0.0,0.0,0.0
9303,substation_9303.png,0.0,0.0,0.0,2.0,0.0,0.0
9301,substation_9301.png,1.0,0.0,2.0,1.0,0.0,0.0
9302,substation_9302.png,0.0,0.0,0.0,0.0,0.0,0.0
9305,substation_9305.png,3.0,0.0,1.0,0.0,0.0,0.0
9304,substation_9304.png,2.0,0.0,0.0,0.0,0.0,0.0
9308,substation_9308.png,0.0,1.0,0.0,2.0,0.0,0.0
9312,substation_9312.png,1.0,0.0,0.0,0.0,0.0,0.0
9306,substation_9306.png,1.0,0.0,1.0,0.0,0.0,0.0
9307,substation_9307.png,1.0,0.0,2.0,0.0,0.0,0.0
9311,substation_9311.png,2.0,0.0,0.0,0.0,0.0,0.0
9310,substation_9310.png,0.0,0.0,0.0,0.0,0.0,0.0
9309,substation_9309.png,3.0,0.0,1.0,0.0,0.0,0.0
9315,substation_9315.png,1.0,0.0,0.0,0.0,0.0,0.0
9316,substation_9316.png,1.0,0.0,0.0,0.0,0.0,0.0
9314,substation_9314.png,0.0,0.0,0.0,0.0,0.0,0.0
9318,substation_9318.png,2.0,0.0,0.0,0.0,0.0,0.0
9313,substation_9313.png,0.0,0.0,0.0,0.0,0.0,0.0
9319,substation_9319.png,1.0,0.0,0.0,0.0,0.0,0.0
9317,substation_9317.png,2.0,0.0,0.0,0.0,0.0,0.0
9320,substation_9320.png,0.0,0.0,0.0,0.0,0.0,0.0
9322,substation_9322.png,1.0,0.0,0.0,0.0,0.0,0.0
9321,substation_9321.png,1.0,0.0,0.0,2.0,0.0,0.0
9323,substation_9323.png,1.0,0.0,0.0,0.0,0.0,0.0
9325,substation_9325.png,1.0,0.0,0.0,0.0,0.0,0.0
9324,substation_9324.png,0.0,0.0,0.0,0.0,0.0,0.0
9329,substation_9329.png,0.0,0.0,0.0,0.0,0.0,0.0
9328,substation_9328.png,2.0,0.0,0.0,0.0,0.0,0.0
9327,substation_9327.png,1.0,0.0,0.0,0.0,0.0,0.0
9334,substation_9334.png,1.0,0.0,0.0,0.0,0.0,0.0
9330,substation_9330.png,1.0,0.0,0.0,0.0,0.0,0.0
9331,substation_9331.png,0.0,0.0,0.0,0.0,0.0,0.0
9326,substation_9326.png,6.0,0.0,0.0,0.0,0.0,0.0
9335,substation_9335.png,0.0,0.0,0.0,0.0,0.0,0.0
9333,substation_9333.png,0.0,0.0,0.0,0.0,0.0,0.0
9332,substation_9332.png,3.0,0.0,0.0,0.0,0.0,0.0
9340,substation_9340.png,1.0,0.0,0.0,0.0,1.0,0.0
9339,substation_9339.png,1.0,0.0,0.0,0.0,0.0,0.0
9336,substation_9336.png,0.0,0.0,0.0,0.0,0.0,0.0
9337,substation_9337.png,0.0,0.0,2.0,3.0,0.0,0.0
9341,substation_9341.png,0.0,0.0,0.0,0.0,0.0,0.0
9338,substation_9338.png,2.0,0.0,0.0,0.0,0.0,0.0
9342,substation_9342.png,0.0,0.0,0.0,0.0,0.0,0.0
9343,substation_9343.png,0.0,0.0,0.0,0.0,0.0,0.0
9344,substation_9344.png,2.0,0.0,0.0,0.0,0.0,0.0
9345,substation_9345.png,0.0,0.0,0.0,0.0,1.0,0.0
9349,substation_9349.png,1.0,0.0,0.0,0.0,0.0,0.0
9347,substation_9347.png,0.0,0.0,0.0,0.0,0.0,0.0
9348,substation_9348.png,1.0,0.0,0.0,0.0,0.0,0.0
9353,substation_9353.png,1.0,0.0,0.0,0.0,0.0,0.0
9346,substation_9346.png,0.0,0.0,0.0,0.0,0.0,0.0
9354,substation_9354.png,3.0,0.0,0.0,2.0,0.0,0.0
9350,substation_9350.png,2.0,0.0,0.0,0.0,0.0,0.0
9351,substation_9351.png,5.0,0.0,0.0,0.0,0.0,0.0
9352,substation_9352.png,0.0,0.0,0.0,0.0,0.0,0.0
9355,substation_9355.png,0.0,1.0,1.0,0.0,0.0,0.0
9356,substation_9356.png,1.0,0.0,5.0,0.0,0.0,0.0
9361,substation_9361.png,1.0,0.0,0.0,0.0,0.0,0.0
9358,substation_9358.png,4.0,0.0,0.0,1.0,0.0,0.0
9359,substation_9359.png,1.0,0.0,0.0,0.0,0.0,0.0
9357,substation_9357.png,0.0,0.0,0.0,0.0,1.0,0.0
9365,substation_9365.png,2.0,0.0,0.0,0.0,0.0,0.0
9362,substation_9362.png,1.0,0.0,5.0,2.0,0.0,0.0
9360,substation_9360.png,2.0,0.0,0.0,0.0,1.0,0.0
9364,substation_9364.png,0.0,1.0,0.0,0.0,0.0,0.0
9366,substation_9366.png,1.0,0.0,0.0,1.0,0.0,0.0
9363,substation_9363.png,0.0,0.0,0.0,1.0,0.0,0.0
9369,substation_9369.png,1.0,0.0,1.0,3.0,0.0,0.0
9368,substation_9368.png,3.0,0.0,0.0,0.0,0.0,0.0
9367,substation_9367.png,0.0,0.0,0.0,0.0,0.0,0.0
9370,substation_9370.png,2.0,0.0,0.0,0.0,1.0,0.0
9371,substation_9371.png,2.0,0.0,1.0,1.0,0.0,0.0
9372,substation_9372.png,0.0,0.0,2.0,0.0,0.0,0.0
9374,substation_9374.png,0.0,0.0,0.0,1.0,0.0,0.0
9373,substation_9373.png,1.0,0.0,0.0,0.0,0.0,0.0
9375,substation_9375.png,4.0,0.0,0.0,0.0,0.0,0.0
9379,substation_9379.png,0.0,0.0,2.0,0.0,0.0,0.0
9377,substation_9377.png,1.0,0.0,0.0,0.0,0.0,0.0
9376,substation_9376.png,1.0,0.0,0.0,0.0,0.0,0.0
9378,substation_9378.png,0.0,0.0,0.0,0.0,0.0,0.0
9380,substation_9380.png,4.0,0.0,0.0,1.0,0.0,0.0
9381,substation_9381.png,2.0,0.0,0.0,0.0,0.0,0.0
9384,substation_9384.png,0.0,0.0,0.0,0.0,0.0,0.0
9383,substation_9383.png,0.0,0.0,0.0,1.0,0.0,0.0
9385,substation_9385.png,4.0,0.0,0.0,0.0,0.0,0.0
9382,substation_9382.png,1.0,0.0,0.0,0.0,0.0,0.0
9388,substation_9388.png,2.0,0.0,0.0,0.0,0.0,0.0
9386,substation_9386.png,0.0,0.0,0.0,0.0,0.0,0.0
9387,substation_9387.png,0.0,0.0,0.0,0.0,0.0,0.0
9390,substation_9390.png,0.0,0.0,0.0,0.0,1.0,0.0
9391,substation_9391.png,3.0,1.0,0.0,0.0,0.0,0.0
9394,substation_9394.png,1.0,0.0,0.0,0.0,0.0,0.0
9392,substation_9392.png,2.0,0.0,0.0,0.0,0.0,0.0
9393,substation_9393.png,1.0,0.0,0.0,0.0,0.0,0.0
9395,substation_9395.png,2.0,0.0,0.0,1.0,0.0,0.0
9389,substation_9389.png,1.0,0.0,0.0,0.0,1.0,0.0
9397,substation_9397.png,1.0,0.0,0.0,1.0,0.0,0.0
9399,substation_9399.png,0.0,0.0,0.0,0.0,0.0,0.0
9396,substation_9396.png,1.0,0.0,0.0,0.0,0.0,0.0
9398,substation_9398.png,1.0,0.0,0.0,0.0,0.0,0.0
9400,substation_9400.png,2.0,0.0,0.0,0.0,0.0,0.0
9403,substation_9403.png,0.0,0.0,0.0,1.0,0.0,0.0
9406,substation_9406.png,0.0,0.0,0.0,0.0,0.0,0.0
9405,substation_9405.png,1.0,0.0,0.0,3.0,0.0,0.0
9407,substation_9407.png,0.0,1.0,0.0,0.0,0.0,0.0
9402,substation_9402.png,0.0,0.0,0.0,0.0,0.0,0.0
9401,substation_9401.png,0.0,0.0,1.0,0.0,0.0,0.0
9408,substation_9408.png,0.0,0.0,0.0,0.0,0.0,0.0
9409,substation_9409.png,0.0,0.0,1.0,0.0,0.0,0.0
9413,substation_9413.png,0.0,0.0,0.0,0.0,0.0,0.0
9410,substation_9410.png,2.0,0.0,0.0,0.0,0.0,0.0
9412,substation_9412.png,0.0,0.0,0.0,0.0,0.0,0.0
9416,substation_9416.png,0.0,0.0,0.0,0.0,0.0,0.0
9411,substation_9411.png,0.0,0.0,1.0,0.0,0.0,0.0
9415,substation_9415.png,1.0,0.0,0.0,0.0,0.0,0.0
9414,substation_9414.png,0.0,0.0,0.0,0.0,0.0,0.0
9417,substation_9417.png,2.0,0.0,0.0,0.0,0.0,0.0
9404,substation_9404.png,1.0,0.0,0.0,0.0,1.0,0.0
9420,substation_9420.png,0.0,0.0,0.0,0.0,0.0,0.0
9422,substation_9422.png,1.0,0.0,0.0,0.0,0.0,0.0
9419,substation_9419.png,0.0,0.0,0.0,14.0,0.0,0.0
9418,substation_9418.png,0.0,0.0,2.0,0.0,1.0,0.0
9421,substation_9421.png,0.0,0.0,0.0,0.0,0.0,0.0
9424,substation_9424.png,0.0,0.0,0.0,0.0,0.0,0.0
9429,substation_9429.png,0.0,0.0,2.0,0.0,1.0,0.0
9423,substation_9423.png,2.0,0.0,0.0,0.0,0.0,0.0
9427,substation_9427.png,0.0,0.0,0.0,0.0,0.0,0.0
9426,substation_9426.png,0.0,0.0,0.0,0.0,0.0,0.0
9425,substation_9425.png,7.0,0.0,0.0,0.0,0.0,0.0
9432,substation_9432.png,0.0,0.0,0.0,0.0,1.0,0.0
9431,substation_9431.png,2.0,0.0,0.0,0.0,0.0,0.0
9428,substation_9428.png,1.0,0.0,0.0,0.0,1.0,0.0
9430,substation_9430.png,0.0,0.0,0.0,0.0,0.0,0.0
9433,substation_9433.png,3.0,0.0,4.0,0.0,0.0,0.0
9434,substation_9434.png,0.0,1.0,0.0,0.0,0.0,0.0
9436,substation_9436.png,0.0,1.0,0.0,0.0,0.0,0.0
9435,substation_9435.png,0.0,0.0,0.0,0.0,0.0,0.0
9437,substation_9437.png,0.0,0.0,0.0,0.0,1.0,0.0
9440,substation_9440.png,0.0,0.0,0.0,0.0,0.0,0.0
9438,substation_9438.png,0.0,0.0,0.0,0.0,0.0,0.0
9439,substation_9439.png,0.0,0.0,0.0,0.0,0.0,0.0
9442,substation_9442.png,0.0,0.0,0.0,0.0,0.0,0.0
9443,substation_9443.png,1.0,0.0,1.0,0.0,0.0,0.0
9441,substation_9441.png,0.0,0.0,1.0,0.0,0.0,0.0
9445,substation_9445.png,0.0,0.0,0.0,0.0,0.0,0.0
9444,substation_9444.png,1.0,0.0,0.0,1.0,0.0,0.0
9446,substation_9446.png,0.0,0.0,0.0,0.0,0.0,0.0
9450,substation_9450.png,0.0,0.0,0.0,0.0,1.0,0.0
9451,substation_9451.png,3.0,0.0,0.0,0.0,0.0,0.0
9448,substation_9448.png,2.0,0.0,2.0,0.0,0.0,0.0
9455,substation_9455.png,0.0,1.0,0.0,0.0,0.0,0.0
9447,substation_9447.png,1.0,0.0,0.0,1.0,0.0,0.0
9452,substation_9452.png,1.0,0.0,0.0,0.0,0.0,0.0
9449,substation_9449.png,2.0,0.0,14.0,0.0,0.0,0.0
9454,substation_9454.png,0.0,0.0,0.0,0.0,0.0,0.0
9457,substation_9457.png,1.0,0.0,0.0,1.0,0.0,0.0
9456,substation_9456.png,0.0,1.0,0.0,1.0,0.0,0.0
9458,substation_9458.png,1.0,0.0,3.0,0.0,0.0,0.0
9453,substation_9453.png,1.0,0.0,0.0,0.0,0.0,0.0
9460,substation_9460.png,0.0,0.0,0.0,0.0,0.0,0.0
9459,substation_9459.png,0.0,0.0,0.0,0.0,0.0,0.0
9461,substation_9461.png,0.0,0.0,0.0,0.0,0.0,0.0
9466,substation_9466.png,0.0,0.0,0.0,0.0,0.0,0.0
9463,substation_9463.png,0.0,0.0,0.0,0.0,0.0,0.0
9467,substation_9467.png,0.0,0.0,1.0,0.0,0.0,0.0
9468,substation_9468.png,1.0,0.0,0.0,0.0,2.0,0.0
9462,substation_9462.png,0.0,0.0,0.0,0.0,1.0,0.0
9465,substation_9465.png,0.0,0.0,0.0,0.0,0.0,0.0
9469,substation_9469.png,0.0,0.0,0.0,0.0,0.0,0.0
9464,substation_9464.png,0.0,0.0,0.0,0.0,1.0,0.0
9472,substation_9472.png,0.0,0.0,2.0,0.0,1.0,0.0
9470,substation_9470.png,3.0,1.0,0.0,0.0,1.0,0.0
9471,substation_9471.png,0.0,0.0,1.0,3.0,0.0,0.0
9473,substation_9473.png,0.0,0.0,0.0,0.0,1.0,0.0
9475,substation_9475.png,0.0,0.0,0.0,0.0,1.0,0.0
9474,substation_9474.png,0.0,0.0,1.0,0.0,0.0,0.0
9476,substation_9476.png,0.0,0.0,0.0,0.0,1.0,0.0
9477,substation_9477.png,4.0,0.0,0.0,0.0,0.0,0.0
9481,substation_9481.png,0.0,2.0,0.0,1.0,0.0,0.0
9480,substation_9480.png,1.0,0.0,0.0,0.0,1.0,0.0
9479,substation_9479.png,3.0,0.0,0.0,0.0,0.0,0.0
9486,substation_9486.png,1.0,0.0,0.0,0.0,0.0,0.0
9483,substation_9483.png,0.0,0.0,0.0,1.0,0.0,0.0
9485,substation_9485.png,0.0,0.0,3.0,0.0,0.0,0.0
9484,substation_9484.png,0.0,0.0,0.0,1.0,1.0,0.0
9478,substation_9478.png,0.0,0.0,1.0,0.0,0.0,0.0
9487,substation_9487.png,2.0,0.0,1.0,0.0,0.0,0.0
9490,substation_9490.png,0.0,0.0,0.0,1.0,0.0,0.0
9482,substation_9482.png,0.0,0.0,1.0,0.0,1.0,0.0
9491,substation_9491.png,0.0,0.0,0.0,0.0,0.0,0.0
9493,substation_9493.png,0.0,0.0,0.0,0.0,0.0,0.0
9495,substation_9495.png,0.0,0.0,0.0,0.0,1.0,0.0
9494,substation_9494.png,0.0,0.0,0.0,0.0,0.0,0.0
9492,substation_9492.png,1.0,0.0,0.0,0.0,0.0,0.0
9488,substation_9488.png,3.0,0.0,0.0,0.0,0.0,0.0
9497,substation_9497.png,1.0,4.0,0.0,2.0,0.0,0.0
9489,substation_9489.png,0.0,0.0,0.0,0.0,0.0,0.0
9496,substation_9496.png,5.0,0.0,0.0,1.0,0.0,0.0
9500,substation_9500.png,7.0,1.0,1.0,0.0,0.0,0.0
9498,substation_9498.png,1.0,0.0,0.0,0.0,0.0,0.0
9499,substation_9499.png,0.0,0.0,0.0,5.0,0.0,0.0
9505,substation_9505.png,0.0,0.0,0.0,0.0,1.0,0.0
9503,substation_9503.png,2.0,1.0,1.0,0.0,0.0,0.0
9504,substation_9504.png,0.0,0.0,0.0,0.0,0.0,0.0
9506,substation_9506.png,2.0,1.0,1.0,0.0,0.0,0.0
9509,substation_9509.png,2.0,0.0,0.0,0.0,0.0,0.0
9501,substation_9501.png,1.0,0.0,0.0,0.0,0.0,0.0
9507,substation_9507.png,0.0,0.0,2.0,0.0,0.0,0.0
9510,substation_9510.png,6.0,2.0,0.0,0.0,0.0,0.0
9502,substation_9502.png,0.0,0.0,0.0,1.0,0.0,0.0
9511,substation_9511.png,2.0,0.0,0.0,0.0,1.0,0.0
9508,substation_9508.png,1.0,0.0,2.0,1.0,0.0,0.0
9514,substation_9514.png,0.0,0.0,0.0,0.0,1.0,0.0
9515,substation_9515.png,0.0,0.0,0.0,0.0,0.0,0.0
9513,substation_9513.png,1.0,0.0,0.0,0.0,0.0,0.0
9516,substation_9516.png,1.0,0.0,1.0,0.0,0.0,0.0
9519,substation_9519.png,0.0,0.0,0.0,0.0,0.0,0.0
9517,substation_9517.png,1.0,0.0,0.0,0.0,0.0,0.0
9512,substation_9512.png,0.0,0.0,0.0,2.0,0.0,0.0
9518,substation_9518.png,2.0,0.0,0.0,0.0,0.0,0.0
9522,substation_9522.png,1.0,0.0,0.0,0.0,0.0,0.0
9520,substation_9520.png,1.0,0.0,0.0,0.0,0.0,0.0
9521,substation_9521.png,0.0,0.0,0.0,0.0,0.0,0.0
9525,substation_9525.png,1.0,0.0,0.0,1.0,0.0,0.0
9523,substation_9523.png,0.0,0.0,0.0,0.0,0.0,0.0
9524,substation_9524.png,3.0,0.0,0.0,0.0,0.0,0.0
9526,substation_9526.png,2.0,0.0,0.0,0.0,0.0,0.0
9532,substation_9532.png,0.0,0.0,0.0,0.0,0.0,0.0
9531,substation_9531.png,1.0,0.0,0.0,0.0,0.0,0.0
9536,substation_9536.png,0.0,0.0,0.0,3.0,0.0,0.0
9527,substation_9527.png,0.0,0.0,0.0,0.0,0.0,0.0
9533,substation_9533.png,1.0,0.0,0.0,0.0,0.0,0.0
9529,substation_9529.png,2.0,0.0,0.0,2.0,0.0,0.0
9530,substation_9530.png,0.0,0.0,1.0,0.0,0.0,0.0
9535,substation_9535.png,0.0,0.0,0.0,0.0,0.0,0.0
9538,substation_9538.png,1.0,0.0,1.0,0.0,0.0,0.0
9537,substation_9537.png,5.0,0.0,1.0,0.0,0.0,0.0
9528,substation_9528.png,0.0,0.0,0.0,0.0,0.0,0.0
9539,substation_9539.png,0.0,0.0,0.0,0.0,0.0,0.0
9540,substation_9540.png,0.0,0.0,0.0,0.0,0.0,0.0
9541,substation_9541.png,2.0,0.0,4.0,0.0,0.0,0.0
9542,substation_9542.png,0.0,0.0,0.0,0.0,0.0,0.0
9543,substation_9543.png,0.0,0.0,0.0,0.0,1.0,0.0
9545,substation_9545.png,0.0,0.0,0.0,0.0,0.0,0.0
9544,substation_9544.png,1.0,0.0,1.0,0.0,0.0,0.0
9546,substation_9546.png,0.0,0.0,1.0,0.0,1.0,0.0
9551,substation_9551.png,7.0,0.0,0.0,0.0,0.0,0.0
9550,substation_9550.png,0.0,0.0,0.0,0.0,0.0,0.0
9547,substation_9547.png,0.0,0.0,0.0,1.0,0.0,0.0
9553,substation_9553.png,3.0,0.0,0.0,0.0,0.0,0.0
9549,substation_9549.png,2.0,0.0,0.0,1.0,0.0,0.0
9548,substation_9548.png,0.0,0.0,4.0,0.0,0.0,0.0
9554,substation_9554.png,0.0,0.0,0.0,0.0,1.0,0.0
9555,substation_9555.png,0.0,0.0,0.0,0.0,0.0,0.0
9556,substation_9556.png,0.0,0.0,0.0,0.0,0.0,0.0
9557,substation_9557.png,1.0,0.0,0.0,0.0,0.0,0.0
9558,substation_9558.png,4.0,0.0,1.0,0.0,0.0,0.0
9559,substation_9559.png,1.0,0.0,0.0,1.0,0.0,0.0
9563,substation_9563.png,0.0,0.0,0.0,1.0,0.0,0.0
9561,substation_9561.png,3.0,0.0,0.0,0.0,1.0,0.0
9560,substation_9560.png,0.0,0.0,0.0,0.0,0.0,0.0
9564,substation_9564.png,0.0,0.0,0.0,0.0,0.0,0.0
9565,substation_9565.png,0.0,0.0,0.0,0.0,0.0,0.0
9562,substation_9562.png,0.0,0.0,0.0,1.0,2.0,0.0
9566,substation_9566.png,1.0,0.0,0.0,0.0,1.0,0.0
9567,substation_9567.png,4.0,0.0,0.0,0.0,0.0,0.0
9576,substation_9576.png,0.0,0.0,0.0,1.0,0.0,0.0
9570,substation_9570.png,2.0,0.0,0.0,1.0,0.0,0.0
9573,substation_9573.png,1.0,0.0,4.0,0.0,0.0,0.0
9569,substation_9569.png,0.0,0.0,0.0,0.0,0.0,0.0
9572,substation_9572.png,1.0,0.0,3.0,0.0,0.0,0.0
9571,substation_9571.png,2.0,0.0,0.0,0.0,0.0,0.0
9568,substation_9568.png,0.0,0.0,0.0,0.0,0.0,0.0
9575,substation_9575.png,1.0,0.0,0.0,1.0,0.0,0.0
9577,substation_9577.png,1.0,0.0,0.0,0.0,0.0,0.0
9574,substation_9574.png,1.0,0.0,0.0,0.0,0.0,0.0
9584,substation_9584.png,2.0,0.0,0.0,0.0,0.0,0.0
9582,substation_9582.png,0.0,0.0,0.0,0.0,0.0,0.0
9579,substation_9579.png,1.0,0.0,2.0,0.0,0.0,0.0
9585,substation_9585.png,2.0,0.0,1.0,1.0,0.0,0.0
9580,substation_9580.png,0.0,0.0,0.0,1.0,0.0,0.0
9578,substation_9578.png,0.0,0.0,1.0,0.0,0.0,0.0
9583,substation_9583.png,0.0,0.0,3.0,0.0,0.0,0.0
9587,substation_9587.png,1.0,0.0,0.0,0.0,1.0,0.0
9588,substation_9588.png,0.0,0.0,0.0,0.0,0.0,0.0
9586,substation_9586.png,3.0,0.0,6.0,1.0,0.0,0.0
9589,substation_9589.png,0.0,0.0,0.0,0.0,0.0,0.0
9581,substation_9581.png,0.0,0.0,0.0,0.0,1.0,0.0
9590,substation_9590.png,0.0,0.0,0.0,0.0,0.0,0.0
9595,substation_9595.png,4.0,0.0,7.0,0.0,0.0,0.0
9591,substation_9591.png,1.0,0.0,0.0,0.0,0.0,0.0
9594,substation_9594.png,1.0,0.0,0.0,0.0,1.0,0.0
9597,substation_9597.png,0.0,0.0,0.0,1.0,0.0,0.0
9592,substation_9592.png,3.0,0.0,1.0,0.0,0.0,0.0
9600,substation_9600.png,5.0,0.0,0.0,0.0,0.0,0.0
9598,substation_9598.png,6.0,0.0,0.0,0.0,0.0,0.0
9596,substation_9596.png,0.0,0.0,15.0,0.0,0.0,0.0
9593,substation_9593.png,1.0,0.0,0.0,1.0,0.0,0.0
9599,substation_9599.png,1.0,0.0,1.0,0.0,0.0,0.0
9601,substation_9601.png,1.0,0.0,0.0,0.0,0.0,0.0
9603,substation_9603.png,0.0,0.0,0.0,0.0,0.0,0.0
9602,substation_9602.png,0.0,0.0,0.0,0.0,0.0,0.0
9605,substation_9605.png,0.0,0.0,0.0,1.0,2.0,0.0
9604,substation_9604.png,2.0,0.0,0.0,0.0,0.0,0.0
9607,substation_9607.png,0.0,0.0,0.0,0.0,0.0,0.0
9608,substation_9608.png,0.0,0.0,0.0,0.0,0.0,0.0
9606,substation_9606.png,3.0,0.0,0.0,0.0,0.0,0.0
9609,substation_9609.png,2.0,0.0,0.0,0.0,0.0,0.0
9616,substation_9616.png,1.0,0.0,1.0,0.0,0.0,0.0
9610,substation_9610.png,0.0,3.0,0.0,3.0,0.0,0.0
9611,substation_9611.png,0.0,0.0,0.0,0.0,1.0,0.0
9614,substation_9614.png,0.0,0.0,0.0,0.0,2.0,0.0
9617,substation_9617.png,0.0,0.0,1.0,0.0,0.0,0.0
9612,substation_9612.png,1.0,0.0,1.0,0.0,0.0,0.0
9615,substation_9615.png,0.0,0.0,1.0,0.0,0.0,0.0
9613,substation_9613.png,0.0,0.0,0.0,1.0,0.0,0.0
9618,substation_9618.png,1.0,0.0,0.0,0.0,0.0,0.0
9626,substation_9626.png,6.0,0.0,0.0,2.0,0.0,0.0
9625,substation_9625.png,6.0,0.0,5.0,0.0,0.0,0.0
9619,substation_9619.png,0.0,0.0,0.0,0.0,0.0,0.0
9620,substation_9620.png,0.0,0.0,0.0,0.0,0.0,0.0
9622,substation_9622.png,2.0,0.0,0.0,0.0,2.0,0.0
9623,substation_9623.png,3.0,0.0,0.0,0.0,1.0,0.0
9627,substation_9627.png,1.0,0.0,1.0,0.0,0.0,0.0
9624,substation_9624.png,0.0,0.0,0.0,0.0,0.0,0.0
9621,substation_9621.png,0.0,0.0,0.0,0.0,1.0,0.0
9628,substation_9628.png,2.0,0.0,2.0,0.0,0.0,0.0
9629,substation_9629.png,0.0,0.0,0.0,0.0,0.0,0.0
9632,substation_9632.png,0.0,0.0,0.0,0.0,0.0,0.0
9630,substation_9630.png,0.0,0.0,0.0,0.0,0.0,0.0
9631,substation_9631.png,0.0,0.0,0.0,0.0,0.0,0.0
9634,substation_9634.png,0.0,0.0,0.0,0.0,1.0,0.0
9633,substation_9633.png,0.0,0.0,0.0,0.0,1.0,0.0
9635,substation_9635.png,2.0,0.0,0.0,0.0,0.0,0.0
9637,substation_9637.png,3.0,0.0,0.0,0.0,0.0,0.0
9640,substation_9640.png,1.0,0.0,0.0,0.0,0.0,0.0
9638,substation_9638.png,1.0,0.0,0.0,0.0,0.0,0.0
9639,substation_9639.png,5.0,0.0,0.0,0.0,0.0,0.0
9642,substation_9642.png,2.0,0.0,2.0,0.0,0.0,0.0
9636,substation_9636.png,4.0,0.0,0.0,0.0,0.0,0.0
9643,substation_9643.png,0.0,0.0,0.0,0.0,0.0,0.0
9644,substation_9644.png,1.0,1.0,11.0,0.0,0.0,0.0
9641,substation_9641.png,0.0,0.0,0.0,2.0,1.0,0.0
9646,substation_9646.png,0.0,0.0,0.0,0.0,0.0,0.0
9645,substation_9645.png,0.0,0.0,0.0,0.0,0.0,0.0
9647,substation_9647.png,1.0,0.0,3.0,0.0,1.0,0.0
9648,substation_9648.png,2.0,0.0,0.0,0.0,0.0,0.0
9649,substation_9649.png,4.0,0.0,0.0,0.0,1.0,0.0
9650,substation_9650.png,1.0,0.0,2.0,1.0,0.0,0.0
9653,substation_9653.png,0.0,0.0,0.0,0.0,0.0,0.0
9652,substation_9652.png,0.0,0.0,0.0,0.0,0.0,0.0
9654,substation_9654.png,1.0,0.0,0.0,0.0,0.0,0.0
9660,substation_9660.png,1.0,0.0,0.0,0.0,2.0,0.0
9651,substation_9651.png,2.0,0.0,0.0,0.0,0.0,0.0
9655,substation_9655.png,0.0,0.0,0.0,0.0,0.0,0.0
9656,substation_9656.png,0.0,0.0,0.0,0.0,1.0,0.0
9659,substation_9659.png,3.0,2.0,0.0,0.0,0.0,0.0
9661,substation_9661.png,0.0,0.0,0.0,0.0,1.0,0.0
9662,substation_9662.png,0.0,0.0,0.0,0.0,1.0,0.0
9658,substation_9658.png,1.0,0.0,0.0,0.0,0.0,0.0
9657,substation_9657.png,0.0,0.0,0.0,0.0,1.0,0.0
9664,substation_9664.png,1.0,0.0,0.0,0.0,0.0,0.0
9663,substation_9663.png,6.0,2.0,0.0,0.0,0.0,0.0
9669,substation_9669.png,0.0,0.0,0.0,0.0,0.0,0.0
9667,substation_9667.png,0.0,0.0,0.0,0.0,0.0,0.0
9668,substation_9668.png,0.0,0.0,1.0,0.0,0.0,0.0
9665,substation_9665.png,0.0,0.0,0.0,0.0,1.0,0.0
9670,substation_9670.png,1.0,0.0,0.0,0.0,0.0,0.0
9666,substation_9666.png,7.0,0.0,0.0,1.0,0.0,0.0
9671,substation_9671.png,0.0,0.0,0.0,0.0,0.0,0.0
9673,substation_9673.png,2.0,0.0,0.0,0.0,0.0,0.0
9672,substation_9672.png,1.0,0.0,0.0,0.0,0.0,0.0
9674,substation_9674.png,2.0,0.0,0.0,0.0,1.0,0.0
9675,substation_9675.png,0.0,0.0,1.0,0.0,1.0,0.0
9676,substation_9676.png,0.0,0.0,5.0,0.0,0.0,0.0
9678,substation_9678.png,0.0,0.0,0.0,0.0,1.0,0.0
9685,substation_9685.png,0.0,0.0,2.0,0.0,0.0,0.0
9677,substation_9677.png,2.0,0.0,12.0,0.0,0.0,0.0
9679,substation_9679.png,0.0,0.0,0.0,0.0,0.0,0.0
9682,substation_9682.png,0.0,0.0,0.0,0.0,1.0,0.0
9680,substation_9680.png,0.0,0.0,1.0,0.0,1.0,0.0
9683,substation_9683.png,3.0,0.0,0.0,0.0,0.0,0.0
9681,substation_9681.png,0.0,0.0,0.0,0.0,0.0,0.0
9684,substation_9684.png,0.0,0.0,0.0,1.0,0.0,0.0
9687,substation_9687.png,1.0,0.0,0.0,0.0,0.0,0.0
9688,substation_9688.png,0.0,0.0,0.0,0.0,0.0,0.0
9686,substation_9686.png,1.0,0.0,0.0,0.0,0.0,0.0
9693,substation_9693.png,2.0,0.0,2.0,0.0,1.0,0.0
9689,substation_9689.png,0.0,0.0,1.0,0.0,0.0,0.0
9695,substation_9695.png,1.0,4.0,0.0,0.0,0.0,0.0
9696,substation_9696.png,0.0,0.0,3.0,0.0,0.0,0.0
9694,substation_9694.png,0.0,0.0,0.0,0.0,0.0,0.0
9692,substation_9692.png,0.0,0.0,0.0,0.0,0.0,0.0
9697,substation_9697.png,0.0,0.0,0.0,0.0,0.0,0.0
9691,substation_9691.png,1.0,0.0,0.0,0.0,0.0,0.0
9690,substation_9690.png,0.0,0.0,0.0,0.0,0.0,0.0
9700,substation_9700.png,4.0,0.0,0.0,0.0,1.0,0.0
9698,substation_9698.png,1.0,0.0,3.0,0.0,0.0,0.0
9699,substation_9699.png,0.0,0.0,5.0,0.0,0.0,0.0
9701,substation_9701.png,1.0,0.0,2.0,0.0,0.0,0.0
9702,substation_9702.png,0.0,0.0,0.0,0.0,0.0,0.0
9703,substation_9703.png,0.0,0.0,0.0,0.0,1.0,0.0
9704,substation_9704.png,0.0,0.0,0.0,0.0,0.0,0.0
9709,substation_9709.png,3.0,0.0,0.0,0.0,0.0,0.0
9705,substation_9705.png,1.0,0.0,0.0,0.0,0.0,0.0
9706,substation_9706.png,0.0,0.0,0.0,0.0,0.0,0.0
9708,substation_9708.png,0.0,0.0,0.0,0.0,0.0,0.0
9710,substation_9710.png,0.0,0.0,0.0,0.0,0.0,0.0
9711,substation_9711.png,0.0,0.0,0.0,0.0,1.0,0.0
9707,substation_9707.png,0.0,0.0,0.0,0.0,0.0,0.0
9713,substation_9713.png,0.0,0.0,0.0,0.0,1.0,0.0
9715,substation_9715.png,2.0,0.0,0.0,0.0,0.0,0.0
9714,substation_9714.png,0.0,0.0,0.0,0.0,0.0,0.0
9712,substation_9712.png,0.0,0.0,0.0,0.0,2.0,0.0
9717,substation_9717.png,0.0,0.0,0.0,0.0,0.0,0.0
9719,substation_9719.png,0.0,0.0,0.0,0.0,0.0,0.0
9716,substation_9716.png,0.0,0.0,0.0,0.0,0.0,0.0
9720,substation_9720.png,0.0,0.0,0.0,0.0,0.0,0.0
9721,substation_9721.png,3.0,0.0,0.0,0.0,0.0,0.0
9718,substation_9718.png,0.0,0.0,0.0,0.0,0.0,0.0
9727,substation_9727.png,0.0,0.0,0.0,0.0,0.0,0.0
9722,substation_9722.png,1.0,0.0,0.0,0.0,0.0,0.0
9724,substation_9724.png,0.0,0.0,0.0,0.0,0.0,0.0
9723,substation_9723.png,0.0,0.0,0.0,0.0,1.0,0.0
9726,substation_9726.png,2.0,0.0,0.0,0.0,0.0,0.0
9731,substation_9731.png,2.0,0.0,0.0,0.0,0.0,0.0
9728,substation_9728.png,0.0,0.0,0.0,0.0,0.0,0.0
9725,substation_9725.png,0.0,0.0,1.0,0.0,0.0,0.0
9730,substation_9730.png,1.0,0.0,12.0,0.0,0.0,0.0
9729,substation_9729.png,0.0,0.0,0.0,0.0,0.0,0.0
9732,substation_9732.png,0.0,0.0,0.0,0.0,0.0,0.0
9733,substation_9733.png,0.0,0.0,0.0,0.0,0.0,0.0
9734,substation_9734.png,3.0,0.0,0.0,0.0,1.0,0.0
9738,substation_9738.png,1.0,0.0,0.0,0.0,1.0,0.0
9735,substation_9735.png,0.0,0.0,0.0,1.0,0.0,0.0
9743,substation_9743.png,2.0,0.0,0.0,1.0,0.0,0.0
9737,substation_9737.png,0.0,0.0,0.0,0.0,0.0,0.0
9739,substation_9739.png,1.0,1.0,0.0,0.0,0.0,0.0
9741,substation_9741.png,0.0,0.0,0.0,0.0,0.0,0.0
9736,substation_9736.png,0.0,0.0,0.0,0.0,0.0,0.0
9740,substation_9740.png,0.0,0.0,0.0,0.0,0.0,0.0
9747,substation_9747.png,3.0,0.0,1.0,0.0,0.0,0.0
9744,substation_9744.png,0.0,0.0,0.0,0.0,0.0,0.0
9745,substation_9745.png,0.0,0.0,0.0,0.0,0.0,0.0
9750,substation_9750.png,1.0,0.0,0.0,0.0,0.0,0.0
9746,substation_9746.png,0.0,0.0,0.0,0.0,0.0,0.0
9742,substation_9742.png,0.0,0.0,3.0,0.0,0.0,0.0
9749,substation_9749.png,0.0,0.0,0.0,0.0,0.0,0.0
9748,substation_9748.png,0.0,0.0,0.0,8.0,0.0,0.0
9751,substation_9751.png,0.0,0.0,0.0,2.0,0.0,0.0
9754,substation_9754.png,2.0,0.0,0.0,0.0,0.0,0.0
9756,substation_9756.png,0.0,0.0,0.0,0.0,0.0,0.0
9753,substation_9753.png,0.0,0.0,0.0,1.0,0.0,0.0
9752,substation_9752.png,1.0,0.0,1.0,1.0,0.0,0.0
9757,substation_9757.png,1.0,0.0,0.0,0.0,0.0,0.0
9758,substation_9758.png,1.0,0.0,0.0,0.0,0.0,0.0
9759,substation_9759.png,1.0,0.0,3.0,0.0,0.0,0.0
9761,substation_9761.png,1.0,0.0,2.0,0.0,0.0,0.0
9760,substation_9760.png,0.0,0.0,6.0,0.0,0.0,0.0
9762,substation_9762.png,1.0,0.0,1.0,0.0,0.0,0.0
9755,substation_9755.png,1.0,0.0,0.0,0.0,0.0,0.0
9763,substation_9763.png,1.0,0.0,4.0,0.0,0.0,0.0
9764,substation_9764.png,3.0,0.0,0.0,0.0,0.0,0.0
9767,substation_9767.png,0.0,0.0,0.0,0.0,0.0,0.0
9769,substation_9769.png,3.0,0.0,6.0,0.0,0.0,0.0
9765,substation_9765.png,1.0,0.0,0.0,0.0,0.0,0.0
9766,substation_9766.png,1.0,0.0,0.0,0.0,0.0,0.0
9774,substation_9774.png,0.0,0.0,3.0,0.0,0.0,0.0
9770,substation_9770.png,0.0,0.0,0.0,1.0,0.0,0.0
9768,substation_9768.png,0.0,0.0,0.0,0.0,0.0,0.0
9771,substation_9771.png,0.0,0.0,2.0,0.0,1.0,0.0
9775,substation_9775.png,0.0,0.0,0.0,1.0,1.0,0.0
9773,substation_9773.png,3.0,0.0,0.0,0.0,0.0,0.0
9772,substation_9772.png,0.0,0.0,0.0,0.0,0.0,0.0
9776,substation_9776.png,0.0,0.0,0.0,1.0,0.0,0.0
9777,substation_9777.png,2.0,0.0,0.0,0.0,0.0,0.0
9779,substation_9779.png,0.0,0.0,0.0,0.0,0.0,0.0
9778,substation_9778.png,2.0,0.0,3.0,0.0,0.0,0.0
9782,substation_9782.png,0.0,0.0,0.0,0.0,1.0,0.0
9787,substation_9787.png,0.0,0.0,0.0,0.0,1.0,0.0
9781,substation_9781.png,0.0,0.0,0.0,0.0,0.0,0.0
9783,substation_9783.png,2.0,0.0,0.0,0.0,0.0,0.0
9780,substation_9780.png,1.0,0.0,0.0,0.0,0.0,0.0
9784,substation_9784.png,2.0,0.0,0.0,0.0,0.0,0.0
9785,substation_9785.png,0.0,0.0,0.0,0.0,1.0,0.0
9786,substation_9786.png,0.0,0.0,0.0,0.0,0.0,0.0
9788,substation_9788.png,1.0,0.0,0.0,0.0,0.0,0.0
9789,substation_9789.png,0.0,0.0,0.0,0.0,0.0,0.0
9796,substation_9796.png,1.0,0.0,0.0,0.0,1.0,0.0
9790,substation_9790.png,0.0,0.0,0.0,0.0,1.0,0.0
9799,substation_9799.png,0.0,0.0,0.0,0.0,0.0,0.0
9791,substation_9791.png,0.0,0.0,0.0,0.0,0.0,0.0
9797,substation_9797.png,4.0,0.0,0.0,0.0,0.0,0.0
9795,substation_9795.png,0.0,0.0,2.0,0.0,0.0,0.0
9798,substation_9798.png,2.0,0.0,0.0,0.0,0.0,0.0
9801,substation_9801.png,1.0,3.0,2.0,1.0,0.0,0.0
9793,substation_9793.png,1.0,10.0,0.0,0.0,0.0,0.0
9800,substation_9800.png,1.0,0.0,0.0,0.0,0.0,0.0
9794,substation_9794.png,0.0,0.0,2.0,1.0,0.0,0.0
9802,substation_9802.png,1.0,0.0,0.0,0.0,0.0,0.0
9803,substation_9803.png,0.0,0.0,0.0,0.0,1.0,0.0
9806,substation_9806.png,1.0,0.0,0.0,0.0,0.0,0.0
9807,substation_9807.png,0.0,0.0,0.0,0.0,0.0,0.0
9812,substation_9812.png,0.0,0.0,0.0,0.0,0.0,0.0
9810,substation_9810.png,7.0,0.0,0.0,0.0,0.0,0.0
9792,substation_9792.png,1.0,0.0,1.0,0.0,0.0,0.0
9805,substation_9805.png,0.0,0.0,0.0,0.0,1.0,0.0
9804,substation_9804.png,0.0,0.0,0.0,0.0,0.0,0.0
9808,substation_9808.png,2.0,0.0,2.0,0.0,1.0,0.0
9809,substation_9809.png,0.0,0.0,0.0,0.0,1.0,0.0
9811,substation_9811.png,1.0,0.0,0.0,0.0,1.0,0.0
9813,substation_9813.png,2.0,0.0,1.0,0.0,0.0,0.0
9816,substation_9816.png,1.0,0.0,0.0,0.0,0.0,0.0
9818,substation_9818.png,0.0,0.0,0.0,1.0,0.0,0.0
9815,substation_9815.png,4.0,0.0,0.0,0.0,0.0,0.0
9814,substation_9814.png,3.0,0.0,1.0,2.0,0.0,0.0
9823,substation_9823.png,0.0,0.0,0.0,0.0,1.0,0.0
9821,substation_9821.png,0.0,0.0,0.0,0.0,2.0,0.0
9822,substation_9822.png,0.0,0.0,0.0,3.0,0.0,0.0
9819,substation_9819.png,2.0,0.0,3.0,1.0,0.0,0.0
9825,substation_9825.png,3.0,0.0,0.0,0.0,0.0,0.0
9826,substation_9826.png,0.0,0.0,0.0,0.0,0.0,0.0
9817,substation_9817.png,0.0,0.0,3.0,0.0,1.0,0.0
9824,substation_9824.png,0.0,0.0,3.0,0.0,0.0,0.0
9820,substation_9820.png,0.0,0.0,0.0,0.0,0.0,0.0
9829,substation_9829.png,2.0,0.0,2.0,0.0,0.0,0.0
9828,substation_9828.png,2.0,0.0,0.0,0.0,0.0,0.0
9827,substation_9827.png,3.0,0.0,0.0,0.0,0.0,0.0
9830,substation_9830.png,0.0,0.0,2.0,0.0,0.0,0.0
9837,substation_9837.png,1.0,0.0,0.0,0.0,0.0,0.0
9831,substation_9831.png,0.0,0.0,0.0,0.0,0.0,0.0
9833,substation_9833.png,0.0,2.0,0.0,0.0,0.0,0.0
9836,substation_9836.png,1.0,0.0,0.0,0.0,0.0,0.0
9835,substation_9835.png,0.0,0.0,0.0,0.0,0.0,0.0
9838,substation_9838.png,1.0,0.0,0.0,0.0,0.0,0.0
9832,substation_9832.png,3.0,0.0,0.0,0.0,0.0,0.0
9840,substation_9840.png,0.0,0.0,0.0,1.0,0.0,0.0
9834,substation_9834.png,0.0,1.0,0.0,0.0,0.0,0.0
9839,substation_9839.png,0.0,0.0,0.0,0.0,0.0,0.0
9842,substation_9842.png,0.0,0.0,0.0,0.0,0.0,0.0
9847,substation_9847.png,3.0,0.0,0.0,0.0,0.0,0.0
9843,substation_9843.png,0.0,1.0,3.0,1.0,0.0,0.0
9841,substation_9841.png,0.0,0.0,0.0,1.0,0.0,0.0
9845,substation_9845.png,1.0,0.0,0.0,0.0,0.0,0.0
9848,substation_9848.png,3.0,0.0,0.0,0.0,0.0,0.0
9851,substation_9851.png,0.0,0.0,0.0,0.0,1.0,0.0
9846,substation_9846.png,2.0,0.0,0.0,0.0,0.0,0.0
9844,substation_9844.png,0.0,0.0,0.0,0.0,1.0,0.0
9849,substation_9849.png,0.0,0.0,0.0,0.0,0.0,0.0
9852,substation_9852.png,3.0,1.0,1.0,0.0,0.0,0.0
9853,substation_9853.png,0.0,0.0,0.0,0.0,0.0,0.0
9855,substation_9855.png,1.0,0.0,0.0,0.0,0.0,0.0
9850,substation_9850.png,1.0,0.0,1.0,0.0,0.0,0.0
9857,substation_9857.png,1.0,0.0,8.0,0.0,0.0,0.0
9854,substation_9854.png,0.0,0.0,3.0,0.0,0.0,0.0
9861,substation_9861.png,0.0,0.0,0.0,0.0,0.0,0.0
9860,substation_9860.png,0.0,0.0,0.0,0.0,0.0,0.0
9862,substation_9862.png,0.0,0.0,0.0,1.0,0.0,0.0
9856,substation_9856.png,1.0,0.0,0.0,0.0,0.0,0.0
9858,substation_9858.png,1.0,1.0,0.0,0.0,0.0,0.0
9859,substation_9859.png,0.0,0.0,0.0,1.0,0.0,0.0
9863,substation_9863.png,0.0,0.0,0.0,0.0,0.0,0.0
9864,substation_9864.png,0.0,0.0,0.0,1.0,1.0,0.0
9865,substation_9865.png,0.0,0.0,0.0,0.0,1.0,0.0
9871,substation_9871.png,2.0,0.0,0.0,0.0,0.0,0.0
9866,substation_9866.png,2.0,0.0,0.0,0.0,0.0,0.0
9867,substation_9867.png,1.0,0.0,0.0,0.0,0.0,0.0
9868,substation_9868.png,0.0,0.0,5.0,0.0,0.0,0.0
9875,substation_9875.png,2.0,0.0,0.0,0.0,0.0,0.0
9869,substation_9869.png,0.0,0.0,0.0,0.0,0.0,0.0
9870,substation_9870.png,1.0,1.0,0.0,0.0,0.0,0.0
9874,substation_9874.png,3.0,0.0,2.0,0.0,0.0,0.0
9872,substation_9872.png,0.0,0.0,0.0,0.0,0.0,0.0
9873,substation_9873.png,0.0,0.0,7.0,0.0,0.0,0.0
9876,substation_9876.png,2.0,0.0,0.0,0.0,0.0,0.0
9878,substation_9878.png,2.0,0.0,0.0,1.0,0.0,0.0
9877,substation_9877.png,0.0,0.0,0.0,0.0,0.0,0.0
9881,substation_9881.png,1.0,1.0,5.0,0.0,0.0,0.0
9883,substation_9883.png,0.0,0.0,0.0,0.0,0.0,0.0
9879,substation_9879.png,2.0,0.0,0.0,0.0,0.0,0.0
9885,substation_9885.png,0.0,0.0,0.0,0.0,1.0,0.0
9882,substation_9882.png,1.0,0.0,2.0,0.0,0.0,0.0
9880,substation_9880.png,0.0,0.0,0.0,0.0,0.0,0.0
9884,substation_9884.png,1.0,0.0,0.0,1.0,0.0,0.0
9886,substation_9886.png,0.0,0.0,0.0,0.0,1.0,0.0
9888,substation_9888.png,0.0,0.0,0.0,1.0,1.0,0.0
9891,substation_9891.png,0.0,0.0,0.0,0.0,0.0,0.0
9890,substation_9890.png,0.0,0.0,0.0,0.0,0.0,0.0
9889,substation_9889.png,2.0,0.0,0.0,0.0,0.0,0.0
9887,substation_9887.png,0.0,0.0,0.0,0.0,1.0,0.0
9893,substation_9893.png,1.0,0.0,0.0,0.0,0.0,0.0
9892,substation_9892.png,1.0,0.0,1.0,0.0,0.0,0.0
9896,substation_9896.png,0.0,0.0,0.0,0.0,0.0,0.0
9894,substation_9894.png,2.0,0.0,0.0,2.0,0.0,0.0
9898,substation_9898.png,0.0,0.0,1.0,0.0,0.0,0.0
9895,substation_9895.png,0.0,0.0,0.0,0.0,0.0,0.0
9897,substation_9897.png,0.0,0.0,0.0,1.0,0.0,0.0
9900,substation_9900.png,0.0,0.0,4.0,0.0,0.0,0.0
9899,substation_9899.png,1.0,0.0,2.0,0.0,0.0,0.0
9903,substation_9903.png,0.0,0.0,0.0,0.0,0.0,0.0
9901,substation_9901.png,0.0,0.0,0.0,0.0,1.0,0.0
9902,substation_9902.png,1.0,0.0,0.0,0.0,0.0,0.0
9909,substation_9909.png,0.0,0.0,0.0,3.0,0.0,0.0
9904,substation_9904.png,2.0,0.0,0.0,0.0,0.0,0.0
9905,substation_9905.png,1.0,0.0,0.0,0.0,1.0,0.0
9906,substation_9906.png,1.0,0.0,1.0,0.0,0.0,0.0
9908,substation_9908.png,0.0,0.0,0.0,0.0,0.0,0.0
9907,substation_9907.png,2.0,0.0,2.0,0.0,0.0,0.0
9910,substation_9910.png,1.0,0.0,1.0,0.0,0.0,0.0
9912,substation_9912.png,1.0,0.0,0.0,0.0,0.0,0.0
9913,substation_9913.png,2.0,0.0,0.0,0.0,0.0,0.0
9914,substation_9914.png,0.0,0.0,1.0,0.0,1.0,0.0
9916,substation_9916.png,2.0,0.0,0.0,0.0,0.0,0.0
9917,substation_9917.png,2.0,0.0,5.0,0.0,0.0,0.0
9915,substation_9915.png,0.0,0.0,0.0,0.0,0.0,0.0
9911,substation_9911.png,3.0,0.0,0.0,0.0,0.0,0.0
9918,substation_9918.png,1.0,0.0,0.0,0.0,0.0,0.0
9919,substation_9919.png,2.0,0.0,0.0,0.0,1.0,0.0
9921,substation_9921.png,0.0,0.0,0.0,0.0,0.0,0.0
9922,substation_9922.png,3.0,1.0,0.0,0.0,0.0,0.0
9924,substation_9924.png,2.0,0.0,2.0,0.0,0.0,0.0
9923,substation_9923.png,0.0,0.0,0.0,0.0,0.0,0.0
9925,substation_9925.png,0.0,0.0,0.0,1.0,0.0,0.0
9920,substation_9920.png,6.0,0.0,0.0,0.0,0.0,0.0
9926,substation_9926.png,0.0,0.0,0.0,0.0,0.0,0.0
9934,substation_9934.png,0.0,0.0,3.0,0.0,0.0,0.0
9927,substation_9927.png,1.0,0.0,0.0,0.0,1.0,0.0
9929,substation_9929.png,0.0,0.0,0.0,0.0,0.0,0.0
9931,substation_9931.png,0.0,0.0,0.0,0.0,0.0,0.0
9928,substation_9928.png,0.0,0.0,0.0,0.0,0.0,0.0
9935,substation_9935.png,6.0,0.0,1.0,0.0,0.0,0.0
9939,substation_9939.png,3.0,0.0,8.0,0.0,0.0,0.0
9930,substation_9930.png,0.0,0.0,1.0,0.0,0.0,0.0
9932,substation_9932.png,0.0,0.0,0.0,0.0,0.0,0.0
9938,substation_9938.png,0.0,0.0,0.0,0.0,1.0,0.0
9936,substation_9936.png,2.0,0.0,0.0,0.0,0.0,0.0
9933,substation_9933.png,0.0,0.0,0.0,0.0,1.0,0.0
9937,substation_9937.png,1.0,0.0,0.0,1.0,0.0,0.0
9941,substation_9941.png,1.0,0.0,0.0,0.0,2.0,0.0
9940,substation_9940.png,0.0,1.0,3.0,0.0,0.0,0.0
9944,substation_9944.png,0.0,0.0,0.0,0.0,0.0,0.0
9943,substation_9943.png,2.0,1.0,0.0,0.0,0.0,0.0
9942,substation_9942.png,2.0,0.0,4.0,0.0,0.0,0.0
9946,substation_9946.png,1.0,0.0,0.0,0.0,0.0,0.0
9956,substation_9956.png,0.0,0.0,0.0,0.0,1.0,0.0
9953,substation_9953.png,2.0,0.0,0.0,0.0,0.0,0.0
9951,substation_9951.png,2.0,0.0,0.0,0.0,0.0,0.0
9950,substation_9950.png,0.0,0.0,0.0,0.0,1.0,0.0
9945,substation_9945.png,0.0,0.0,0.0,0.0,1.0,0.0
9949,substation_9949.png,0.0,0.0,0.0,0.0,0.0,0.0
9952,substation_9952.png,9.0,0.0,0.0,0.0,1.0,0.0
9954,substation_9954.png,3.0,0.0,0.0,0.0,0.0,0.0
9955,substation_9955.png,1.0,0.0,0.0,0.0,0.0,0.0
9947,substation_9947.png,0.0,0.0,0.0,0.0,0.0,0.0
9948,substation_9948.png,0.0,0.0,0.0,0.0,0.0,0.0
9957,substation_9957.png,0.0,0.0,1.0,0.0,0.0,0.0
9959,substation_9959.png,4.0,0.0,5.0,0.0,0.0,0.0
9958,substation_9958.png,2.0,0.0,0.0,0.0,0.0,0.0
9962,substation_9962.png,0.0,0.0,0.0,0.0,0.0,0.0
9961,substation_9961.png,0.0,0.0,0.0,0.0,0.0,0.0
9960,substation_9960.png,0.0,0.0,0.0,0.0,0.0,0.0
9963,substation_9963.png,2.0,0.0,0.0,5.0,0.0,0.0
9965,substation_9965.png,2.0,0.0,3.0,0.0,0.0,0.0
9966,substation_9966.png,0.0,0.0,1.0,0.0,0.0,0.0
9967,substation_9967.png,0.0,0.0,0.0,0.0,0.0,0.0
9964,substation_9964.png,0.0,0.0,0.0,0.0,1.0,0.0
9968,substation_9968.png,0.0,0.0,0.0,0.0,0.0,0.0
9969,substation_9969.png,0.0,0.0,0.0,1.0,0.0,0.0
9971,substation_9971.png,0.0,0.0,0.0,0.0,1.0,0.0
9970,substation_9970.png,0.0,0.0,0.0,0.0,0.0,0.0
9974,substation_9974.png,0.0,0.0,0.0,0.0,0.0,0.0
9973,substation_9973.png,1.0,0.0,0.0,0.0,0.0,0.0
9972,substation_9972.png,0.0,0.0,0.0,0.0,0.0,0.0
9976,substation_9976.png,0.0,0.0,0.0,0.0,0.0,0.0
9977,substation_9977.png,1.0,0.0,2.0,2.0,0.0,0.0
9975,substation_9975.png,2.0,0.0,1.0,0.0,0.0,0.0
9980,substation_9980.png,0.0,0.0,0.0,0.0,0.0,0.0
9979,substation_9979.png,0.0,0.0,0.0,0.0,0.0,0.0
9978,substation_9978.png,0.0,0.0,0.0,3.0,0.0,0.0
9982,substation_9982.png,0.0,0.0,0.0,0.0,0.0,0.0
9984,substation_9984.png,2.0,0.0,0.0,0.0,0.0,0.0
9981,substation_9981.png,0.0,0.0,0.0,0.0,0.0,0.0
9986,substation_9986.png,1.0,0.0,0.0,0.0,0.0,0.0
9983,substation_9983.png,1.0,0.0,0.0,0.0,0.0,0.0
9989,substation_9989.png,0.0,0.0,0.0,0.0,0.0,0.0
9992,substation_9992.png,0.0,0.0,3.0,0.0,0.0,0.0
9988,substation_9988.png,0.0,0.0,0.0,0.0,0.0,0.0
9985,substation_9985.png,0.0,0.0,1.0,0.0,1.0,0.0
9990,substation_9990.png,0.0,0.0,0.0,0.0,1.0,0.0
9991,substation_9991.png,1.0,0.0,0.0,0.0,0.0,0.0
9987,substation_9987.png,0.0,0.0,0.0,0.0,0.0,0.0
9995,substation_9995.png,4.0,0.0,0.0,0.0,0.0,0.0
9998,substation_9998.png,0.0,0.0,0.0,0.0,0.0,0.0
9996,substation_9996.png,8.0,0.0,0.0,0.0,0.0,0.0
9993,substation_9993.png,1.0,1.0,0.0,0.0,0.0,0.0
10000,substation_10000.png,0.0,0.0,0.0,0.0,1.0,0.0
9994,substation_9994.png,0.0,0.0,0.0,0.0,0.0,0.0
9997,substation_9997.png,0.0,0.0,0.0,0.0,0.0,0.0
9999,substation_9999.png,3.0,1.0,0.0,0.0,0.0,0.0
10003,substation_10003.png,0.0,0.0,0.0,0.0,0.0,0.0
10002,substation_10002.png,2.0,0.0,0.0,0.0,2.0,0.0
10001,substation_10001.png,0.0,0.0,0.0,1.0,0.0,0.0
10007,substation_10007.png,2.0,0.0,0.0,0.0,0.0,0.0
10005,substation_10005.png,0.0,0.0,0.0,1.0,0.0,0.0
10004,substation_10004.png,4.0,0.0,1.0,0.0,0.0,0.0
10010,substation_10010.png,0.0,0.0,0.0,0.0,1.0,0.0
10008,substation_10008.png,0.0,0.0,0.0,0.0,0.0,0.0
10009,substation_10009.png,0.0,0.0,0.0,0.0,0.0,0.0
10006,substation_10006.png,1.0,0.0,0.0,0.0,0.0,0.0
10012,substation_10012.png,0.0,0.0,0.0,1.0,1.0,0.0
10014,substation_10014.png,3.0,0.0,2.0,0.0,0.0,0.0
10013,substation_10013.png,0.0,0.0,0.0,0.0,1.0,0.0
10011,substation_10011.png,0.0,0.0,0.0,0.0,0.0,0.0
10015,substation_10015.png,1.0,1.0,0.0,0.0,0.0,0.0
10016,substation_10016.png,2.0,0.0,0.0,0.0,0.0,0.0
10017,substation_10017.png,1.0,0.0,3.0,0.0,0.0,0.0
10021,substation_10021.png,1.0,0.0,0.0,0.0,0.0,0.0
10018,substation_10018.png,2.0,1.0,3.0,0.0,0.0,0.0
10020,substation_10020.png,1.0,0.0,0.0,0.0,0.0,0.0
10022,substation_10022.png,0.0,0.0,0.0,0.0,0.0,0.0
10019,substation_10019.png,1.0,0.0,0.0,0.0,0.0,0.0
10023,substation_10023.png,1.0,0.0,0.0,1.0,0.0,0.0
10028,substation_10028.png,5.0,0.0,0.0,2.0,0.0,0.0
10026,substation_10026.png,1.0,0.0,0.0,0.0,1.0,0.0
10024,substation_10024.png,0.0,0.0,0.0,1.0,0.0,0.0
10025,substation_10025.png,0.0,0.0,0.0,3.0,0.0,0.0
10027,substation_10027.png,1.0,0.0,0.0,0.0,0.0,0.0
10031,substation_10031.png,1.0,0.0,0.0,0.0,0.0,0.0
10036,substation_10036.png,0.0,0.0,0.0,0.0,0.0,0.0
10034,substation_10034.png,4.0,0.0,0.0,0.0,0.0,0.0
10033,substation_10033.png,1.0,0.0,0.0,0.0,0.0,0.0
10029,substation_10029.png,1.0,0.0,0.0,0.0,0.0,0.0
10032,substation_10032.png,0.0,0.0,0.0,1.0,0.0,0.0
10035,substation_10035.png,1.0,0.0,0.0,0.0,0.0,0.0
10030,substation_10030.png,0.0,0.0,0.0,0.0,1.0,0.0
10037,substation_10037.png,0.0,0.0,0.0,1.0,0.0,0.0
10039,substation_10039.png,0.0,0.0,0.0,0.0,0.0,0.0
10038,substation_10038.png,0.0,1.0,1.0,5.0,0.0,0.0
10044,substation_10044.png,0.0,1.0,0.0,0.0,0.0,0.0
10046,substation_10046.png,1.0,0.0,0.0,0.0,1.0,0.0
10043,substation_10043.png,0.0,0.0,0.0,0.0,0.0,0.0
10042,substation_10042.png,0.0,0.0,0.0,2.0,0.0,0.0
10049,substation_10049.png,0.0,0.0,3.0,0.0,0.0,0.0
10045,substation_10045.png,0.0,0.0,0.0,0.0,0.0,0.0
10040,substation_10040.png,0.0,0.0,0.0,0.0,0.0,0.0
10047,substation_10047.png,1.0,0.0,1.0,0.0,0.0,0.0
10041,substation_10041.png,0.0,0.0,0.0,0.0,0.0,0.0
10048,substation_10048.png,1.0,0.0,0.0,0.0,0.0,0.0
10051,substation_10051.png,0.0,0.0,0.0,0.0,0.0,0.0
10052,substation_10052.png,1.0,0.0,0.0,1.0,0.0,0.0
10053,substation_10053.png,2.0,0.0,0.0,0.0,0.0,0.0
10055,substation_10055.png,0.0,0.0,0.0,0.0,1.0,0.0
10054,substation_10054.png,2.0,0.0,0.0,0.0,0.0,0.0
10059,substation_10059.png,1.0,0.0,0.0,0.0,0.0,0.0
10050,substation_10050.png,0.0,1.0,0.0,0.0,0.0,0.0
10058,substation_10058.png,0.0,0.0,0.0,0.0,0.0,0.0
10057,substation_10057.png,0.0,0.0,1.0,0.0,0.0,0.0
10060,substation_10060.png,1.0,0.0,0.0,0.0,0.0,0.0
10061,substation_10061.png,1.0,1.0,1.0,0.0,0.0,0.0
10056,substation_10056.png,3.0,0.0,0.0,1.0,0.0,0.0
10063,substation_10063.png,9.0,0.0,0.0,0.0,0.0,0.0
10062,substation_10062.png,5.0,0.0,4.0,0.0,0.0,0.0
10064,substation_10064.png,3.0,0.0,0.0,0.0,0.0,0.0
10065,substation_10065.png,0.0,0.0,1.0,0.0,0.0,0.0
10067,substation_10067.png,2.0,0.0,0.0,0.0,0.0,0.0
10070,substation_10070.png,0.0,0.0,0.0,0.0,0.0,0.0
10066,substation_10066.png,1.0,0.0,0.0,0.0,1.0,0.0
10074,substation_10074.png,0.0,0.0,0.0,0.0,0.0,0.0
10071,substation_10071.png,0.0,0.0,0.0,0.0,0.0,0.0
10069,substation_10069.png,2.0,0.0,1.0,0.0,0.0,0.0
10068,substation_10068.png,4.0,0.0,0.0,0.0,0.0,0.0
10072,substation_10072.png,2.0,0.0,0.0,0.0,0.0,0.0
10073,substation_10073.png,1.0,0.0,0.0,0.0,0.0,0.0
10076,substation_10076.png,0.0,1.0,0.0,0.0,1.0,0.0
10077,substation_10077.png,1.0,0.0,0.0,0.0,0.0,0.0
10075,substation_10075.png,0.0,0.0,0.0,0.0,0.0,0.0
10078,substation_10078.png,1.0,0.0,0.0,0.0,1.0,0.0
10082,substation_10082.png,1.0,0.0,5.0,0.0,0.0,0.0
10080,substation_10080.png,2.0,0.0,0.0,0.0,0.0,0.0
10079,substation_10079.png,0.0,0.0,1.0,0.0,0.0,0.0
10085,substation_10085.png,0.0,0.0,1.0,0.0,1.0,0.0
10089,substation_10089.png,0.0,0.0,0.0,0.0,0.0,0.0
10083,substation_10083.png,0.0,0.0,0.0,0.0,0.0,0.0
10081,substation_10081.png,4.0,0.0,0.0,0.0,0.0,0.0
10084,substation_10084.png,0.0,0.0,0.0,0.0,0.0,0.0
10087,substation_10087.png,0.0,0.0,0.0,0.0,1.0,0.0
10086,substation_10086.png,0.0,0.0,1.0,0.0,1.0,0.0
10092,substation_10092.png,1.0,0.0,0.0,0.0,0.0,0.0
10091,substation_10091.png,3.0,6.0,0.0,0.0,0.0,0.0
10090,substation_10090.png,4.0,0.0,0.0,1.0,0.0,0.0
10093,substation_10093.png,3.0,0.0,0.0,0.0,0.0,0.0
10094,substation_10094.png,1.0,0.0,0.0,0.0,0.0,0.0
8094,substation_8094.png,0.0,0.0,0.0,0.0,0.0,0.0
8093,substation_8093.png,0.0,0.0,0.0,0.0,0.0,0.0
8096,substation_8096.png,2.0,0.0,0.0,0.0,0.0,0.0
8097,substation_8097.png,0.0,0.0,0.0,2.0,0.0,0.0
8092,substation_8092.png,0.0,0.0,3.0,1.0,0.0,0.0
8095,substation_8095.png,1.0,0.0,0.0,0.0,0.0,0.0
8100,substation_8100.png,0.0,0.0,0.0,0.0,0.0,0.0
8098,substation_8098.png,0.0,0.0,0.0,0.0,0.0,0.0
8103,substation_8103.png,0.0,0.0,0.0,1.0,0.0,0.0
8099,substation_8099.png,1.0,0.0,0.0,0.0,0.0,0.0
8101,substation_8101.png,0.0,0.0,0.0,0.0,0.0,0.0
8102,substation_8102.png,2.0,0.0,1.0,0.0,0.0,0.0
8107,substation_8107.png,1.0,0.0,0.0,0.0,0.0,0.0
8108,substation_8108.png,1.0,0.0,0.0,0.0,0.0,0.0
8104,substation_8104.png,0.0,0.0,0.0,0.0,0.0,0.0
8110,substation_8110.png,2.0,0.0,0.0,0.0,0.0,0.0
8112,substation_8112.png,0.0,1.0,0.0,0.0,0.0,0.0
8105,substation_8105.png,2.0,0.0,0.0,0.0,0.0,0.0
8114,substation_8114.png,0.0,0.0,0.0,0.0,0.0,0.0
8111,substation_8111.png,5.0,0.0,0.0,0.0,0.0,0.0
8106,substation_8106.png,0.0,0.0,0.0,0.0,0.0,0.0
8115,substation_8115.png,0.0,0.0,0.0,0.0,0.0,0.0
8109,substation_8109.png,3.0,1.0,0.0,0.0,0.0,0.0
8113,substation_8113.png,1.0,0.0,0.0,1.0,0.0,0.0
8116,substation_8116.png,2.0,0.0,0.0,0.0,1.0,0.0
8117,substation_8117.png,0.0,0.0,0.0,0.0,0.0,0.0
8120,substation_8120.png,0.0,0.0,0.0,0.0,0.0,0.0
8125,substation_8125.png,0.0,0.0,0.0,0.0,0.0,0.0
8122,substation_8122.png,0.0,0.0,4.0,0.0,0.0,0.0
8121,substation_8121.png,2.0,0.0,0.0,0.0,0.0,0.0
8119,substation_8119.png,1.0,0.0,0.0,0.0,1.0,0.0
8118,substation_8118.png,1.0,0.0,0.0,0.0,0.0,0.0
8123,substation_8123.png,1.0,0.0,3.0,0.0,1.0,0.0
8124,substation_8124.png,0.0,0.0,1.0,3.0,0.0,0.0
8126,substation_8126.png,0.0,0.0,2.0,0.0,0.0,0.0
8128,substation_8128.png,0.0,0.0,0.0,0.0,0.0,0.0
8127,substation_8127.png,0.0,0.0,2.0,0.0,0.0,0.0
8131,substation_8131.png,0.0,0.0,0.0,0.0,0.0,0.0
8133,substation_8133.png,2.0,0.0,1.0,0.0,0.0,0.0
8129,substation_8129.png,1.0,0.0,0.0,0.0,0.0,0.0
8130,substation_8130.png,2.0,0.0,0.0,0.0,0.0,0.0
8136,substation_8136.png,2.0,0.0,7.0,0.0,0.0,0.0
8135,substation_8135.png,0.0,0.0,0.0,0.0,0.0,0.0
8132,substation_8132.png,0.0,0.0,0.0,1.0,0.0,0.0
8137,substation_8137.png,1.0,0.0,2.0,0.0,0.0,0.0
8134,substation_8134.png,0.0,0.0,0.0,1.0,0.0,0.0
8138,substation_8138.png,0.0,0.0,0.0,0.0,0.0,0.0
8140,substation_8140.png,0.0,0.0,0.0,0.0,0.0,0.0
8141,substation_8141.png,1.0,0.0,1.0,0.0,0.0,0.0
8139,substation_8139.png,1.0,1.0,0.0,0.0,0.0,0.0
8145,substation_8145.png,0.0,0.0,0.0,0.0,0.0,0.0
8144,substation_8144.png,0.0,0.0,0.0,0.0,0.0,0.0
8143,substation_8143.png,0.0,0.0,2.0,0.0,0.0,0.0
8142,substation_8142.png,0.0,0.0,0.0,0.0,0.0,0.0
8147,substation_8147.png,1.0,0.0,0.0,0.0,0.0,0.0
8148,substation_8148.png,0.0,0.0,0.0,0.0,0.0,0.0
8146,substation_8146.png,1.0,0.0,0.0,1.0,0.0,0.0
8149,substation_8149.png,1.0,0.0,1.0,4.0,0.0,0.0
8150,substation_8150.png,1.0,0.0,0.0,0.0,0.0,0.0
8152,substation_8152.png,0.0,2.0,3.0,4.0,0.0,0.0
8151,substation_8151.png,0.0,0.0,1.0,0.0,0.0,0.0
8154,substation_8154.png,1.0,0.0,0.0,0.0,0.0,0.0
8153,substation_8153.png,1.0,0.0,2.0,0.0,0.0,0.0
8156,substation_8156.png,0.0,0.0,2.0,0.0,0.0,0.0
8159,substation_8159.png,2.0,0.0,0.0,2.0,0.0,0.0
8155,substation_8155.png,1.0,0.0,3.0,0.0,0.0,0.0
8157,substation_8157.png,0.0,0.0,0.0,0.0,0.0,0.0
8158,substation_8158.png,0.0,0.0,0.0,0.0,2.0,0.0
8160,substation_8160.png,2.0,0.0,0.0,0.0,0.0,0.0
8162,substation_8162.png,1.0,0.0,1.0,0.0,0.0,0.0
8161,substation_8161.png,0.0,0.0,0.0,0.0,0.0,0.0
8164,substation_8164.png,3.0,0.0,0.0,0.0,0.0,0.0
8163,substation_8163.png,2.0,1.0,13.0,0.0,0.0,0.0
8167,substation_8167.png,2.0,0.0,0.0,0.0,0.0,0.0
8171,substation_8171.png,0.0,0.0,0.0,0.0,0.0,0.0
8165,substation_8165.png,9.0,0.0,0.0,0.0,0.0,0.0
8169,substation_8169.png,1.0,0.0,7.0,0.0,0.0,0.0
8168,substation_8168.png,3.0,0.0,11.0,0.0,0.0,0.0
8166,substation_8166.png,0.0,1.0,0.0,0.0,1.0,0.0
8170,substation_8170.png,0.0,0.0,0.0,0.0,0.0,0.0
8174,substation_8174.png,0.0,0.0,0.0,0.0,0.0,0.0
8173,substation_8173.png,2.0,0.0,0.0,0.0,0.0,0.0
8176,substation_8176.png,0.0,0.0,0.0,0.0,0.0,0.0
8175,substation_8175.png,3.0,0.0,1.0,0.0,0.0,0.0
8181,substation_8181.png,2.0,0.0,0.0,1.0,0.0,0.0
8179,substation_8179.png,2.0,0.0,0.0,0.0,0.0,0.0
8172,substation_8172.png,3.0,0.0,0.0,0.0,0.0,0.0
8180,substation_8180.png,1.0,0.0,0.0,0.0,0.0,0.0
8177,substation_8177.png,2.0,0.0,0.0,1.0,0.0,0.0
8178,substation_8178.png,3.0,0.0,0.0,0.0,0.0,0.0
8182,substation_8182.png,0.0,0.0,0.0,0.0,0.0,0.0
8183,substation_8183.png,0.0,0.0,0.0,0.0,0.0,0.0
8186,substation_8186.png,0.0,1.0,0.0,0.0,0.0,0.0
8184,substation_8184.png,3.0,0.0,1.0,0.0,0.0,0.0
8192,substation_8192.png,0.0,0.0,0.0,0.0,0.0,0.0
8185,substation_8185.png,1.0,0.0,4.0,0.0,0.0,0.0
8189,substation_8189.png,0.0,0.0,0.0,0.0,0.0,0.0
8190,substation_8190.png,0.0,0.0,0.0,0.0,0.0,0.0
8188,substation_8188.png,3.0,0.0,2.0,0.0,0.0,0.0
8187,substation_8187.png,0.0,0.0,0.0,0.0,0.0,0.0
8193,substation_8193.png,0.0,2.0,0.0,2.0,0.0,0.0
8194,substation_8194.png,2.0,0.0,0.0,3.0,0.0,0.0
8195,substation_8195.png,0.0,0.0,0.0,0.0,0.0,0.0
8196,substation_8196.png,3.0,0.0,0.0,0.0,0.0,0.0
8191,substation_8191.png,0.0,0.0,0.0,0.0,0.0,0.0
8199,substation_8199.png,0.0,0.0,0.0,0.0,0.0,0.0
8198,substation_8198.png,0.0,0.0,0.0,0.0,0.0,0.0
8197,substation_8197.png,1.0,0.0,0.0,0.0,0.0,0.0
8201,substation_8201.png,0.0,1.0,0.0,0.0,0.0,0.0
8200,substation_8200.png,1.0,0.0,0.0,0.0,0.0,0.0
8202,substation_8202.png,0.0,0.0,0.0,0.0,0.0,0.0
8203,substation_8203.png,1.0,0.0,0.0,0.0,1.0,0.0
8205,substation_8205.png,0.0,0.0,0.0,1.0,0.0,0.0
8204,substation_8204.png,2.0,0.0,0.0,0.0,1.0,0.0
8207,substation_8207.png,2.0,0.0,0.0,1.0,0.0,0.0
8206,substation_8206.png,0.0,0.0,3.0,0.0,0.0,0.0
8208,substation_8208.png,5.0,0.0,0.0,0.0,0.0,0.0
8210,substation_8210.png,0.0,0.0,0.0,0.0,0.0,0.0
8209,substation_8209.png,0.0,0.0,0.0,0.0,0.0,0.0
8211,substation_8211.png,3.0,0.0,0.0,0.0,0.0,0.0
8215,substation_8215.png,0.0,0.0,0.0,0.0,0.0,0.0
8212,substation_8212.png,1.0,0.0,0.0,0.0,0.0,0.0
8216,substation_8216.png,0.0,0.0,0.0,1.0,1.0,0.0
8214,substation_8214.png,1.0,0.0,0.0,0.0,0.0,0.0
8213,substation_8213.png,0.0,0.0,0.0,0.0,0.0,0.0
8217,substation_8217.png,0.0,0.0,0.0,0.0,0.0,0.0
8218,substation_8218.png,0.0,0.0,0.0,0.0,0.0,0.0
8220,substation_8220.png,0.0,0.0,0.0,0.0,0.0,0.0
8221,substation_8221.png,0.0,0.0,0.0,0.0,0.0,0.0
8219,substation_8219.png,0.0,0.0,4.0,0.0,0.0,0.0
8224,substation_8224.png,0.0,0.0,0.0,0.0,0.0,0.0
8223,substation_8223.png,0.0,0.0,1.0,2.0,0.0,0.0
8222,substation_8222.png,2.0,0.0,0.0,0.0,0.0,0.0
8225,substation_8225.png,1.0,0.0,0.0,0.0,0.0,0.0
8226,substation_8226.png,0.0,0.0,2.0,0.0,0.0,0.0
8228,substation_8228.png,0.0,1.0,0.0,2.0,0.0,0.0
8231,substation_8231.png,0.0,0.0,0.0,2.0,0.0,0.0
8227,substation_8227.png,0.0,0.0,0.0,2.0,0.0,0.0
8229,substation_8229.png,1.0,0.0,0.0,0.0,0.0,0.0
8230,substation_8230.png,0.0,0.0,0.0,3.0,0.0,0.0
8232,substation_8232.png,0.0,0.0,3.0,0.0,0.0,0.0
8233,substation_8233.png,1.0,0.0,0.0,1.0,0.0,0.0
8235,substation_8235.png,0.0,0.0,4.0,0.0,0.0,0.0
8234,substation_8234.png,1.0,0.0,1.0,1.0,0.0,0.0
8236,substation_8236.png,0.0,0.0,0.0,0.0,0.0,0.0
8237,substation_8237.png,0.0,0.0,1.0,0.0,0.0,0.0
8240,substation_8240.png,0.0,0.0,2.0,0.0,0.0,0.0
8238,substation_8238.png,2.0,0.0,0.0,0.0,0.0,0.0
8239,substation_8239.png,0.0,0.0,2.0,0.0,0.0,0.0
8242,substation_8242.png,0.0,0.0,0.0,0.0,0.0,0.0
8248,substation_8248.png,0.0,0.0,1.0,9.0,0.0,0.0
8246,substation_8246.png,4.0,5.0,5.0,0.0,0.0,0.0
8245,substation_8245.png,1.0,0.0,0.0,0.0,0.0,0.0
8244,substation_8244.png,2.0,0.0,0.0,0.0,0.0,0.0
8243,substation_8243.png,2.0,0.0,0.0,1.0,0.0,0.0
8251,substation_8251.png,0.0,0.0,0.0,0.0,1.0,0.0
8247,substation_8247.png,0.0,0.0,1.0,2.0,0.0,0.0
8252,substation_8252.png,0.0,0.0,3.0,0.0,0.0,0.0
8249,substation_8249.png,0.0,1.0,2.0,0.0,0.0,0.0
8241,substation_8241.png,0.0,4.0,0.0,0.0,0.0,0.0
8250,substation_8250.png,1.0,0.0,0.0,0.0,0.0,0.0
8254,substation_8254.png,0.0,0.0,4.0,0.0,0.0,0.0
8255,substation_8255.png,0.0,0.0,1.0,0.0,0.0,0.0
8253,substation_8253.png,1.0,0.0,0.0,0.0,0.0,0.0
8262,substation_8262.png,0.0,0.0,0.0,1.0,0.0,0.0
8257,substation_8257.png,1.0,0.0,0.0,3.0,0.0,0.0
8256,substation_8256.png,0.0,0.0,3.0,0.0,0.0,0.0
8263,substation_8263.png,0.0,0.0,3.0,0.0,0.0,0.0
8261,substation_8261.png,2.0,0.0,0.0,0.0,0.0,0.0
8260,substation_8260.png,0.0,0.0,5.0,0.0,0.0,0.0
8258,substation_8258.png,1.0,0.0,1.0,2.0,0.0,0.0
8259,substation_8259.png,0.0,0.0,4.0,0.0,0.0,0.0
8264,substation_8264.png,0.0,0.0,0.0,0.0,0.0,0.0
8265,substation_8265.png,1.0,0.0,4.0,0.0,0.0,0.0
8274,substation_8274.png,0.0,0.0,1.0,0.0,1.0,0.0
8269,substation_8269.png,1.0,0.0,2.0,0.0,0.0,0.0
8271,substation_8271.png,0.0,0.0,1.0,0.0,1.0,0.0
8267,substation_8267.png,0.0,0.0,3.0,0.0,0.0,0.0
8266,substation_8266.png,0.0,0.0,1.0,0.0,0.0,0.0
8268,substation_8268.png,0.0,0.0,1.0,0.0,0.0,0.0
8275,substation_8275.png,0.0,0.0,0.0,0.0,0.0,0.0
8270,substation_8270.png,0.0,0.0,0.0,0.0,0.0,0.0
8272,substation_8272.png,0.0,0.0,0.0,0.0,0.0,0.0
8276,substation_8276.png,0.0,0.0,2.0,0.0,1.0,0.0
8273,substation_8273.png,2.0,0.0,3.0,1.0,0.0,0.0
8277,substation_8277.png,4.0,0.0,3.0,0.0,0.0,0.0
8283,substation_8283.png,1.0,0.0,0.0,0.0,1.0,0.0
8279,substation_8279.png,1.0,0.0,0.0,1.0,0.0,0.0
8282,substation_8282.png,0.0,0.0,3.0,0.0,1.0,0.0
8278,substation_8278.png,2.0,0.0,0.0,0.0,0.0,0.0
8280,substation_8280.png,0.0,0.0,0.0,0.0,0.0,0.0
8281,substation_8281.png,0.0,0.0,0.0,0.0,0.0,0.0
8285,substation_8285.png,0.0,0.0,1.0,1.0,0.0,0.0
8284,substation_8284.png,0.0,3.0,0.0,5.0,0.0,0.0
8288,substation_8288.png,2.0,0.0,1.0,0.0,0.0,0.0
8286,substation_8286.png,1.0,0.0,0.0,1.0,0.0,0.0
8287,substation_8287.png,0.0,0.0,0.0,0.0,0.0,0.0
8289,substation_8289.png,2.0,0.0,1.0,0.0,0.0,0.0
8290,substation_8290.png,1.0,0.0,0.0,0.0,0.0,0.0
8291,substation_8291.png,1.0,0.0,0.0,0.0,1.0,0.0
8295,substation_8295.png,0.0,0.0,2.0,1.0,0.0,0.0
8294,substation_8294.png,0.0,0.0,0.0,0.0,2.0,0.0
8296,substation_8296.png,0.0,2.0,0.0,1.0,0.0,0.0
8292,substation_8292.png,0.0,0.0,0.0,0.0,0.0,0.0
8293,substation_8293.png,0.0,0.0,0.0,0.0,0.0,0.0
8297,substation_8297.png,1.0,0.0,0.0,0.0,0.0,0.0
8298,substation_8298.png,5.0,0.0,13.0,0.0,0.0,0.0
8299,substation_8299.png,2.0,0.0,3.0,0.0,0.0,0.0
8301,substation_8301.png,0.0,0.0,0.0,0.0,0.0,0.0
8300,substation_8300.png,4.0,0.0,0.0,0.0,0.0,0.0
8303,substation_8303.png,2.0,0.0,0.0,0.0,0.0,0.0
8302,substation_8302.png,0.0,0.0,0.0,0.0,0.0,0.0
8308,substation_8308.png,1.0,0.0,1.0,0.0,0.0,0.0
8304,substation_8304.png,0.0,0.0,0.0,0.0,0.0,0.0
8307,substation_8307.png,0.0,0.0,0.0,0.0,0.0,1.0
8306,substation_8306.png,2.0,0.0,3.0,0.0,0.0,0.0
8309,substation_8309.png,1.0,0.0,1.0,0.0,0.0,0.0
8305,substation_8305.png,0.0,0.0,0.0,0.0,0.0,0.0
8310,substation_8310.png,1.0,0.0,0.0,0.0,0.0,0.0
8313,substation_8313.png,1.0,0.0,0.0,0.0,0.0,0.0
8311,substation_8311.png,2.0,0.0,0.0,0.0,0.0,0.0
8314,substation_8314.png,2.0,0.0,0.0,0.0,0.0,0.0
8320,substation_8320.png,0.0,0.0,0.0,0.0,0.0,0.0
8312,substation_8312.png,0.0,0.0,3.0,1.0,0.0,0.0
8316,substation_8316.png,1.0,0.0,11.0,0.0,0.0,0.0
8315,substation_8315.png,2.0,0.0,0.0,0.0,0.0,0.0
8323,substation_8323.png,1.0,0.0,0.0,0.0,0.0,0.0
8317,substation_8317.png,9.0,0.0,0.0,0.0,0.0,0.0
8318,substation_8318.png,2.0,0.0,1.0,1.0,0.0,0.0
8322,substation_8322.png,0.0,0.0,0.0,0.0,0.0,0.0
8321,substation_8321.png,1.0,0.0,4.0,0.0,0.0,0.0
8324,substation_8324.png,0.0,0.0,0.0,2.0,0.0,0.0
8319,substation_8319.png,0.0,0.0,0.0,0.0,1.0,0.0
8326,substation_8326.png,1.0,1.0,0.0,3.0,0.0,0.0
8325,substation_8325.png,1.0,0.0,3.0,0.0,0.0,1.0
8328,substation_8328.png,3.0,0.0,0.0,0.0,0.0,0.0
8327,substation_8327.png,2.0,0.0,0.0,0.0,0.0,0.0
8330,substation_8330.png,1.0,0.0,0.0,0.0,0.0,0.0
8329,substation_8329.png,0.0,0.0,0.0,0.0,0.0,0.0
8334,substation_8334.png,1.0,0.0,0.0,0.0,0.0,0.0
8331,substation_8331.png,2.0,0.0,0.0,0.0,0.0,0.0
8337,substation_8337.png,0.0,0.0,0.0,2.0,0.0,0.0
8332,substation_8332.png,1.0,0.0,0.0,0.0,0.0,0.0
8340,substation_8340.png,0.0,0.0,2.0,0.0,0.0,0.0
8336,substation_8336.png,1.0,0.0,0.0,0.0,0.0,0.0
8333,substation_8333.png,2.0,0.0,0.0,0.0,0.0,0.0
8335,substation_8335.png,0.0,1.0,0.0,0.0,0.0,0.0
8338,substation_8338.png,0.0,0.0,3.0,0.0,0.0,0.0
8342,substation_8342.png,0.0,0.0,0.0,1.0,0.0,0.0
8339,substation_8339.png,2.0,0.0,0.0,0.0,0.0,0.0
8341,substation_8341.png,2.0,0.0,6.0,0.0,0.0,0.0
8344,substation_8344.png,0.0,0.0,3.0,0.0,1.0,0.0
8349,substation_8349.png,2.0,0.0,0.0,0.0,0.0,0.0
8346,substation_8346.png,0.0,0.0,0.0,0.0,0.0,0.0
8343,substation_8343.png,0.0,0.0,2.0,0.0,0.0,0.0
8350,substation_8350.png,0.0,0.0,1.0,0.0,1.0,0.0
8347,substation_8347.png,1.0,0.0,0.0,0.0,0.0,0.0
8345,substation_8345.png,0.0,0.0,0.0,0.0,0.0,0.0
8348,substation_8348.png,3.0,0.0,0.0,0.0,0.0,0.0
8351,substation_8351.png,0.0,0.0,12.0,0.0,0.0,0.0
8353,substation_8353.png,0.0,0.0,0.0,0.0,0.0,0.0
8358,substation_8358.png,0.0,0.0,0.0,4.0,0.0,0.0
8352,substation_8352.png,0.0,0.0,0.0,0.0,0.0,0.0
8356,substation_8356.png,3.0,0.0,0.0,0.0,0.0,0.0
8354,substation_8354.png,0.0,0.0,0.0,0.0,1.0,0.0
8355,substation_8355.png,0.0,0.0,0.0,0.0,0.0,0.0
8364,substation_8364.png,1.0,0.0,0.0,0.0,0.0,0.0
8357,substation_8357.png,3.0,0.0,0.0,0.0,0.0,0.0
8361,substation_8361.png,0.0,0.0,1.0,0.0,0.0,0.0
8359,substation_8359.png,0.0,0.0,1.0,0.0,0.0,0.0
8363,substation_8363.png,0.0,0.0,0.0,0.0,0.0,0.0
8360,substation_8360.png,2.0,0.0,3.0,0.0,0.0,0.0
8362,substation_8362.png,0.0,0.0,2.0,0.0,0.0,0.0
8365,substation_8365.png,1.0,0.0,0.0,0.0,0.0,0.0
8366,substation_8366.png,0.0,0.0,0.0,0.0,0.0,0.0
8372,substation_8372.png,2.0,0.0,0.0,0.0,0.0,0.0
8367,substation_8367.png,3.0,0.0,0.0,0.0,0.0,0.0
8368,substation_8368.png,0.0,0.0,0.0,0.0,0.0,0.0
8369,substation_8369.png,1.0,0.0,0.0,0.0,0.0,0.0
8370,substation_8370.png,0.0,0.0,0.0,0.0,1.0,0.0
8373,substation_8373.png,2.0,0.0,0.0,0.0,0.0,0.0
8375,substation_8375.png,3.0,0.0,0.0,0.0,0.0,0.0
8371,substation_8371.png,0.0,0.0,0.0,0.0,0.0,0.0
8376,substation_8376.png,1.0,0.0,0.0,0.0,0.0,0.0
8374,substation_8374.png,0.0,0.0,0.0,1.0,0.0,0.0
8380,substation_8380.png,1.0,0.0,0.0,0.0,0.0,0.0
8377,substation_8377.png,0.0,0.0,1.0,0.0,0.0,0.0
8379,substation_8379.png,0.0,0.0,0.0,0.0,0.0,0.0
8388,substation_8388.png,0.0,0.0,0.0,0.0,0.0,0.0
8378,substation_8378.png,1.0,0.0,0.0,0.0,0.0,0.0
8382,substation_8382.png,2.0,0.0,0.0,0.0,0.0,0.0
8383,substation_8383.png,0.0,0.0,0.0,0.0,0.0,0.0
8381,substation_8381.png,1.0,0.0,1.0,0.0,2.0,0.0
8385,substation_8385.png,0.0,0.0,0.0,0.0,0.0,0.0
8387,substation_8387.png,0.0,0.0,0.0,0.0,0.0,0.0
8389,substation_8389.png,0.0,0.0,0.0,0.0,0.0,0.0
8384,substation_8384.png,0.0,1.0,0.0,0.0,0.0,0.0
8386,substation_8386.png,0.0,0.0,0.0,2.0,0.0,0.0
8391,substation_8391.png,0.0,0.0,3.0,0.0,0.0,0.0
8392,substation_8392.png,3.0,0.0,0.0,0.0,0.0,0.0
8394,substation_8394.png,0.0,0.0,0.0,1.0,2.0,0.0
8393,substation_8393.png,0.0,0.0,0.0,1.0,1.0,0.0
8396,substation_8396.png,1.0,0.0,0.0,0.0,0.0,0.0
8395,substation_8395.png,0.0,0.0,0.0,0.0,0.0,0.0
8399,substation_8399.png,0.0,0.0,0.0,0.0,0.0,0.0
8397,substation_8397.png,0.0,0.0,0.0,0.0,0.0,0.0
8390,substation_8390.png,0.0,0.0,0.0,0.0,0.0,0.0
8401,substation_8401.png,1.0,0.0,0.0,0.0,0.0,0.0
8400,substation_8400.png,0.0,0.0,0.0,0.0,0.0,0.0
8398,substation_8398.png,0.0,0.0,0.0,0.0,0.0,0.0
8404,substation_8404.png,0.0,0.0,0.0,0.0,1.0,0.0
8408,substation_8408.png,2.0,0.0,0.0,0.0,1.0,0.0
8409,substation_8409.png,0.0,0.0,7.0,0.0,0.0,0.0
8405,substation_8405.png,0.0,0.0,0.0,0.0,0.0,0.0
8403,substation_8403.png,1.0,0.0,0.0,0.0,0.0,0.0
8407,substation_8407.png,0.0,0.0,0.0,1.0,0.0,0.0
8402,substation_8402.png,2.0,0.0,0.0,0.0,0.0,0.0
8410,substation_8410.png,0.0,0.0,11.0,0.0,0.0,0.0
8411,substation_8411.png,0.0,0.0,1.0,0.0,0.0,0.0
8406,substation_8406.png,1.0,0.0,0.0,0.0,0.0,0.0
8414,substation_8414.png,0.0,0.0,1.0,0.0,0.0,0.0
8413,substation_8413.png,0.0,0.0,0.0,0.0,0.0,0.0
8412,substation_8412.png,0.0,0.0,0.0,1.0,0.0,0.0
8415,substation_8415.png,1.0,0.0,3.0,0.0,0.0,0.0
8417,substation_8417.png,3.0,0.0,0.0,0.0,0.0,0.0
8420,substation_8420.png,0.0,0.0,1.0,0.0,0.0,0.0
8418,substation_8418.png,0.0,0.0,0.0,0.0,0.0,0.0
8425,substation_8425.png,0.0,0.0,5.0,0.0,0.0,0.0
8422,substation_8422.png,0.0,0.0,1.0,0.0,0.0,0.0
8421,substation_8421.png,0.0,0.0,0.0,0.0,0.0,0.0
8419,substation_8419.png,1.0,0.0,0.0,1.0,1.0,0.0
8423,substation_8423.png,0.0,2.0,0.0,0.0,0.0,0.0
8416,substation_8416.png,1.0,0.0,0.0,0.0,0.0,0.0
8424,substation_8424.png,2.0,0.0,0.0,0.0,0.0,0.0
8429,substation_8429.png,5.0,0.0,0.0,0.0,0.0,0.0
8426,substation_8426.png,1.0,0.0,3.0,0.0,0.0,0.0
8428,substation_8428.png,0.0,0.0,0.0,0.0,0.0,0.0
8427,substation_8427.png,0.0,0.0,0.0,0.0,0.0,0.0
8433,substation_8433.png,0.0,0.0,5.0,0.0,0.0,0.0
8430,substation_8430.png,0.0,0.0,0.0,0.0,0.0,0.0
8432,substation_8432.png,0.0,0.0,0.0,0.0,0.0,0.0
8431,substation_8431.png,1.0,0.0,0.0,0.0,0.0,0.0
8436,substation_8436.png,1.0,0.0,10.0,0.0,0.0,0.0
8437,substation_8437.png,1.0,0.0,3.0,0.0,0.0,0.0
8434,substation_8434.png,2.0,0.0,1.0,0.0,0.0,0.0
8435,substation_8435.png,0.0,0.0,0.0,0.0,0.0,0.0
8441,substation_8441.png,2.0,0.0,1.0,1.0,0.0,0.0
8438,substation_8438.png,0.0,0.0,4.0,1.0,0.0,0.0
8439,substation_8439.png,0.0,0.0,3.0,0.0,0.0,0.0
8443,substation_8443.png,0.0,0.0,0.0,0.0,0.0,0.0
8440,substation_8440.png,0.0,0.0,0.0,0.0,0.0,0.0
8445,substation_8445.png,0.0,0.0,0.0,0.0,0.0,0.0
8444,substation_8444.png,3.0,0.0,2.0,0.0,0.0,0.0
8442,substation_8442.png,1.0,0.0,3.0,0.0,0.0,0.0
8446,substation_8446.png,0.0,0.0,0.0,0.0,0.0,0.0
8449,substation_8449.png,0.0,0.0,0.0,0.0,0.0,0.0
8448,substation_8448.png,0.0,0.0,0.0,0.0,0.0,0.0
8447,substation_8447.png,2.0,0.0,0.0,1.0,0.0,0.0
8451,substation_8451.png,0.0,0.0,0.0,0.0,1.0,0.0
8450,substation_8450.png,2.0,0.0,5.0,0.0,0.0,0.0
8452,substation_8452.png,0.0,0.0,0.0,0.0,0.0,0.0
8453,substation_8453.png,2.0,0.0,2.0,0.0,0.0,0.0
8454,substation_8454.png,1.0,0.0,0.0,0.0,1.0,0.0
8455,substation_8455.png,0.0,0.0,0.0,2.0,0.0,0.0
8457,substation_8457.png,0.0,0.0,0.0,0.0,0.0,0.0
8456,substation_8456.png,1.0,0.0,5.0,0.0,0.0,0.0
8458,substation_8458.png,0.0,0.0,6.0,0.0,0.0,0.0
8459,substation_8459.png,3.0,0.0,2.0,0.0,0.0,0.0
8462,substation_8462.png,1.0,0.0,1.0,1.0,0.0,0.0
8463,substation_8463.png,0.0,0.0,0.0,0.0,0.0,0.0
8464,substation_8464.png,1.0,0.0,1.0,0.0,0.0,0.0
8460,substation_8460.png,0.0,0.0,0.0,2.0,0.0,0.0
8461,substation_8461.png,0.0,0.0,1.0,0.0,0.0,0.0
8467,substation_8467.png,0.0,0.0,2.0,0.0,0.0,0.0
8468,substation_8468.png,0.0,1.0,0.0,1.0,0.0,0.0
8470,substation_8470.png,0.0,0.0,0.0,1.0,1.0,0.0
8466,substation_8466.png,0.0,0.0,0.0,0.0,0.0,0.0
8465,substation_8465.png,0.0,0.0,0.0,0.0,0.0,0.0
8469,substation_8469.png,2.0,0.0,2.0,0.0,0.0,0.0
8471,substation_8471.png,0.0,0.0,2.0,0.0,1.0,0.0
8472,substation_8472.png,0.0,0.0,0.0,0.0,1.0,0.0
8474,substation_8474.png,0.0,0.0,2.0,1.0,0.0,0.0
8473,substation_8473.png,0.0,0.0,0.0,1.0,0.0,0.0
8476,substation_8476.png,0.0,0.0,1.0,0.0,0.0,0.0
8475,substation_8475.png,0.0,0.0,0.0,0.0,0.0,0.0
8478,substation_8478.png,1.0,0.0,4.0,0.0,0.0,0.0
8477,substation_8477.png,0.0,2.0,0.0,0.0,0.0,0.0
8482,substation_8482.png,0.0,0.0,0.0,0.0,0.0,0.0
8480,substation_8480.png,0.0,0.0,0.0,0.0,0.0,0.0
8481,substation_8481.png,1.0,0.0,0.0,0.0,0.0,0.0
8487,substation_8487.png,0.0,0.0,0.0,3.0,0.0,0.0
8486,substation_8486.png,0.0,0.0,0.0,0.0,0.0,0.0
8483,substation_8483.png,0.0,0.0,0.0,1.0,0.0,0.0
8485,substation_8485.png,0.0,1.0,3.0,0.0,1.0,0.0
8479,substation_8479.png,0.0,0.0,0.0,0.0,0.0,0.0
8488,substation_8488.png,0.0,0.0,0.0,0.0,0.0,0.0
8484,substation_8484.png,0.0,0.0,1.0,1.0,0.0,0.0
8489,substation_8489.png,0.0,0.0,2.0,0.0,0.0,0.0
8490,substation_8490.png,0.0,0.0,0.0,2.0,1.0,0.0
8499,substation_8499.png,0.0,0.0,0.0,0.0,0.0,0.0
8493,substation_8493.png,0.0,0.0,0.0,0.0,0.0,0.0
8492,substation_8492.png,0.0,0.0,0.0,0.0,0.0,0.0
8491,substation_8491.png,2.0,0.0,1.0,0.0,0.0,0.0
8494,substation_8494.png,0.0,0.0,0.0,0.0,0.0,0.0
8497,substation_8497.png,1.0,0.0,7.0,0.0,0.0,0.0
8495,substation_8495.png,6.0,0.0,3.0,0.0,0.0,0.0
8498,substation_8498.png,1.0,0.0,0.0,0.0,0.0,0.0
8496,substation_8496.png,0.0,0.0,0.0,0.0,0.0,0.0
8502,substation_8502.png,2.0,0.0,0.0,0.0,0.0,0.0
8500,substation_8500.png,0.0,0.0,1.0,0.0,0.0,0.0
8501,substation_8501.png,0.0,0.0,0.0,0.0,0.0,0.0
8509,substation_8509.png,1.0,0.0,0.0,1.0,0.0,0.0
8505,substation_8505.png,2.0,0.0,4.0,0.0,0.0,0.0
8504,substation_8504.png,2.0,0.0,0.0,0.0,0.0,0.0
8503,substation_8503.png,0.0,0.0,7.0,0.0,0.0,0.0
8510,substation_8510.png,2.0,0.0,2.0,0.0,0.0,0.0
8506,substation_8506.png,2.0,0.0,5.0,0.0,0.0,0.0
8513,substation_8513.png,0.0,0.0,0.0,0.0,0.0,0.0
8508,substation_8508.png,0.0,0.0,0.0,0.0,0.0,1.0
8507,substation_8507.png,0.0,0.0,0.0,0.0,0.0,1.0
8511,substation_8511.png,4.0,2.0,0.0,2.0,0.0,0.0
8512,substation_8512.png,2.0,2.0,1.0,0.0,0.0,0.0
8516,substation_8516.png,0.0,0.0,8.0,0.0,0.0,0.0
8515,substation_8515.png,1.0,0.0,1.0,0.0,0.0,0.0
8517,substation_8517.png,0.0,0.0,1.0,0.0,0.0,0.0
8514,substation_8514.png,1.0,0.0,1.0,0.0,0.0,0.0
8518,substation_8518.png,0.0,0.0,0.0,0.0,0.0,0.0
8519,substation_8519.png,0.0,0.0,0.0,0.0,0.0,0.0
8523,substation_8523.png,0.0,0.0,0.0,0.0,0.0,0.0
8524,substation_8524.png,4.0,0.0,0.0,0.0,0.0,0.0
8521,substation_8521.png,0.0,0.0,3.0,0.0,0.0,0.0
8522,substation_8522.png,0.0,0.0,0.0,0.0,1.0,0.0
8520,substation_8520.png,0.0,0.0,2.0,0.0,0.0,0.0
8525,substation_8525.png,0.0,0.0,0.0,0.0,1.0,0.0
8527,substation_8527.png,1.0,0.0,2.0,0.0,0.0,0.0
8530,substation_8530.png,3.0,0.0,0.0,0.0,0.0,0.0
8526,substation_8526.png,1.0,0.0,0.0,0.0,0.0,0.0
8528,substation_8528.png,1.0,0.0,0.0,0.0,0.0,1.0
8532,substation_8532.png,1.0,0.0,0.0,0.0,0.0,0.0
8531,substation_8531.png,0.0,0.0,0.0,0.0,1.0,0.0
8529,substation_8529.png,0.0,0.0,0.0,0.0,0.0,0.0
8535,substation_8535.png,3.0,0.0,0.0,0.0,0.0,0.0
8533,substation_8533.png,1.0,0.0,0.0,1.0,0.0,0.0
8537,substation_8537.png,1.0,0.0,0.0,0.0,1.0,0.0
8536,substation_8536.png,0.0,0.0,3.0,1.0,0.0,0.0
8534,substation_8534.png,4.0,0.0,0.0,0.0,0.0,0.0
8539,substation_8539.png,1.0,0.0,0.0,1.0,0.0,0.0
8538,substation_8538.png,0.0,0.0,0.0,1.0,0.0,0.0
8545,substation_8545.png,0.0,0.0,1.0,0.0,0.0,0.0
8542,substation_8542.png,2.0,0.0,0.0,0.0,0.0,0.0
8540,substation_8540.png,3.0,0.0,0.0,0.0,1.0,0.0
8544,substation_8544.png,2.0,0.0,1.0,0.0,0.0,0.0
8543,substation_8543.png,4.0,0.0,0.0,0.0,0.0,0.0
8541,substation_8541.png,0.0,0.0,0.0,0.0,0.0,0.0
8546,substation_8546.png,4.0,0.0,1.0,0.0,0.0,0.0
8547,substation_8547.png,2.0,0.0,1.0,1.0,0.0,0.0
8548,substation_8548.png,1.0,0.0,1.0,2.0,0.0,0.0
8550,substation_8550.png,1.0,0.0,0.0,0.0,0.0,0.0
8549,substation_8549.png,6.0,0.0,0.0,0.0,0.0,0.0
8551,substation_8551.png,3.0,0.0,0.0,0.0,0.0,0.0
8557,substation_8557.png,0.0,0.0,1.0,0.0,0.0,0.0
8552,substation_8552.png,0.0,0.0,0.0,0.0,0.0,0.0
8554,substation_8554.png,2.0,0.0,0.0,0.0,0.0,0.0
8553,substation_8553.png,0.0,0.0,0.0,0.0,0.0,0.0
8555,substation_8555.png,0.0,0.0,0.0,0.0,0.0,0.0
8558,substation_8558.png,1.0,0.0,0.0,0.0,0.0,0.0
8560,substation_8560.png,1.0,0.0,0.0,0.0,0.0,0.0
8563,substation_8563.png,0.0,0.0,3.0,0.0,0.0,0.0
8556,substation_8556.png,2.0,0.0,0.0,0.0,0.0,0.0
8561,substation_8561.png,1.0,0.0,10.0,0.0,0.0,0.0
8565,substation_8565.png,0.0,0.0,0.0,0.0,0.0,0.0
8559,substation_8559.png,0.0,0.0,0.0,0.0,0.0,0.0
8562,substation_8562.png,0.0,0.0,0.0,0.0,0.0,0.0
8564,substation_8564.png,1.0,0.0,0.0,0.0,0.0,0.0
8566,substation_8566.png,0.0,0.0,0.0,0.0,0.0,0.0
8568,substation_8568.png,1.0,0.0,0.0,0.0,0.0,0.0
8572,substation_8572.png,2.0,0.0,0.0,0.0,0.0,0.0
8567,substation_8567.png,1.0,1.0,0.0,0.0,0.0,0.0
8569,substation_8569.png,1.0,0.0,0.0,0.0,0.0,0.0
8570,substation_8570.png,1.0,0.0,0.0,0.0,0.0,0.0
8571,substation_8571.png,4.0,1.0,0.0,0.0,0.0,0.0
8574,substation_8574.png,1.0,0.0,2.0,0.0,0.0,0.0
8573,substation_8573.png,0.0,0.0,0.0,0.0,0.0,0.0
8576,substation_8576.png,0.0,0.0,0.0,0.0,0.0,0.0
8575,substation_8575.png,1.0,0.0,0.0,0.0,0.0,0.0
8579,substation_8579.png,0.0,0.0,4.0,1.0,0.0,0.0
8577,substation_8577.png,0.0,0.0,0.0,0.0,0.0,0.0
8578,substation_8578.png,1.0,0.0,0.0,0.0,0.0,0.0
8581,substation_8581.png,0.0,0.0,1.0,0.0,0.0,0.0
8585,substation_8585.png,0.0,0.0,3.0,0.0,1.0,0.0
8580,substation_8580.png,0.0,0.0,0.0,0.0,0.0,0.0
8587,substation_8587.png,1.0,0.0,0.0,0.0,0.0,0.0
8584,substation_8584.png,0.0,0.0,1.0,0.0,0.0,0.0
8582,substation_8582.png,0.0,0.0,0.0,0.0,0.0,0.0
8586,substation_8586.png,0.0,0.0,0.0,5.0,0.0,0.0
8589,substation_8589.png,1.0,0.0,0.0,0.0,0.0,0.0
8592,substation_8592.png,0.0,0.0,0.0,0.0,0.0,0.0
8590,substation_8590.png,0.0,0.0,0.0,0.0,0.0,0.0
8588,substation_8588.png,3.0,0.0,3.0,0.0,0.0,0.0
8591,substation_8591.png,0.0,0.0,0.0,0.0,0.0,0.0
8583,substation_8583.png,0.0,0.0,0.0,0.0,0.0,0.0
8594,substation_8594.png,0.0,0.0,2.0,0.0,0.0,0.0
8597,substation_8597.png,0.0,0.0,0.0,0.0,0.0,0.0
8593,substation_8593.png,0.0,0.0,0.0,0.0,0.0,0.0
8595,substation_8595.png,1.0,0.0,0.0,0.0,0.0,0.0
8596,substation_8596.png,0.0,0.0,0.0,0.0,0.0,0.0
8601,substation_8601.png,0.0,0.0,0.0,0.0,0.0,0.0
8599,substation_8599.png,1.0,0.0,1.0,1.0,0.0,0.0
8602,substation_8602.png,2.0,0.0,0.0,0.0,0.0,0.0
8600,substation_8600.png,1.0,0.0,0.0,1.0,1.0,0.0
8603,substation_8603.png,0.0,0.0,0.0,0.0,0.0,0.0
8605,substation_8605.png,1.0,0.0,0.0,0.0,0.0,0.0
8598,substation_8598.png,0.0,0.0,0.0,0.0,0.0,0.0
8604,substation_8604.png,1.0,0.0,0.0,0.0,0.0,0.0
8607,substation_8607.png,2.0,0.0,2.0,0.0,0.0,0.0
8608,substation_8608.png,0.0,0.0,0.0,0.0,0.0,0.0
8606,substation_8606.png,0.0,0.0,0.0,0.0,0.0,0.0
8609,substation_8609.png,0.0,0.0,0.0,0.0,0.0,0.0
8613,substation_8613.png,0.0,0.0,0.0,0.0,0.0,0.0
8610,substation_8610.png,2.0,0.0,0.0,0.0,0.0,0.0
8614,substation_8614.png,0.0,0.0,0.0,0.0,0.0,0.0
8611,substation_8611.png,0.0,0.0,0.0,0.0,0.0,0.0
8612,substation_8612.png,0.0,0.0,2.0,0.0,0.0,0.0
8616,substation_8616.png,0.0,0.0,2.0,0.0,0.0,0.0
8615,substation_8615.png,1.0,0.0,0.0,1.0,0.0,0.0
8620,substation_8620.png,5.0,0.0,0.0,1.0,0.0,0.0
8619,substation_8619.png,1.0,0.0,0.0,2.0,0.0,0.0
8617,substation_8617.png,0.0,0.0,1.0,0.0,0.0,0.0
8618,substation_8618.png,1.0,0.0,0.0,0.0,0.0,0.0
8624,substation_8624.png,0.0,0.0,2.0,0.0,0.0,0.0
8622,substation_8622.png,0.0,0.0,3.0,0.0,0.0,0.0
8621,substation_8621.png,0.0,1.0,0.0,0.0,0.0,0.0
8628,substation_8628.png,0.0,0.0,2.0,0.0,0.0,0.0
8623,substation_8623.png,0.0,0.0,0.0,0.0,0.0,0.0
8629,substation_8629.png,1.0,0.0,0.0,0.0,0.0,0.0
8631,substation_8631.png,0.0,2.0,1.0,0.0,0.0,0.0
8626,substation_8626.png,0.0,0.0,3.0,0.0,0.0,0.0
8625,substation_8625.png,3.0,0.0,5.0,0.0,0.0,0.0
8627,substation_8627.png,4.0,2.0,2.0,0.0,0.0,0.0
8630,substation_8630.png,0.0,0.0,1.0,0.0,0.0,0.0
8633,substation_8633.png,1.0,2.0,0.0,1.0,0.0,0.0
8639,substation_8639.png,0.0,2.0,5.0,0.0,0.0,0.0
8638,substation_8638.png,2.0,2.0,0.0,0.0,0.0,0.0
8634,substation_8634.png,0.0,0.0,0.0,3.0,0.0,0.0
8641,substation_8641.png,1.0,0.0,0.0,0.0,0.0,0.0
8632,substation_8632.png,1.0,0.0,0.0,0.0,0.0,0.0
8643,substation_8643.png,2.0,0.0,4.0,0.0,0.0,0.0
8635,substation_8635.png,2.0,0.0,1.0,0.0,0.0,0.0
8636,substation_8636.png,2.0,0.0,4.0,0.0,0.0,0.0
8637,substation_8637.png,0.0,0.0,5.0,0.0,0.0,0.0
8642,substation_8642.png,2.0,0.0,9.0,0.0,0.0,0.0
8640,substation_8640.png,0.0,2.0,5.0,0.0,0.0,0.0
8644,substation_8644.png,1.0,0.0,7.0,0.0,0.0,0.0
8651,substation_8651.png,0.0,0.0,10.0,0.0,0.0,0.0
8646,substation_8646.png,3.0,0.0,0.0,0.0,0.0,0.0
8647,substation_8647.png,1.0,0.0,0.0,0.0,0.0,0.0
8649,substation_8649.png,2.0,0.0,6.0,0.0,0.0,0.0
8650,substation_8650.png,2.0,0.0,0.0,0.0,0.0,0.0
8654,substation_8654.png,0.0,0.0,0.0,0.0,1.0,0.0
8652,substation_8652.png,0.0,0.0,10.0,0.0,0.0,0.0
8648,substation_8648.png,2.0,0.0,0.0,0.0,0.0,0.0
8653,substation_8653.png,2.0,0.0,0.0,0.0,0.0,0.0
8645,substation_8645.png,3.0,0.0,9.0,0.0,0.0,0.0
8655,substation_8655.png,2.0,0.0,15.0,0.0,0.0,0.0
8663,substation_8663.png,5.0,0.0,3.0,0.0,0.0,0.0
8660,substation_8660.png,0.0,2.0,0.0,0.0,0.0,0.0
8657,substation_8657.png,0.0,0.0,4.0,0.0,0.0,0.0
8656,substation_8656.png,1.0,0.0,0.0,0.0,0.0,0.0
8665,substation_8665.png,1.0,0.0,1.0,0.0,0.0,0.0
8658,substation_8658.png,0.0,1.0,10.0,0.0,0.0,0.0
8659,substation_8659.png,1.0,0.0,1.0,1.0,0.0,0.0
8662,substation_8662.png,0.0,0.0,0.0,0.0,0.0,0.0
8661,substation_8661.png,3.0,0.0,0.0,0.0,1.0,0.0
8664,substation_8664.png,1.0,0.0,1.0,0.0,0.0,0.0
8666,substation_8666.png,2.0,0.0,0.0,0.0,0.0,0.0
8673,substation_8673.png,0.0,0.0,0.0,0.0,0.0,0.0
8667,substation_8667.png,2.0,0.0,0.0,0.0,0.0,0.0
8672,substation_8672.png,1.0,0.0,0.0,0.0,0.0,0.0
8676,substation_8676.png,0.0,0.0,0.0,0.0,0.0,0.0
8671,substation_8671.png,1.0,0.0,0.0,0.0,0.0,0.0
8668,substation_8668.png,0.0,0.0,0.0,0.0,0.0,0.0
8675,substation_8675.png,0.0,0.0,1.0,0.0,0.0,0.0
8669,substation_8669.png,0.0,0.0,0.0,0.0,0.0,0.0
8677,substation_8677.png,1.0,1.0,2.0,0.0,0.0,0.0
8674,substation_8674.png,1.0,0.0,0.0,1.0,0.0,0.0
8670,substation_8670.png,3.0,0.0,0.0,0.0,0.0,0.0
8679,substation_8679.png,0.0,0.0,0.0,0.0,0.0,0.0
8678,substation_8678.png,1.0,0.0,1.0,0.0,0.0,0.0
8683,substation_8683.png,0.0,0.0,0.0,1.0,0.0,0.0
8680,substation_8680.png,1.0,0.0,1.0,1.0,0.0,0.0
8686,substation_8686.png,2.0,0.0,0.0,1.0,0.0,0.0
8685,substation_8685.png,0.0,0.0,1.0,0.0,0.0,0.0
8681,substation_8681.png,0.0,0.0,0.0,2.0,0.0,0.0
8687,substation_8687.png,0.0,0.0,0.0,0.0,0.0,0.0
8684,substation_8684.png,0.0,1.0,0.0,0.0,0.0,0.0
8682,substation_8682.png,2.0,0.0,0.0,0.0,0.0,0.0
8690,substation_8690.png,1.0,0.0,4.0,0.0,0.0,0.0
8688,substation_8688.png,1.0,0.0,7.0,0.0,0.0,0.0
8689,substation_8689.png,0.0,0.0,1.0,0.0,0.0,0.0
8692,substation_8692.png,0.0,0.0,0.0,1.0,0.0,0.0
8691,substation_8691.png,1.0,0.0,3.0,0.0,0.0,0.0
8693,substation_8693.png,2.0,0.0,0.0,0.0,0.0,0.0
8694,substation_8694.png,1.0,1.0,6.0,1.0,0.0,0.0
8700,substation_8700.png,2.0,0.0,0.0,1.0,0.0,0.0
8695,substation_8695.png,2.0,0.0,0.0,0.0,0.0,0.0
8697,substation_8697.png,0.0,1.0,11.0,0.0,0.0,0.0
8696,substation_8696.png,7.0,0.0,8.0,0.0,0.0,0.0
8699,substation_8699.png,0.0,0.0,2.0,0.0,0.0,0.0
8702,substation_8702.png,1.0,0.0,0.0,0.0,0.0,0.0
8701,substation_8701.png,1.0,0.0,1.0,0.0,0.0,0.0
8703,substation_8703.png,1.0,0.0,4.0,0.0,0.0,0.0
8698,substation_8698.png,2.0,0.0,0.0,0.0,0.0,0.0
8706,substation_8706.png,3.0,0.0,8.0,0.0,0.0,0.0
8705,substation_8705.png,2.0,0.0,0.0,0.0,0.0,0.0
8707,substation_8707.png,1.0,0.0,0.0,0.0,0.0,0.0
8704,substation_8704.png,2.0,0.0,0.0,0.0,0.0,0.0
8708,substation_8708.png,1.0,1.0,7.0,0.0,0.0,0.0
8710,substation_8710.png,2.0,0.0,2.0,0.0,0.0,0.0
8709,substation_8709.png,1.0,0.0,0.0,0.0,0.0,0.0
8713,substation_8713.png,2.0,0.0,0.0,0.0,0.0,0.0
8712,substation_8712.png,0.0,0.0,0.0,0.0,0.0,0.0
8711,substation_8711.png,0.0,0.0,0.0,0.0,0.0,0.0
8715,substation_8715.png,0.0,0.0,0.0,4.0,0.0,0.0
8714,substation_8714.png,0.0,0.0,7.0,0.0,0.0,0.0
8716,substation_8716.png,1.0,0.0,0.0,0.0,0.0,0.0
8718,substation_8718.png,0.0,0.0,0.0,0.0,1.0,0.0
8719,substation_8719.png,3.0,0.0,0.0,0.0,0.0,0.0
8722,substation_8722.png,1.0,0.0,4.0,0.0,0.0,0.0
8723,substation_8723.png,1.0,1.0,1.0,0.0,0.0,0.0
8717,substation_8717.png,0.0,0.0,0.0,0.0,0.0,0.0
8720,substation_8720.png,1.0,0.0,6.0,0.0,0.0,0.0
8721,substation_8721.png,0.0,0.0,2.0,0.0,0.0,0.0
8724,substation_8724.png,0.0,0.0,3.0,0.0,0.0,0.0
8725,substation_8725.png,0.0,2.0,0.0,3.0,0.0,0.0
8728,substation_8728.png,1.0,0.0,1.0,0.0,0.0,0.0
8727,substation_8727.png,3.0,0.0,0.0,0.0,0.0,0.0
8726,substation_8726.png,0.0,0.0,0.0,0.0,0.0,0.0
8731,substation_8731.png,0.0,0.0,1.0,0.0,0.0,0.0
8730,substation_8730.png,2.0,0.0,4.0,0.0,0.0,0.0
8732,substation_8732.png,2.0,0.0,0.0,0.0,0.0,0.0
8735,substation_8735.png,2.0,0.0,10.0,0.0,0.0,0.0
8729,substation_8729.png,2.0,0.0,0.0,0.0,0.0,0.0
8733,substation_8733.png,1.0,0.0,8.0,0.0,0.0,0.0
8734,substation_8734.png,0.0,0.0,5.0,0.0,0.0,0.0
8736,substation_8736.png,1.0,0.0,1.0,0.0,0.0,0.0
8739,substation_8739.png,5.0,0.0,0.0,0.0,0.0,0.0
8737,substation_8737.png,1.0,0.0,4.0,1.0,0.0,0.0
8738,substation_8738.png,2.0,0.0,5.0,0.0,0.0,0.0
8740,substation_8740.png,1.0,0.0,1.0,0.0,0.0,0.0
8741,substation_8741.png,3.0,0.0,2.0,0.0,0.0,0.0
8743,substation_8743.png,1.0,0.0,0.0,1.0,0.0,0.0
8744,substation_8744.png,1.0,0.0,0.0,0.0,0.0,0.0
8745,substation_8745.png,2.0,0.0,0.0,0.0,0.0,0.0
8746,substation_8746.png,1.0,0.0,0.0,0.0,0.0,0.0
8747,substation_8747.png,0.0,0.0,0.0,0.0,0.0,0.0
8750,substation_8750.png,1.0,0.0,0.0,0.0,0.0,0.0
8742,substation_8742.png,0.0,0.0,0.0,0.0,0.0,0.0
8748,substation_8748.png,2.0,0.0,0.0,0.0,0.0,0.0
8751,substation_8751.png,3.0,0.0,0.0,0.0,0.0,0.0
8752,substation_8752.png,12.0,0.0,0.0,0.0,0.0,0.0
8753,substation_8753.png,3.0,0.0,0.0,1.0,0.0,0.0
8749,substation_8749.png,4.0,0.0,0.0,0.0,0.0,0.0
8754,substation_8754.png,8.0,0.0,0.0,0.0,0.0,0.0
8756,substation_8756.png,0.0,2.0,0.0,0.0,0.0,0.0
8755,substation_8755.png,0.0,0.0,0.0,0.0,0.0,0.0
8761,substation_8761.png,1.0,1.0,14.0,0.0,0.0,0.0
8762,substation_8762.png,3.0,4.0,0.0,0.0,0.0,0.0
8758,substation_8758.png,0.0,0.0,2.0,0.0,0.0,0.0
8759,substation_8759.png,2.0,0.0,0.0,0.0,0.0,0.0
8757,substation_8757.png,5.0,0.0,5.0,0.0,0.0,0.0
8760,substation_8760.png,0.0,0.0,10.0,0.0,0.0,0.0
8765,substation_8765.png,2.0,0.0,5.0,1.0,0.0,0.0
8763,substation_8763.png,1.0,0.0,0.0,0.0,0.0,0.0
8764,substation_8764.png,1.0,0.0,0.0,2.0,0.0,0.0
8766,substation_8766.png,0.0,0.0,0.0,0.0,0.0,0.0
8767,substation_8767.png,2.0,0.0,0.0,2.0,0.0,0.0
8771,substation_8771.png,0.0,0.0,0.0,1.0,0.0,0.0
8769,substation_8769.png,0.0,0.0,2.0,0.0,0.0,0.0
8770,substation_8770.png,3.0,0.0,4.0,0.0,0.0,0.0
8768,substation_8768.png,6.0,0.0,0.0,0.0,0.0,0.0
8772,substation_8772.png,2.0,0.0,0.0,0.0,0.0,0.0
8773,substation_8773.png,1.0,0.0,0.0,0.0,0.0,0.0
8774,substation_8774.png,0.0,0.0,2.0,3.0,0.0,0.0
8776,substation_8776.png,0.0,3.0,0.0,0.0,0.0,0.0
8778,substation_8778.png,0.0,0.0,1.0,0.0,0.0,0.0
8781,substation_8781.png,0.0,0.0,0.0,1.0,0.0,0.0
8775,substation_8775.png,0.0,0.0,0.0,0.0,0.0,0.0
8779,substation_8779.png,1.0,0.0,0.0,0.0,0.0,0.0
8777,substation_8777.png,0.0,0.0,0.0,0.0,0.0,0.0
8780,substation_8780.png,3.0,0.0,0.0,3.0,0.0,0.0
8782,substation_8782.png,0.0,0.0,0.0,1.0,0.0,0.0
8783,substation_8783.png,0.0,0.0,0.0,0.0,0.0,0.0
8786,substation_8786.png,0.0,0.0,0.0,4.0,0.0,0.0
8784,substation_8784.png,1.0,0.0,0.0,0.0,0.0,0.0
8785,substation_8785.png,0.0,0.0,0.0,0.0,0.0,0.0
8787,substation_8787.png,2.0,0.0,0.0,0.0,0.0,0.0
8788,substation_8788.png,1.0,0.0,0.0,0.0,0.0,0.0
8792,substation_8792.png,0.0,0.0,0.0,0.0,0.0,0.0
8789,substation_8789.png,1.0,0.0,0.0,0.0,0.0,0.0
8790,substation_8790.png,3.0,0.0,1.0,4.0,0.0,0.0
8791,substation_8791.png,0.0,0.0,0.0,0.0,0.0,0.0
8793,substation_8793.png,0.0,0.0,0.0,0.0,0.0,0.0
8795,substation_8795.png,0.0,0.0,0.0,0.0,0.0,0.0
8794,substation_8794.png,0.0,0.0,0.0,0.0,0.0,0.0
8796,substation_8796.png,0.0,0.0,0.0,0.0,0.0,0.0
8802,substation_8802.png,1.0,0.0,6.0,0.0,0.0,0.0
8798,substation_8798.png,0.0,0.0,0.0,1.0,0.0,0.0
8797,substation_8797.png,0.0,0.0,0.0,0.0,0.0,0.0
8800,substation_8800.png,0.0,0.0,7.0,0.0,0.0,0.0
8801,substation_8801.png,2.0,0.0,0.0,0.0,0.0,0.0
8803,substation_8803.png,2.0,0.0,0.0,0.0,0.0,0.0
8806,substation_8806.png,3.0,0.0,0.0,0.0,0.0,0.0
8804,substation_8804.png,1.0,0.0,0.0,0.0,0.0,0.0
8799,substation_8799.png,0.0,0.0,2.0,0.0,0.0,0.0
8805,substation_8805.png,0.0,0.0,0.0,3.0,0.0,0.0
8807,substation_8807.png,1.0,0.0,0.0,0.0,0.0,0.0
8812,substation_8812.png,1.0,0.0,0.0,1.0,0.0,0.0
8808,substation_8808.png,0.0,0.0,0.0,0.0,0.0,0.0
8810,substation_8810.png,1.0,0.0,0.0,0.0,0.0,0.0
8809,substation_8809.png,1.0,0.0,0.0,1.0,0.0,0.0
8811,substation_8811.png,1.0,0.0,0.0,0.0,0.0,0.0
8817,substation_8817.png,0.0,0.0,0.0,0.0,1.0,0.0
8814,substation_8814.png,0.0,0.0,0.0,0.0,0.0,0.0
8813,substation_8813.png,1.0,0.0,0.0,0.0,0.0,0.0
8815,substation_8815.png,3.0,0.0,0.0,0.0,0.0,0.0
8818,substation_8818.png,1.0,0.0,0.0,0.0,0.0,0.0
8820,substation_8820.png,1.0,0.0,0.0,0.0,0.0,0.0
8821,substation_8821.png,0.0,0.0,0.0,0.0,0.0,0.0
8822,substation_8822.png,1.0,0.0,0.0,1.0,0.0,0.0
8827,substation_8827.png,4.0,1.0,0.0,0.0,0.0,0.0
8824,substation_8824.png,0.0,0.0,0.0,0.0,0.0,0.0
8825,substation_8825.png,5.0,0.0,0.0,0.0,0.0,0.0
8819,substation_8819.png,1.0,0.0,0.0,0.0,0.0,0.0
8816,substation_8816.png,0.0,0.0,0.0,1.0,0.0,0.0
8823,substation_8823.png,4.0,0.0,0.0,0.0,0.0,0.0
8826,substation_8826.png,0.0,0.0,1.0,0.0,0.0,0.0
8829,substation_8829.png,0.0,0.0,0.0,1.0,0.0,0.0
8828,substation_8828.png,1.0,0.0,0.0,0.0,0.0,0.0
8830,substation_8830.png,0.0,0.0,0.0,0.0,0.0,0.0
8831,substation_8831.png,1.0,0.0,0.0,1.0,0.0,0.0
8832,substation_8832.png,0.0,0.0,0.0,1.0,0.0,0.0
8833,substation_8833.png,9.0,0.0,0.0,0.0,0.0,0.0
8836,substation_8836.png,1.0,0.0,0.0,0.0,0.0,0.0
8834,substation_8834.png,0.0,0.0,1.0,0.0,0.0,0.0
8837,substation_8837.png,0.0,0.0,0.0,0.0,0.0,0.0
8835,substation_8835.png,1.0,0.0,0.0,0.0,0.0,0.0
8838,substation_8838.png,3.0,0.0,1.0,0.0,0.0,0.0
8840,substation_8840.png,0.0,0.0,0.0,0.0,0.0,0.0
8839,substation_8839.png,3.0,0.0,0.0,1.0,0.0,0.0
8841,substation_8841.png,3.0,0.0,2.0,0.0,0.0,0.0
8844,substation_8844.png,1.0,0.0,0.0,0.0,0.0,0.0
8843,substation_8843.png,0.0,0.0,0.0,2.0,0.0,0.0
8845,substation_8845.png,5.0,0.0,3.0,0.0,0.0,0.0
8842,substation_8842.png,0.0,0.0,0.0,0.0,0.0,0.0
8849,substation_8849.png,1.0,0.0,0.0,0.0,0.0,0.0
8850,substation_8850.png,0.0,0.0,0.0,0.0,0.0,0.0
8846,substation_8846.png,1.0,0.0,0.0,0.0,0.0,0.0
8848,substation_8848.png,2.0,0.0,1.0,0.0,0.0,0.0
8847,substation_8847.png,5.0,0.0,1.0,0.0,0.0,0.0
8851,substation_8851.png,1.0,0.0,1.0,0.0,0.0,0.0
8853,substation_8853.png,1.0,0.0,0.0,0.0,0.0,0.0
8855,substation_8855.png,2.0,0.0,0.0,0.0,0.0,0.0
8854,substation_8854.png,3.0,0.0,0.0,0.0,0.0,0.0
8856,substation_8856.png,5.0,0.0,0.0,5.0,0.0,0.0
8857,substation_8857.png,0.0,0.0,3.0,0.0,0.0,0.0
8858,substation_8858.png,0.0,0.0,1.0,0.0,0.0,0.0
8852,substation_8852.png,0.0,0.0,0.0,0.0,1.0,0.0
8860,substation_8860.png,1.0,0.0,0.0,0.0,0.0,0.0
8861,substation_8861.png,0.0,0.0,0.0,0.0,0.0,0.0
8859,substation_8859.png,0.0,0.0,0.0,0.0,0.0,0.0
8862,substation_8862.png,0.0,0.0,0.0,1.0,0.0,0.0
8864,substation_8864.png,0.0,0.0,0.0,0.0,0.0,0.0
8863,substation_8863.png,0.0,0.0,0.0,0.0,0.0,0.0
8866,substation_8866.png,0.0,0.0,0.0,0.0,1.0,0.0
8867,substation_8867.png,1.0,0.0,0.0,2.0,0.0,0.0
8865,substation_8865.png,1.0,0.0,0.0,0.0,0.0,0.0
8868,substation_8868.png,0.0,0.0,0.0,0.0,0.0,0.0
8869,substation_8869.png,0.0,0.0,3.0,3.0,0.0,0.0
8870,substation_8870.png,0.0,0.0,0.0,0.0,0.0,0.0
8874,substation_8874.png,0.0,0.0,0.0,0.0,0.0,0.0
8871,substation_8871.png,0.0,0.0,0.0,0.0,0.0,0.0
8872,substation_8872.png,2.0,0.0,0.0,0.0,0.0,0.0
8873,substation_8873.png,0.0,0.0,0.0,0.0,0.0,0.0
8877,substation_8877.png,3.0,0.0,0.0,0.0,0.0,0.0
8875,substation_8875.png,0.0,0.0,0.0,0.0,0.0,0.0
8880,substation_8880.png,5.0,0.0,0.0,0.0,0.0,0.0
8876,substation_8876.png,3.0,0.0,1.0,0.0,0.0,0.0
8879,substation_8879.png,1.0,0.0,0.0,0.0,0.0,0.0
8878,substation_8878.png,0.0,0.0,2.0,0.0,0.0,0.0
8881,substation_8881.png,2.0,0.0,0.0,0.0,0.0,0.0
8882,substation_8882.png,1.0,0.0,1.0,1.0,0.0,0.0
8883,substation_8883.png,2.0,0.0,0.0,1.0,0.0,0.0
8884,substation_8884.png,2.0,0.0,0.0,0.0,0.0,0.0
8886,substation_8886.png,1.0,0.0,0.0,0.0,0.0,0.0
8885,substation_8885.png,0.0,0.0,1.0,0.0,0.0,0.0
8887,substation_8887.png,6.0,0.0,0.0,0.0,0.0,0.0
8888,substation_8888.png,1.0,0.0,0.0,2.0,0.0,0.0
8895,substation_8895.png,0.0,0.0,0.0,0.0,0.0,0.0
8893,substation_8893.png,2.0,0.0,0.0,1.0,0.0,0.0
8891,substation_8891.png,0.0,0.0,0.0,0.0,0.0,0.0
8889,substation_8889.png,0.0,0.0,0.0,0.0,0.0,0.0
8890,substation_8890.png,0.0,0.0,2.0,0.0,0.0,0.0
8892,substation_8892.png,2.0,0.0,0.0,0.0,0.0,0.0
8894,substation_8894.png,0.0,0.0,0.0,0.0,0.0,0.0
8898,substation_8898.png,0.0,0.0,0.0,0.0,0.0,0.0
8897,substation_8897.png,3.0,0.0,1.0,0.0,0.0,0.0
8902,substation_8902.png,0.0,0.0,0.0,0.0,0.0,0.0
8899,substation_8899.png,0.0,0.0,0.0,1.0,0.0,0.0
8896,substation_8896.png,1.0,0.0,0.0,1.0,0.0,0.0
8900,substation_8900.png,0.0,0.0,0.0,0.0,0.0,0.0
8901,substation_8901.png,1.0,0.0,0.0,0.0,0.0,0.0
8904,substation_8904.png,0.0,0.0,0.0,0.0,0.0,0.0
8906,substation_8906.png,0.0,0.0,0.0,0.0,0.0,0.0
8903,substation_8903.png,0.0,0.0,0.0,0.0,0.0,0.0
8905,substation_8905.png,2.0,1.0,1.0,0.0,0.0,0.0
8907,substation_8907.png,4.0,0.0,1.0,0.0,0.0,0.0
8908,substation_8908.png,0.0,0.0,0.0,1.0,0.0,0.0
8909,substation_8909.png,2.0,0.0,0.0,0.0,0.0,0.0
8912,substation_8912.png,1.0,0.0,0.0,0.0,0.0,0.0
8910,substation_8910.png,2.0,0.0,0.0,0.0,0.0,0.0
8911,substation_8911.png,0.0,0.0,0.0,0.0,0.0,0.0
8914,substation_8914.png,0.0,0.0,0.0,0.0,0.0,0.0
8913,substation_8913.png,0.0,0.0,0.0,0.0,0.0,0.0
8915,substation_8915.png,1.0,0.0,0.0,0.0,0.0,0.0
8918,substation_8918.png,1.0,0.0,0.0,1.0,0.0,0.0
8916,substation_8916.png,0.0,0.0,0.0,1.0,0.0,0.0
8919,substation_8919.png,2.0,0.0,0.0,0.0,0.0,0.0
8917,substation_8917.png,1.0,0.0,0.0,1.0,0.0,0.0
8920,substation_8920.png,2.0,0.0,0.0,0.0,0.0,0.0
8926,substation_8926.png,0.0,0.0,0.0,0.0,0.0,0.0
8921,substation_8921.png,0.0,0.0,0.0,0.0,0.0,0.0
8922,substation_8922.png,0.0,0.0,0.0,0.0,0.0,0.0
8923,substation_8923.png,0.0,0.0,1.0,0.0,0.0,0.0
8925,substation_8925.png,1.0,0.0,0.0,0.0,0.0,0.0
8924,substation_8924.png,0.0,0.0,0.0,1.0,0.0,0.0
8928,substation_8928.png,0.0,0.0,0.0,0.0,0.0,0.0
8931,substation_8931.png,0.0,0.0,1.0,0.0,0.0,0.0
8932,substation_8932.png,1.0,0.0,0.0,0.0,1.0,0.0
8927,substation_8927.png,1.0,0.0,0.0,0.0,0.0,0.0
8933,substation_8933.png,1.0,0.0,0.0,0.0,0.0,0.0
8929,substation_8929.png,0.0,0.0,0.0,0.0,0.0,0.0
8934,substation_8934.png,0.0,0.0,0.0,0.0,0.0,0.0
8930,substation_8930.png,3.0,1.0,0.0,0.0,0.0,0.0
8936,substation_8936.png,0.0,0.0,0.0,0.0,1.0,0.0
8939,substation_8939.png,0.0,0.0,0.0,0.0,0.0,0.0
8935,substation_8935.png,1.0,0.0,0.0,0.0,0.0,0.0
8938,substation_8938.png,0.0,0.0,0.0,0.0,0.0,0.0
8943,substation_8943.png,1.0,0.0,0.0,0.0,1.0,0.0
8937,substation_8937.png,2.0,0.0,0.0,0.0,0.0,0.0
8942,substation_8942.png,1.0,0.0,0.0,0.0,0.0,0.0
8941,substation_8941.png,1.0,0.0,0.0,0.0,0.0,0.0
8944,substation_8944.png,0.0,0.0,0.0,1.0,0.0,0.0
8940,substation_8940.png,0.0,0.0,0.0,0.0,0.0,0.0
8945,substation_8945.png,0.0,0.0,0.0,0.0,0.0,0.0
8946,substation_8946.png,0.0,0.0,0.0,1.0,0.0,0.0
8951,substation_8951.png,0.0,0.0,0.0,0.0,0.0,0.0
8947,substation_8947.png,1.0,0.0,0.0,0.0,0.0,0.0
8948,substation_8948.png,1.0,0.0,0.0,0.0,0.0,0.0
8950,substation_8950.png,2.0,0.0,0.0,0.0,0.0,0.0
8953,substation_8953.png,1.0,0.0,0.0,0.0,0.0,0.0
8952,substation_8952.png,0.0,0.0,0.0,0.0,0.0,0.0
8949,substation_8949.png,0.0,0.0,3.0,0.0,0.0,0.0
8954,substation_8954.png,1.0,0.0,0.0,0.0,1.0,0.0
8956,substation_8956.png,4.0,0.0,3.0,1.0,0.0,0.0
8957,substation_8957.png,2.0,0.0,0.0,0.0,0.0,0.0
8959,substation_8959.png,2.0,0.0,1.0,0.0,0.0,0.0
8958,substation_8958.png,4.0,1.0,1.0,0.0,0.0,0.0
8960,substation_8960.png,1.0,0.0,0.0,0.0,0.0,0.0
8955,substation_8955.png,1.0,0.0,4.0,0.0,0.0,0.0
8961,substation_8961.png,1.0,0.0,0.0,0.0,0.0,0.0
8962,substation_8962.png,0.0,0.0,0.0,0.0,0.0,0.0
8964,substation_8964.png,4.0,0.0,4.0,0.0,0.0,0.0
8965,substation_8965.png,2.0,0.0,7.0,0.0,0.0,0.0
8963,substation_8963.png,1.0,0.0,0.0,0.0,0.0,0.0
8968,substation_8968.png,1.0,0.0,0.0,0.0,0.0,0.0
8967,substation_8967.png,0.0,0.0,1.0,0.0,0.0,0.0
8966,substation_8966.png,2.0,0.0,6.0,0.0,0.0,0.0
8969,substation_8969.png,0.0,0.0,7.0,0.0,0.0,0.0
8971,substation_8971.png,0.0,0.0,8.0,0.0,0.0,0.0
8970,substation_8970.png,1.0,0.0,6.0,0.0,0.0,0.0
8974,substation_8974.png,2.0,0.0,6.0,0.0,0.0,0.0
8972,substation_8972.png,1.0,0.0,3.0,0.0,0.0,0.0
8973,substation_8973.png,0.0,0.0,6.0,0.0,0.0,0.0
8975,substation_8975.png,0.0,1.0,6.0,1.0,0.0,0.0
8979,substation_8979.png,2.0,0.0,0.0,0.0,0.0,0.0
8976,substation_8976.png,0.0,0.0,0.0,0.0,0.0,0.0
8980,substation_8980.png,2.0,0.0,0.0,1.0,0.0,0.0
8977,substation_8977.png,1.0,1.0,2.0,1.0,0.0,0.0
8982,substation_8982.png,3.0,0.0,1.0,0.0,0.0,0.0
8981,substation_8981.png,1.0,0.0,0.0,0.0,0.0,0.0
8978,substation_8978.png,2.0,0.0,0.0,0.0,0.0,0.0
8983,substation_8983.png,2.0,0.0,0.0,0.0,0.0,0.0
8986,substation_8986.png,1.0,0.0,3.0,0.0,0.0,0.0
8984,substation_8984.png,2.0,0.0,0.0,0.0,0.0,0.0
8990,substation_8990.png,2.0,0.0,2.0,0.0,0.0,0.0
8985,substation_8985.png,2.0,0.0,0.0,1.0,0.0,0.0
8989,substation_8989.png,1.0,0.0,3.0,0.0,0.0,0.0
8994,substation_8994.png,2.0,1.0,0.0,0.0,0.0,0.0
8988,substation_8988.png,0.0,0.0,0.0,0.0,0.0,0.0
8991,substation_8991.png,1.0,0.0,2.0,0.0,0.0,0.0
8987,substation_8987.png,3.0,1.0,1.0,0.0,0.0,0.0
8992,substation_8992.png,1.0,0.0,1.0,0.0,0.0,0.0
8993,substation_8993.png,0.0,0.0,0.0,0.0,0.0,0.0
8995,substation_8995.png,0.0,9.0,0.0,4.0,0.0,0.0
8996,substation_8996.png,1.0,1.0,0.0,1.0,0.0,0.0
8999,substation_8999.png,0.0,0.0,3.0,0.0,0.0,0.0
9000,substation_9000.png,0.0,4.0,0.0,0.0,0.0,0.0
8998,substation_8998.png,0.0,1.0,0.0,1.0,0.0,0.0
9004,substation_9004.png,1.0,0.0,4.0,0.0,0.0,0.0
9005,substation_9005.png,3.0,0.0,8.0,0.0,0.0,0.0
9003,substation_9003.png,0.0,0.0,0.0,0.0,0.0,0.0
9001,substation_9001.png,0.0,0.0,4.0,0.0,0.0,0.0
8997,substation_8997.png,1.0,0.0,2.0,0.0,0.0,0.0
9006,substation_9006.png,1.0,0.0,0.0,0.0,0.0,0.0
9007,substation_9007.png,1.0,0.0,4.0,0.0,0.0,0.0
9009,substation_9009.png,1.0,0.0,5.0,0.0,0.0,0.0
9002,substation_9002.png,3.0,0.0,0.0,0.0,0.0,0.0
9008,substation_9008.png,4.0,0.0,6.0,0.0,0.0,0.0
9012,substation_9012.png,1.0,0.0,1.0,0.0,0.0,0.0
9010,substation_9010.png,0.0,0.0,2.0,0.0,0.0,0.0
9014,substation_9014.png,1.0,0.0,0.0,2.0,0.0,0.0
9011,substation_9011.png,0.0,0.0,0.0,0.0,0.0,0.0
9016,substation_9016.png,0.0,0.0,0.0,0.0,0.0,0.0
9013,substation_9013.png,1.0,0.0,0.0,1.0,0.0,0.0
9015,substation_9015.png,1.0,0.0,3.0,0.0,0.0,0.0
9017,substation_9017.png,3.0,0.0,0.0,0.0,0.0,0.0
9018,substation_9018.png,2.0,0.0,0.0,0.0,0.0,0.0
9019,substation_9019.png,0.0,0.0,6.0,0.0,0.0,0.0
9025,substation_9025.png,0.0,0.0,0.0,0.0,0.0,0.0
9020,substation_9020.png,0.0,0.0,0.0,0.0,0.0,0.0
9021,substation_9021.png,1.0,0.0,0.0,0.0,0.0,0.0
9024,substation_9024.png,2.0,0.0,7.0,0.0,0.0,0.0
9022,substation_9022.png,2.0,0.0,4.0,0.0,0.0,0.0
9026,substation_9026.png,1.0,0.0,0.0,0.0,0.0,0.0
9027,substation_9027.png,3.0,0.0,0.0,0.0,0.0,0.0
9023,substation_9023.png,0.0,0.0,0.0,0.0,0.0,0.0
9029,substation_9029.png,0.0,0.0,0.0,0.0,0.0,0.0
9028,substation_9028.png,1.0,0.0,3.0,0.0,0.0,0.0
9030,substation_9030.png,1.0,0.0,0.0,0.0,0.0,0.0
9031,substation_9031.png,4.0,0.0,3.0,0.0,0.0,0.0
9034,substation_9034.png,3.0,0.0,0.0,1.0,0.0,0.0
9032,substation_9032.png,0.0,0.0,0.0,1.0,0.0,0.0
9038,substation_9038.png,2.0,0.0,2.0,0.0,0.0,0.0
9033,substation_9033.png,2.0,0.0,2.0,0.0,0.0,0.0
9036,substation_9036.png,1.0,1.0,0.0,2.0,0.0,0.0
9035,substation_9035.png,2.0,0.0,5.0,0.0,0.0,0.0
9039,substation_9039.png,0.0,0.0,7.0,0.0,0.0,0.0
9037,substation_9037.png,2.0,0.0,8.0,0.0,0.0,0.0
9040,substation_9040.png,0.0,0.0,3.0,0.0,0.0,0.0
9042,substation_9042.png,1.0,1.0,0.0,0.0,0.0,0.0
9041,substation_9041.png,0.0,0.0,3.0,0.0,0.0,0.0
9046,substation_9046.png,0.0,0.0,1.0,3.0,0.0,0.0
9045,substation_9045.png,0.0,0.0,4.0,0.0,0.0,0.0
9043,substation_9043.png,3.0,0.0,5.0,0.0,0.0,0.0
9047,substation_9047.png,2.0,0.0,1.0,0.0,0.0,0.0
9044,substation_9044.png,0.0,0.0,8.0,0.0,0.0,0.0
9048,substation_9048.png,2.0,0.0,1.0,0.0,0.0,0.0
9053,substation_9053.png,0.0,0.0,0.0,0.0,0.0,0.0
9052,substation_9052.png,1.0,0.0,1.0,0.0,0.0,0.0
9049,substation_9049.png,2.0,0.0,0.0,0.0,0.0,0.0
9051,substation_9051.png,1.0,0.0,2.0,0.0,0.0,0.0
9054,substation_9054.png,1.0,0.0,0.0,0.0,0.0,0.0
9055,substation_9055.png,1.0,0.0,5.0,0.0,0.0,0.0
9056,substation_9056.png,1.0,1.0,0.0,1.0,0.0,0.0
9060,substation_9060.png,0.0,0.0,0.0,5.0,0.0,0.0
9058,substation_9058.png,2.0,0.0,5.0,0.0,0.0,0.0
9059,substation_9059.png,1.0,0.0,1.0,0.0,0.0,0.0
9057,substation_9057.png,1.0,0.0,0.0,0.0,0.0,0.0
9050,substation_9050.png,0.0,0.0,10.0,0.0,0.0,0.0
9062,substation_9062.png,0.0,1.0,0.0,3.0,0.0,0.0
9061,substation_9061.png,2.0,0.0,0.0,0.0,0.0,0.0
9063,substation_9063.png,1.0,0.0,0.0,1.0,0.0,0.0
9065,substation_9065.png,0.0,0.0,2.0,0.0,0.0,0.0
9067,substation_9067.png,0.0,0.0,0.0,0.0,0.0,0.0
9064,substation_9064.png,0.0,0.0,1.0,1.0,0.0,0.0
9066,substation_9066.png,8.0,0.0,0.0,0.0,0.0,0.0
9068,substation_9068.png,3.0,0.0,0.0,0.0,0.0,0.0
9070,substation_9070.png,1.0,0.0,0.0,1.0,0.0,0.0
9072,substation_9072.png,2.0,0.0,0.0,0.0,0.0,0.0
9069,substation_9069.png,0.0,0.0,0.0,1.0,0.0,0.0
9071,substation_9071.png,1.0,0.0,0.0,0.0,0.0,0.0
9073,substation_9073.png,1.0,0.0,0.0,0.0,1.0,0.0
9080,substation_9080.png,4.0,0.0,0.0,0.0,0.0,0.0
9075,substation_9075.png,2.0,0.0,3.0,0.0,0.0,0.0
9079,substation_9079.png,2.0,0.0,1.0,0.0,0.0,0.0
9074,substation_9074.png,3.0,0.0,4.0,0.0,0.0,0.0
9076,substation_9076.png,0.0,0.0,0.0,0.0,0.0,0.0
9078,substation_9078.png,0.0,0.0,2.0,2.0,0.0,0.0
9077,substation_9077.png,0.0,0.0,2.0,0.0,0.0,0.0
9084,substation_9084.png,2.0,1.0,2.0,0.0,0.0,0.0
9085,substation_9085.png,1.0,0.0,0.0,0.0,0.0,0.0
9082,substation_9082.png,0.0,0.0,9.0,0.0,0.0,0.0
9083,substation_9083.png,0.0,2.0,1.0,1.0,0.0,0.0
9081,substation_9081.png,3.0,0.0,0.0,0.0,0.0,0.0
9086,substation_9086.png,2.0,0.0,2.0,0.0,0.0,0.0
9087,substation_9087.png,3.0,0.0,1.0,0.0,0.0,0.0
9088,substation_9088.png,2.0,0.0,0.0,0.0,0.0,0.0
9089,substation_9089.png,1.0,0.0,0.0,0.0,0.0,0.0
9091,substation_9091.png,4.0,0.0,1.0,0.0,0.0,0.0
9090,substation_9090.png,6.0,0.0,0.0,0.0,0.0,0.0
7087,substation_7087.png,1.0,0.0,0.0,0.0,0.0,0.0
7094,substation_7094.png,0.0,0.0,0.0,0.0,0.0,0.0
7091,substation_7091.png,0.0,0.0,0.0,0.0,0.0,0.0
7092,substation_7092.png,1.0,0.0,0.0,0.0,1.0,0.0
7095,substation_7095.png,0.0,0.0,0.0,0.0,0.0,0.0
7099,substation_7099.png,1.0,0.0,0.0,1.0,0.0,0.0
7103,substation_7103.png,0.0,0.0,0.0,6.0,0.0,0.0
7096,substation_7096.png,0.0,0.0,0.0,0.0,0.0,0.0
7098,substation_7098.png,0.0,0.0,0.0,1.0,0.0,0.0
7097,substation_7097.png,0.0,0.0,0.0,0.0,0.0,0.0
7102,substation_7102.png,1.0,0.0,2.0,0.0,0.0,0.0
7100,substation_7100.png,0.0,0.0,1.0,0.0,0.0,0.0
7101,substation_7101.png,0.0,0.0,0.0,0.0,0.0,0.0
7106,substation_7106.png,1.0,0.0,1.0,0.0,0.0,0.0
7104,substation_7104.png,0.0,0.0,0.0,1.0,0.0,0.0
7105,substation_7105.png,0.0,0.0,0.0,1.0,0.0,0.0
7109,substation_7109.png,0.0,0.0,0.0,0.0,1.0,0.0
7107,substation_7107.png,1.0,0.0,0.0,0.0,0.0,0.0
7108,substation_7108.png,1.0,0.0,0.0,1.0,0.0,0.0
7111,substation_7111.png,0.0,2.0,2.0,0.0,0.0,0.0
7110,substation_7110.png,1.0,1.0,0.0,0.0,0.0,0.0
7112,substation_7112.png,1.0,0.0,3.0,0.0,0.0,0.0
7113,substation_7113.png,0.0,0.0,0.0,0.0,0.0,0.0
7117,substation_7117.png,1.0,0.0,0.0,0.0,0.0,0.0
7118,substation_7118.png,3.0,0.0,0.0,0.0,0.0,0.0
7115,substation_7115.png,1.0,0.0,0.0,0.0,0.0,0.0
7116,substation_7116.png,0.0,0.0,0.0,0.0,0.0,0.0
7114,substation_7114.png,0.0,0.0,0.0,0.0,1.0,0.0
7123,substation_7123.png,5.0,0.0,0.0,0.0,0.0,0.0
7121,substation_7121.png,0.0,0.0,0.0,0.0,0.0,0.0
7120,substation_7120.png,0.0,0.0,1.0,1.0,0.0,0.0
7119,substation_7119.png,1.0,0.0,0.0,0.0,0.0,0.0
7122,substation_7122.png,1.0,6.0,0.0,2.0,0.0,0.0
7125,substation_7125.png,2.0,0.0,0.0,0.0,0.0,0.0
7127,substation_7127.png,2.0,0.0,0.0,0.0,0.0,0.0
7124,substation_7124.png,3.0,0.0,0.0,0.0,0.0,0.0
7126,substation_7126.png,0.0,0.0,1.0,0.0,0.0,0.0
7129,substation_7129.png,0.0,0.0,0.0,0.0,0.0,0.0
7128,substation_7128.png,0.0,0.0,0.0,0.0,0.0,0.0
7130,substation_7130.png,2.0,0.0,0.0,0.0,0.0,0.0
7131,substation_7131.png,0.0,0.0,7.0,0.0,0.0,0.0
7134,substation_7134.png,2.0,0.0,0.0,0.0,0.0,0.0
7136,substation_7136.png,0.0,0.0,3.0,0.0,1.0,0.0
7132,substation_7132.png,0.0,0.0,0.0,0.0,0.0,0.0
7133,substation_7133.png,1.0,0.0,0.0,0.0,0.0,0.0
7135,substation_7135.png,0.0,0.0,1.0,0.0,0.0,0.0
7137,substation_7137.png,1.0,0.0,0.0,0.0,0.0,0.0
7138,substation_7138.png,1.0,0.0,0.0,0.0,0.0,0.0
7139,substation_7139.png,1.0,0.0,0.0,0.0,0.0,0.0
7141,substation_7141.png,2.0,0.0,0.0,0.0,0.0,0.0
7143,substation_7143.png,0.0,0.0,0.0,0.0,0.0,0.0
7140,substation_7140.png,0.0,0.0,0.0,0.0,0.0,0.0
7142,substation_7142.png,1.0,0.0,0.0,1.0,0.0,0.0
7145,substation_7145.png,0.0,0.0,0.0,0.0,2.0,0.0
7146,substation_7146.png,1.0,0.0,0.0,1.0,0.0,0.0
7147,substation_7147.png,0.0,0.0,0.0,0.0,0.0,0.0
7144,substation_7144.png,0.0,0.0,0.0,0.0,2.0,0.0
7148,substation_7148.png,0.0,0.0,0.0,0.0,0.0,0.0
7152,substation_7152.png,2.0,0.0,0.0,0.0,0.0,0.0
7149,substation_7149.png,1.0,0.0,0.0,1.0,0.0,0.0
7150,substation_7150.png,1.0,0.0,0.0,0.0,0.0,0.0
7153,substation_7153.png,0.0,0.0,2.0,0.0,0.0,0.0
7154,substation_7154.png,0.0,0.0,3.0,0.0,0.0,0.0
7156,substation_7156.png,0.0,0.0,0.0,0.0,1.0,0.0
7158,substation_7158.png,0.0,0.0,0.0,0.0,0.0,0.0
7151,substation_7151.png,1.0,0.0,0.0,0.0,0.0,0.0
7157,substation_7157.png,0.0,0.0,3.0,0.0,0.0,0.0
7155,substation_7155.png,0.0,0.0,0.0,0.0,0.0,0.0
7160,substation_7160.png,1.0,0.0,0.0,0.0,0.0,0.0
7159,substation_7159.png,0.0,0.0,8.0,0.0,0.0,0.0
7161,substation_7161.png,1.0,0.0,0.0,0.0,0.0,0.0
7162,substation_7162.png,1.0,1.0,0.0,0.0,0.0,0.0
7163,substation_7163.png,0.0,0.0,0.0,1.0,0.0,1.0
7164,substation_7164.png,1.0,0.0,3.0,0.0,0.0,0.0
7165,substation_7165.png,0.0,0.0,5.0,0.0,0.0,0.0
7166,substation_7166.png,1.0,0.0,6.0,0.0,0.0,0.0
7168,substation_7168.png,0.0,0.0,0.0,0.0,0.0,0.0
7172,substation_7172.png,0.0,0.0,0.0,0.0,0.0,0.0
7174,substation_7174.png,0.0,0.0,0.0,0.0,0.0,0.0
7173,substation_7173.png,0.0,0.0,0.0,1.0,1.0,0.0
7169,substation_7169.png,3.0,0.0,0.0,0.0,0.0,0.0
7170,substation_7170.png,1.0,0.0,0.0,1.0,0.0,0.0
7175,substation_7175.png,1.0,0.0,0.0,1.0,0.0,0.0
7171,substation_7171.png,4.0,0.0,0.0,0.0,0.0,0.0
7176,substation_7176.png,0.0,0.0,0.0,1.0,0.0,0.0
7177,substation_7177.png,0.0,0.0,0.0,0.0,0.0,0.0
7167,substation_7167.png,0.0,2.0,0.0,0.0,0.0,0.0
7181,substation_7181.png,0.0,0.0,0.0,0.0,0.0,0.0
7182,substation_7182.png,0.0,0.0,0.0,0.0,0.0,0.0
7178,substation_7178.png,1.0,0.0,0.0,0.0,0.0,0.0
7179,substation_7179.png,0.0,0.0,0.0,0.0,1.0,0.0
7187,substation_7187.png,0.0,0.0,0.0,0.0,0.0,0.0
7184,substation_7184.png,0.0,0.0,0.0,0.0,0.0,0.0
7186,substation_7186.png,2.0,0.0,0.0,0.0,0.0,0.0
7189,substation_7189.png,0.0,0.0,0.0,0.0,1.0,0.0
7188,substation_7188.png,0.0,0.0,0.0,1.0,0.0,0.0
7180,substation_7180.png,1.0,0.0,0.0,0.0,0.0,0.0
7183,substation_7183.png,1.0,0.0,0.0,0.0,1.0,0.0
7185,substation_7185.png,0.0,0.0,0.0,0.0,0.0,0.0
7192,substation_7192.png,1.0,0.0,0.0,1.0,0.0,0.0
7191,substation_7191.png,1.0,0.0,3.0,0.0,0.0,0.0
7196,substation_7196.png,3.0,0.0,0.0,0.0,0.0,0.0
7194,substation_7194.png,4.0,0.0,1.0,0.0,0.0,0.0
7193,substation_7193.png,0.0,0.0,0.0,0.0,0.0,0.0
7201,substation_7201.png,0.0,0.0,0.0,2.0,0.0,0.0
7190,substation_7190.png,0.0,0.0,0.0,0.0,0.0,0.0
7197,substation_7197.png,3.0,0.0,4.0,0.0,0.0,0.0
7195,substation_7195.png,0.0,0.0,0.0,0.0,0.0,0.0
7200,substation_7200.png,0.0,0.0,0.0,0.0,0.0,0.0
7199,substation_7199.png,2.0,0.0,2.0,0.0,0.0,0.0
7198,substation_7198.png,1.0,0.0,1.0,0.0,0.0,0.0
7203,substation_7203.png,1.0,0.0,3.0,0.0,0.0,0.0
7204,substation_7204.png,2.0,0.0,2.0,0.0,0.0,0.0
7208,substation_7208.png,0.0,0.0,0.0,0.0,0.0,0.0
7205,substation_7205.png,0.0,0.0,0.0,0.0,0.0,0.0
7210,substation_7210.png,1.0,1.0,2.0,0.0,0.0,0.0
7206,substation_7206.png,0.0,0.0,0.0,1.0,0.0,0.0
7211,substation_7211.png,1.0,0.0,0.0,0.0,0.0,0.0
7214,substation_7214.png,0.0,0.0,0.0,0.0,1.0,0.0
7202,substation_7202.png,0.0,0.0,0.0,0.0,0.0,0.0
7209,substation_7209.png,5.0,0.0,0.0,0.0,0.0,0.0
7212,substation_7212.png,1.0,0.0,0.0,0.0,2.0,0.0
7207,substation_7207.png,0.0,0.0,1.0,0.0,0.0,0.0
7215,substation_7215.png,0.0,0.0,0.0,0.0,0.0,0.0
7213,substation_7213.png,0.0,0.0,0.0,0.0,1.0,0.0
7218,substation_7218.png,0.0,0.0,0.0,0.0,0.0,0.0
7216,substation_7216.png,1.0,0.0,0.0,0.0,0.0,0.0
7220,substation_7220.png,4.0,0.0,0.0,0.0,0.0,0.0
7219,substation_7219.png,0.0,0.0,0.0,0.0,0.0,0.0
7224,substation_7224.png,0.0,0.0,0.0,0.0,0.0,0.0
7225,substation_7225.png,1.0,0.0,0.0,0.0,0.0,0.0
7222,substation_7222.png,3.0,0.0,0.0,0.0,0.0,0.0
7221,substation_7221.png,0.0,0.0,0.0,0.0,0.0,0.0
7217,substation_7217.png,1.0,0.0,0.0,0.0,0.0,0.0
7226,substation_7226.png,1.0,0.0,0.0,0.0,0.0,0.0
7223,substation_7223.png,2.0,1.0,0.0,0.0,0.0,0.0
7227,substation_7227.png,1.0,0.0,7.0,0.0,0.0,0.0
7228,substation_7228.png,0.0,0.0,0.0,0.0,1.0,0.0
7230,substation_7230.png,8.0,0.0,0.0,0.0,0.0,0.0
7229,substation_7229.png,0.0,0.0,0.0,0.0,0.0,0.0
7231,substation_7231.png,2.0,0.0,6.0,0.0,0.0,0.0
7239,substation_7239.png,0.0,0.0,2.0,0.0,0.0,0.0
7234,substation_7234.png,0.0,0.0,0.0,0.0,0.0,0.0
7233,substation_7233.png,0.0,0.0,3.0,0.0,0.0,0.0
7232,substation_7232.png,1.0,0.0,0.0,0.0,0.0,0.0
7235,substation_7235.png,0.0,0.0,0.0,0.0,0.0,0.0
7236,substation_7236.png,0.0,0.0,0.0,0.0,0.0,0.0
7237,substation_7237.png,0.0,0.0,0.0,1.0,0.0,0.0
7240,substation_7240.png,0.0,0.0,0.0,0.0,0.0,0.0
7243,substation_7243.png,1.0,0.0,1.0,0.0,0.0,0.0
7238,substation_7238.png,1.0,0.0,0.0,0.0,0.0,0.0
7244,substation_7244.png,0.0,0.0,1.0,1.0,0.0,0.0
7242,substation_7242.png,0.0,0.0,0.0,0.0,0.0,0.0
7241,substation_7241.png,0.0,0.0,2.0,2.0,1.0,0.0
7246,substation_7246.png,0.0,0.0,0.0,0.0,0.0,0.0
7250,substation_7250.png,1.0,0.0,0.0,0.0,0.0,0.0
7247,substation_7247.png,1.0,0.0,0.0,0.0,0.0,0.0
7248,substation_7248.png,0.0,0.0,0.0,0.0,0.0,0.0
7245,substation_7245.png,5.0,0.0,0.0,2.0,0.0,0.0
7249,substation_7249.png,1.0,0.0,0.0,0.0,0.0,0.0
7252,substation_7252.png,0.0,0.0,0.0,0.0,1.0,0.0
7255,substation_7255.png,3.0,1.0,1.0,2.0,0.0,0.0
7256,substation_7256.png,1.0,0.0,1.0,0.0,0.0,0.0
7253,substation_7253.png,0.0,0.0,3.0,0.0,0.0,0.0
7251,substation_7251.png,0.0,0.0,0.0,0.0,0.0,0.0
7259,substation_7259.png,3.0,0.0,4.0,1.0,0.0,0.0
7254,substation_7254.png,0.0,1.0,0.0,0.0,0.0,0.0
7263,substation_7263.png,0.0,0.0,0.0,1.0,0.0,0.0
7261,substation_7261.png,4.0,0.0,3.0,0.0,0.0,0.0
7258,substation_7258.png,7.0,2.0,3.0,0.0,0.0,0.0
7260,substation_7260.png,4.0,2.0,6.0,0.0,0.0,0.0
7257,substation_7257.png,5.0,1.0,2.0,0.0,0.0,0.0
7262,substation_7262.png,3.0,0.0,0.0,0.0,0.0,0.0
7264,substation_7264.png,0.0,0.0,0.0,0.0,1.0,0.0
7266,substation_7266.png,1.0,0.0,1.0,0.0,0.0,0.0
7265,substation_7265.png,0.0,0.0,0.0,0.0,0.0,0.0
7267,substation_7267.png,2.0,0.0,0.0,0.0,0.0,0.0
7268,substation_7268.png,1.0,0.0,0.0,0.0,0.0,0.0
7269,substation_7269.png,0.0,6.0,0.0,1.0,0.0,0.0
7273,substation_7273.png,2.0,0.0,0.0,0.0,0.0,0.0
7272,substation_7272.png,2.0,0.0,0.0,0.0,0.0,0.0
7270,substation_7270.png,0.0,0.0,0.0,1.0,0.0,0.0
7274,substation_7274.png,1.0,0.0,0.0,0.0,0.0,0.0
7275,substation_7275.png,0.0,0.0,0.0,0.0,0.0,0.0
7271,substation_7271.png,1.0,0.0,0.0,0.0,0.0,0.0
7279,substation_7279.png,0.0,0.0,0.0,1.0,0.0,0.0
7277,substation_7277.png,2.0,0.0,0.0,0.0,0.0,0.0
7276,substation_7276.png,1.0,1.0,0.0,0.0,0.0,0.0
7280,substation_7280.png,1.0,0.0,0.0,0.0,0.0,0.0
7278,substation_7278.png,0.0,0.0,1.0,0.0,0.0,0.0
7281,substation_7281.png,0.0,0.0,0.0,0.0,0.0,0.0
7282,substation_7282.png,1.0,0.0,0.0,0.0,0.0,0.0
7286,substation_7286.png,1.0,1.0,0.0,0.0,0.0,0.0
7283,substation_7283.png,0.0,0.0,0.0,0.0,0.0,0.0
7287,substation_7287.png,4.0,0.0,0.0,0.0,0.0,0.0
7284,substation_7284.png,1.0,0.0,0.0,0.0,0.0,0.0
7289,substation_7289.png,0.0,0.0,0.0,0.0,1.0,0.0
7291,substation_7291.png,2.0,0.0,0.0,0.0,0.0,0.0
7285,substation_7285.png,0.0,0.0,0.0,0.0,0.0,0.0
7293,substation_7293.png,1.0,0.0,0.0,3.0,0.0,0.0
7288,substation_7288.png,1.0,0.0,0.0,0.0,0.0,0.0
7290,substation_7290.png,4.0,1.0,1.0,0.0,0.0,0.0
7292,substation_7292.png,0.0,0.0,0.0,1.0,0.0,0.0
7294,substation_7294.png,1.0,0.0,0.0,0.0,0.0,0.0
7296,substation_7296.png,0.0,0.0,0.0,0.0,0.0,0.0
7297,substation_7297.png,0.0,0.0,0.0,0.0,0.0,0.0
7295,substation_7295.png,0.0,0.0,4.0,0.0,0.0,0.0
7298,substation_7298.png,0.0,0.0,0.0,0.0,0.0,0.0
7299,substation_7299.png,1.0,0.0,1.0,0.0,0.0,0.0
7301,substation_7301.png,0.0,0.0,0.0,0.0,0.0,0.0
7300,substation_7300.png,1.0,0.0,0.0,0.0,0.0,0.0
7303,substation_7303.png,0.0,0.0,0.0,0.0,0.0,0.0
7305,substation_7305.png,1.0,0.0,0.0,0.0,0.0,0.0
7302,substation_7302.png,4.0,0.0,12.0,0.0,0.0,0.0
7304,substation_7304.png,1.0,5.0,1.0,0.0,0.0,0.0
7307,substation_7307.png,0.0,0.0,2.0,0.0,0.0,0.0
7306,substation_7306.png,3.0,0.0,0.0,0.0,0.0,0.0
7308,substation_7308.png,2.0,0.0,1.0,0.0,0.0,0.0
7309,substation_7309.png,0.0,0.0,0.0,0.0,0.0,0.0
7310,substation_7310.png,1.0,0.0,0.0,0.0,0.0,0.0
7315,substation_7315.png,0.0,0.0,0.0,0.0,0.0,0.0
7311,substation_7311.png,0.0,0.0,9.0,1.0,0.0,0.0
7317,substation_7317.png,2.0,0.0,1.0,0.0,0.0,0.0
7313,substation_7313.png,0.0,0.0,0.0,1.0,0.0,0.0
7314,substation_7314.png,1.0,0.0,0.0,0.0,0.0,0.0
7316,substation_7316.png,3.0,0.0,0.0,0.0,0.0,0.0
7312,substation_7312.png,2.0,0.0,0.0,0.0,0.0,0.0
7319,substation_7319.png,0.0,0.0,0.0,0.0,1.0,0.0
7321,substation_7321.png,1.0,0.0,0.0,0.0,0.0,0.0
7320,substation_7320.png,0.0,0.0,1.0,0.0,1.0,0.0
7318,substation_7318.png,1.0,0.0,0.0,0.0,0.0,0.0
7324,substation_7324.png,0.0,0.0,0.0,0.0,0.0,0.0
7325,substation_7325.png,0.0,0.0,1.0,0.0,0.0,0.0
7326,substation_7326.png,1.0,1.0,0.0,1.0,0.0,0.0
7322,substation_7322.png,1.0,0.0,0.0,0.0,0.0,0.0
7328,substation_7328.png,2.0,0.0,0.0,0.0,0.0,0.0
7330,substation_7330.png,0.0,0.0,0.0,0.0,0.0,0.0
7327,substation_7327.png,3.0,0.0,0.0,0.0,0.0,0.0
7323,substation_7323.png,2.0,0.0,0.0,0.0,0.0,0.0
7329,substation_7329.png,0.0,0.0,0.0,0.0,0.0,0.0
7334,substation_7334.png,0.0,0.0,0.0,0.0,0.0,0.0
7331,substation_7331.png,0.0,0.0,0.0,0.0,0.0,0.0
7332,substation_7332.png,0.0,0.0,0.0,0.0,1.0,0.0
7333,substation_7333.png,0.0,0.0,0.0,0.0,0.0,0.0
7335,substation_7335.png,3.0,0.0,4.0,0.0,0.0,0.0
7336,substation_7336.png,0.0,0.0,0.0,0.0,0.0,0.0
7339,substation_7339.png,1.0,0.0,0.0,0.0,0.0,0.0
7337,substation_7337.png,2.0,0.0,0.0,0.0,0.0,0.0
7342,substation_7342.png,0.0,0.0,0.0,0.0,1.0,0.0
7340,substation_7340.png,1.0,0.0,0.0,1.0,0.0,0.0
7341,substation_7341.png,0.0,0.0,1.0,0.0,0.0,0.0
7344,substation_7344.png,0.0,0.0,0.0,0.0,1.0,0.0
7338,substation_7338.png,2.0,4.0,0.0,0.0,0.0,0.0
7345,substation_7345.png,0.0,0.0,0.0,1.0,0.0,0.0
7346,substation_7346.png,1.0,0.0,2.0,0.0,0.0,0.0
7343,substation_7343.png,1.0,0.0,1.0,0.0,0.0,0.0
7347,substation_7347.png,0.0,0.0,1.0,0.0,0.0,0.0
7352,substation_7352.png,0.0,0.0,1.0,0.0,0.0,0.0
7349,substation_7349.png,0.0,0.0,1.0,2.0,0.0,0.0
7348,substation_7348.png,2.0,1.0,0.0,1.0,0.0,0.0
7355,substation_7355.png,0.0,0.0,0.0,0.0,0.0,0.0
7353,substation_7353.png,1.0,0.0,0.0,0.0,0.0,0.0
7351,substation_7351.png,1.0,0.0,7.0,0.0,0.0,0.0
7354,substation_7354.png,2.0,0.0,0.0,0.0,0.0,0.0
7350,substation_7350.png,2.0,0.0,0.0,0.0,0.0,0.0
7357,substation_7357.png,0.0,0.0,0.0,0.0,0.0,0.0
7358,substation_7358.png,1.0,0.0,0.0,0.0,1.0,0.0
7360,substation_7360.png,4.0,0.0,0.0,1.0,0.0,0.0
7356,substation_7356.png,0.0,0.0,0.0,0.0,0.0,0.0
7359,substation_7359.png,1.0,0.0,0.0,0.0,0.0,0.0
7361,substation_7361.png,0.0,0.0,0.0,0.0,0.0,0.0
7363,substation_7363.png,0.0,0.0,1.0,0.0,0.0,0.0
7366,substation_7366.png,0.0,0.0,0.0,0.0,0.0,0.0
7368,substation_7368.png,1.0,0.0,0.0,0.0,0.0,0.0
7364,substation_7364.png,1.0,0.0,0.0,0.0,0.0,0.0
7371,substation_7371.png,1.0,0.0,0.0,0.0,0.0,0.0
7362,substation_7362.png,3.0,0.0,0.0,1.0,0.0,0.0
7365,substation_7365.png,1.0,0.0,0.0,0.0,0.0,0.0
7367,substation_7367.png,1.0,0.0,0.0,0.0,0.0,0.0
7370,substation_7370.png,0.0,0.0,0.0,0.0,0.0,0.0
7369,substation_7369.png,1.0,0.0,0.0,1.0,0.0,0.0
7372,substation_7372.png,0.0,1.0,0.0,0.0,0.0,0.0
7373,substation_7373.png,0.0,0.0,0.0,0.0,0.0,0.0
7374,substation_7374.png,3.0,0.0,0.0,0.0,0.0,0.0
7380,substation_7380.png,1.0,0.0,0.0,0.0,0.0,0.0
7375,substation_7375.png,0.0,0.0,0.0,1.0,0.0,0.0
7376,substation_7376.png,0.0,0.0,0.0,0.0,0.0,0.0
7377,substation_7377.png,0.0,0.0,0.0,0.0,0.0,0.0
7378,substation_7378.png,0.0,0.0,1.0,0.0,0.0,0.0
7381,substation_7381.png,4.0,0.0,0.0,0.0,0.0,0.0
7379,substation_7379.png,0.0,0.0,0.0,0.0,0.0,0.0
7382,substation_7382.png,0.0,0.0,0.0,0.0,1.0,0.0
7383,substation_7383.png,0.0,0.0,0.0,0.0,0.0,0.0
7387,substation_7387.png,2.0,0.0,0.0,0.0,0.0,0.0
7385,substation_7385.png,0.0,0.0,0.0,1.0,0.0,0.0
7386,substation_7386.png,0.0,0.0,0.0,0.0,0.0,0.0
7384,substation_7384.png,1.0,0.0,0.0,0.0,1.0,0.0
7388,substation_7388.png,1.0,0.0,0.0,0.0,0.0,0.0
7389,substation_7389.png,0.0,0.0,0.0,1.0,0.0,0.0
7391,substation_7391.png,0.0,0.0,0.0,1.0,0.0,0.0
7392,substation_7392.png,1.0,0.0,0.0,0.0,0.0,0.0
7390,substation_7390.png,2.0,0.0,3.0,0.0,0.0,0.0
7395,substation_7395.png,0.0,0.0,0.0,0.0,0.0,0.0
7393,substation_7393.png,2.0,0.0,0.0,0.0,0.0,0.0
7396,substation_7396.png,0.0,0.0,0.0,0.0,0.0,0.0
7398,substation_7398.png,0.0,0.0,0.0,0.0,0.0,0.0
7397,substation_7397.png,0.0,2.0,0.0,0.0,0.0,0.0
7394,substation_7394.png,0.0,0.0,0.0,1.0,0.0,0.0
7401,substation_7401.png,0.0,0.0,0.0,0.0,0.0,0.0
7400,substation_7400.png,0.0,0.0,0.0,1.0,1.0,0.0
7402,substation_7402.png,3.0,0.0,0.0,0.0,0.0,0.0
7408,substation_7408.png,2.0,0.0,0.0,0.0,0.0,0.0
7403,substation_7403.png,0.0,0.0,0.0,0.0,0.0,0.0
7399,substation_7399.png,0.0,0.0,0.0,0.0,1.0,0.0
7404,substation_7404.png,0.0,0.0,0.0,1.0,0.0,0.0
7407,substation_7407.png,0.0,0.0,0.0,0.0,1.0,0.0
7406,substation_7406.png,0.0,0.0,0.0,0.0,0.0,0.0
7405,substation_7405.png,3.0,1.0,0.0,4.0,0.0,0.0
7409,substation_7409.png,4.0,0.0,1.0,0.0,0.0,0.0
7416,substation_7416.png,0.0,0.0,0.0,0.0,0.0,0.0
7412,substation_7412.png,3.0,1.0,0.0,0.0,0.0,0.0
7415,substation_7415.png,0.0,0.0,0.0,0.0,0.0,0.0
7411,substation_7411.png,0.0,0.0,0.0,0.0,0.0,0.0
7414,substation_7414.png,1.0,0.0,2.0,0.0,0.0,0.0
7413,substation_7413.png,1.0,0.0,0.0,0.0,0.0,0.0
7419,substation_7419.png,1.0,0.0,0.0,0.0,0.0,0.0
7418,substation_7418.png,2.0,0.0,1.0,0.0,0.0,0.0
7420,substation_7420.png,6.0,0.0,0.0,0.0,0.0,0.0
7410,substation_7410.png,0.0,0.0,0.0,0.0,0.0,0.0
7417,substation_7417.png,1.0,0.0,0.0,0.0,0.0,0.0
7421,substation_7421.png,0.0,0.0,0.0,0.0,1.0,0.0
7427,substation_7427.png,0.0,0.0,0.0,0.0,0.0,0.0
7422,substation_7422.png,0.0,0.0,0.0,0.0,0.0,0.0
7425,substation_7425.png,0.0,0.0,0.0,1.0,0.0,0.0
7431,substation_7431.png,1.0,0.0,0.0,0.0,0.0,0.0
7423,substation_7423.png,1.0,0.0,4.0,1.0,0.0,0.0
7426,substation_7426.png,0.0,0.0,1.0,0.0,0.0,0.0
7429,substation_7429.png,1.0,0.0,0.0,0.0,0.0,0.0
7424,substation_7424.png,0.0,0.0,0.0,0.0,0.0,0.0
7428,substation_7428.png,0.0,0.0,0.0,0.0,0.0,0.0
7430,substation_7430.png,1.0,0.0,0.0,0.0,0.0,0.0
7433,substation_7433.png,0.0,0.0,0.0,0.0,0.0,0.0
7432,substation_7432.png,0.0,0.0,0.0,0.0,0.0,0.0
7436,substation_7436.png,2.0,0.0,3.0,1.0,0.0,0.0
7434,substation_7434.png,0.0,0.0,0.0,0.0,0.0,0.0
7435,substation_7435.png,0.0,0.0,0.0,0.0,0.0,0.0
7437,substation_7437.png,0.0,0.0,0.0,0.0,0.0,0.0
7440,substation_7440.png,0.0,2.0,0.0,0.0,0.0,0.0
7439,substation_7439.png,1.0,0.0,0.0,0.0,0.0,0.0
7438,substation_7438.png,1.0,0.0,0.0,0.0,0.0,0.0
7443,substation_7443.png,0.0,0.0,0.0,0.0,0.0,0.0
7441,substation_7441.png,3.0,1.0,0.0,0.0,0.0,0.0
7445,substation_7445.png,3.0,0.0,1.0,0.0,0.0,0.0
7447,substation_7447.png,0.0,0.0,1.0,0.0,0.0,0.0
7446,substation_7446.png,0.0,0.0,0.0,0.0,1.0,0.0
7442,substation_7442.png,0.0,0.0,0.0,0.0,1.0,0.0
7444,substation_7444.png,6.0,0.0,2.0,0.0,0.0,0.0
7449,substation_7449.png,1.0,0.0,1.0,0.0,0.0,0.0
7451,substation_7451.png,0.0,0.0,0.0,0.0,1.0,0.0
7450,substation_7450.png,0.0,0.0,0.0,0.0,0.0,0.0
7453,substation_7453.png,0.0,0.0,0.0,1.0,0.0,0.0
7448,substation_7448.png,3.0,0.0,3.0,0.0,0.0,0.0
7452,substation_7452.png,1.0,0.0,1.0,0.0,0.0,0.0
7457,substation_7457.png,0.0,0.0,0.0,0.0,0.0,0.0
7456,substation_7456.png,1.0,0.0,2.0,0.0,0.0,0.0
7455,substation_7455.png,0.0,0.0,0.0,0.0,1.0,0.0
7454,substation_7454.png,1.0,0.0,0.0,0.0,0.0,0.0
7462,substation_7462.png,1.0,0.0,0.0,2.0,0.0,0.0
7458,substation_7458.png,0.0,0.0,0.0,0.0,0.0,0.0
7464,substation_7464.png,1.0,0.0,0.0,0.0,0.0,0.0
7459,substation_7459.png,0.0,0.0,0.0,0.0,0.0,0.0
7460,substation_7460.png,2.0,0.0,0.0,0.0,0.0,0.0
7461,substation_7461.png,0.0,0.0,0.0,1.0,0.0,0.0
7463,substation_7463.png,0.0,0.0,0.0,0.0,0.0,0.0
7465,substation_7465.png,0.0,0.0,0.0,0.0,0.0,0.0
7467,substation_7467.png,2.0,0.0,0.0,0.0,0.0,0.0
7469,substation_7469.png,0.0,1.0,1.0,0.0,0.0,0.0
7470,substation_7470.png,0.0,0.0,0.0,0.0,0.0,0.0
7468,substation_7468.png,2.0,0.0,0.0,0.0,0.0,0.0
7466,substation_7466.png,0.0,0.0,0.0,0.0,0.0,0.0
7471,substation_7471.png,0.0,0.0,0.0,0.0,0.0,0.0
7472,substation_7472.png,1.0,0.0,12.0,1.0,0.0,0.0
7473,substation_7473.png,1.0,0.0,3.0,0.0,0.0,0.0
7476,substation_7476.png,0.0,0.0,0.0,0.0,0.0,0.0
7474,substation_7474.png,2.0,0.0,0.0,0.0,0.0,0.0
7477,substation_7477.png,2.0,0.0,0.0,0.0,0.0,0.0
7475,substation_7475.png,1.0,0.0,0.0,0.0,0.0,0.0
7479,substation_7479.png,0.0,0.0,0.0,0.0,0.0,0.0
7481,substation_7481.png,2.0,0.0,0.0,0.0,0.0,0.0
7482,substation_7482.png,0.0,0.0,0.0,0.0,1.0,0.0
7483,substation_7483.png,0.0,0.0,0.0,0.0,0.0,0.0
7484,substation_7484.png,0.0,0.0,0.0,2.0,1.0,0.0
7480,substation_7480.png,1.0,0.0,0.0,0.0,0.0,0.0
7478,substation_7478.png,0.0,1.0,1.0,0.0,0.0,0.0
7487,substation_7487.png,1.0,0.0,0.0,0.0,0.0,0.0
7485,substation_7485.png,0.0,0.0,0.0,0.0,0.0,0.0
7489,substation_7489.png,1.0,0.0,0.0,0.0,0.0,0.0
7488,substation_7488.png,0.0,0.0,1.0,0.0,1.0,0.0
7486,substation_7486.png,0.0,0.0,0.0,0.0,0.0,0.0
7493,substation_7493.png,1.0,0.0,0.0,0.0,0.0,0.0
7491,substation_7491.png,0.0,0.0,0.0,1.0,0.0,0.0
7490,substation_7490.png,0.0,0.0,0.0,0.0,0.0,0.0
7495,substation_7495.png,0.0,0.0,0.0,0.0,0.0,0.0
7492,substation_7492.png,0.0,0.0,0.0,1.0,0.0,0.0
7494,substation_7494.png,1.0,0.0,0.0,0.0,0.0,0.0
7497,substation_7497.png,0.0,2.0,0.0,0.0,0.0,0.0
7498,substation_7498.png,1.0,0.0,2.0,0.0,0.0,0.0
7499,substation_7499.png,0.0,0.0,0.0,0.0,0.0,0.0
7501,substation_7501.png,0.0,0.0,0.0,0.0,0.0,0.0
7496,substation_7496.png,1.0,0.0,1.0,0.0,0.0,0.0
7500,substation_7500.png,0.0,0.0,0.0,1.0,1.0,0.0
7505,substation_7505.png,0.0,0.0,0.0,0.0,0.0,0.0
7502,substation_7502.png,0.0,0.0,0.0,0.0,0.0,0.0
7506,substation_7506.png,0.0,0.0,0.0,0.0,0.0,0.0
7504,substation_7504.png,1.0,0.0,0.0,0.0,1.0,0.0
7507,substation_7507.png,1.0,1.0,1.0,0.0,0.0,0.0
7508,substation_7508.png,0.0,0.0,0.0,0.0,0.0,0.0
7503,substation_7503.png,0.0,0.0,0.0,0.0,1.0,0.0
7510,substation_7510.png,1.0,0.0,1.0,0.0,0.0,0.0
7513,substation_7513.png,0.0,0.0,0.0,0.0,0.0,0.0
7509,substation_7509.png,0.0,0.0,14.0,0.0,0.0,0.0
7511,substation_7511.png,0.0,0.0,0.0,0.0,0.0,0.0
7517,substation_7517.png,2.0,0.0,0.0,0.0,0.0,0.0
7512,substation_7512.png,0.0,0.0,0.0,0.0,0.0,0.0
7516,substation_7516.png,0.0,1.0,0.0,0.0,0.0,0.0
7515,substation_7515.png,1.0,0.0,1.0,1.0,0.0,0.0
7519,substation_7519.png,0.0,0.0,0.0,0.0,0.0,0.0
7518,substation_7518.png,0.0,0.0,2.0,0.0,0.0,0.0
7514,substation_7514.png,1.0,0.0,0.0,1.0,1.0,0.0
7520,substation_7520.png,2.0,0.0,4.0,0.0,0.0,0.0
7524,substation_7524.png,1.0,0.0,0.0,0.0,0.0,0.0
7522,substation_7522.png,0.0,0.0,0.0,0.0,0.0,0.0
7523,substation_7523.png,1.0,0.0,0.0,0.0,1.0,0.0
7526,substation_7526.png,0.0,0.0,0.0,0.0,0.0,0.0
7527,substation_7527.png,0.0,0.0,0.0,0.0,0.0,0.0
7525,substation_7525.png,3.0,0.0,5.0,0.0,0.0,0.0
7528,substation_7528.png,0.0,0.0,0.0,0.0,0.0,0.0
7530,substation_7530.png,0.0,0.0,0.0,0.0,0.0,0.0
7521,substation_7521.png,0.0,0.0,0.0,1.0,0.0,0.0
7531,substation_7531.png,0.0,0.0,0.0,0.0,0.0,0.0
7529,substation_7529.png,2.0,0.0,0.0,1.0,0.0,0.0
7533,substation_7533.png,0.0,0.0,0.0,0.0,0.0,0.0
7536,substation_7536.png,1.0,0.0,0.0,0.0,0.0,0.0
7539,substation_7539.png,0.0,0.0,1.0,0.0,0.0,0.0
7542,substation_7542.png,1.0,0.0,3.0,0.0,0.0,0.0
7534,substation_7534.png,0.0,0.0,0.0,0.0,0.0,0.0
7537,substation_7537.png,1.0,0.0,0.0,0.0,0.0,0.0
7535,substation_7535.png,2.0,0.0,0.0,0.0,0.0,0.0
7538,substation_7538.png,1.0,0.0,2.0,1.0,0.0,0.0
7532,substation_7532.png,4.0,1.0,0.0,0.0,0.0,0.0
7540,substation_7540.png,1.0,1.0,0.0,0.0,0.0,0.0
7543,substation_7543.png,1.0,0.0,1.0,0.0,0.0,0.0
7541,substation_7541.png,0.0,0.0,0.0,0.0,0.0,0.0
7544,substation_7544.png,0.0,0.0,2.0,0.0,0.0,0.0
7545,substation_7545.png,0.0,0.0,1.0,0.0,0.0,0.0
7548,substation_7548.png,0.0,0.0,0.0,0.0,0.0,0.0
7547,substation_7547.png,0.0,0.0,5.0,1.0,0.0,0.0
7546,substation_7546.png,0.0,0.0,4.0,0.0,0.0,0.0
7549,substation_7549.png,0.0,0.0,0.0,0.0,0.0,0.0
7551,substation_7551.png,1.0,0.0,7.0,0.0,0.0,0.0
7550,substation_7550.png,0.0,0.0,0.0,0.0,1.0,0.0
7556,substation_7556.png,0.0,0.0,0.0,0.0,0.0,0.0
7555,substation_7555.png,2.0,3.0,1.0,1.0,0.0,0.0
7554,substation_7554.png,0.0,0.0,0.0,0.0,0.0,0.0
7553,substation_7553.png,1.0,0.0,0.0,0.0,0.0,0.0
7557,substation_7557.png,0.0,0.0,0.0,0.0,0.0,0.0
7561,substation_7561.png,0.0,1.0,0.0,1.0,0.0,0.0
7552,substation_7552.png,0.0,0.0,0.0,0.0,0.0,0.0
7558,substation_7558.png,0.0,0.0,0.0,0.0,0.0,0.0
7563,substation_7563.png,0.0,0.0,0.0,0.0,0.0,0.0
7560,substation_7560.png,0.0,0.0,0.0,0.0,0.0,0.0
7559,substation_7559.png,3.0,0.0,0.0,0.0,0.0,0.0
7562,substation_7562.png,0.0,0.0,0.0,0.0,0.0,0.0
7564,substation_7564.png,1.0,0.0,0.0,0.0,0.0,0.0
7566,substation_7566.png,2.0,0.0,3.0,0.0,0.0,0.0
7570,substation_7570.png,2.0,0.0,0.0,0.0,0.0,0.0
7574,substation_7574.png,3.0,0.0,0.0,0.0,0.0,0.0
7571,substation_7571.png,4.0,0.0,1.0,0.0,0.0,0.0
7569,substation_7569.png,0.0,0.0,3.0,0.0,0.0,0.0
7568,substation_7568.png,2.0,1.0,0.0,0.0,0.0,0.0
7572,substation_7572.png,1.0,0.0,0.0,0.0,0.0,0.0
7565,substation_7565.png,0.0,0.0,3.0,0.0,0.0,0.0
7567,substation_7567.png,1.0,0.0,0.0,1.0,0.0,0.0
7573,substation_7573.png,1.0,0.0,0.0,0.0,0.0,0.0
7576,substation_7576.png,2.0,0.0,1.0,0.0,0.0,0.0
7575,substation_7575.png,0.0,0.0,0.0,0.0,0.0,0.0
7579,substation_7579.png,1.0,0.0,1.0,0.0,0.0,0.0
7581,substation_7581.png,1.0,0.0,0.0,0.0,0.0,0.0
7578,substation_7578.png,0.0,0.0,0.0,0.0,0.0,0.0
7577,substation_7577.png,1.0,0.0,0.0,0.0,0.0,0.0
7580,substation_7580.png,1.0,0.0,1.0,0.0,0.0,0.0
7582,substation_7582.png,0.0,0.0,0.0,0.0,0.0,0.0
7583,substation_7583.png,0.0,0.0,0.0,0.0,0.0,0.0
7587,substation_7587.png,0.0,0.0,6.0,0.0,0.0,0.0
7584,substation_7584.png,0.0,0.0,0.0,0.0,0.0,0.0
7586,substation_7586.png,0.0,0.0,0.0,0.0,1.0,0.0
7585,substation_7585.png,0.0,0.0,0.0,0.0,0.0,0.0
7588,substation_7588.png,0.0,0.0,0.0,1.0,1.0,0.0
7589,substation_7589.png,0.0,0.0,0.0,0.0,1.0,0.0
7590,substation_7590.png,1.0,0.0,0.0,0.0,0.0,0.0
7595,substation_7595.png,0.0,0.0,0.0,0.0,0.0,0.0
7592,substation_7592.png,1.0,0.0,0.0,0.0,0.0,0.0
7594,substation_7594.png,0.0,0.0,0.0,2.0,0.0,0.0
7591,substation_7591.png,0.0,0.0,0.0,0.0,0.0,0.0
7593,substation_7593.png,5.0,1.0,0.0,0.0,0.0,0.0
7599,substation_7599.png,2.0,0.0,14.0,0.0,0.0,0.0
7600,substation_7600.png,0.0,0.0,6.0,0.0,0.0,0.0
7597,substation_7597.png,0.0,0.0,0.0,0.0,1.0,0.0
7601,substation_7601.png,3.0,0.0,4.0,0.0,0.0,0.0
7596,substation_7596.png,1.0,0.0,0.0,0.0,0.0,0.0
7598,substation_7598.png,2.0,1.0,1.0,0.0,0.0,0.0
7602,substation_7602.png,3.0,1.0,0.0,0.0,0.0,0.0
7603,substation_7603.png,1.0,0.0,0.0,0.0,0.0,0.0
7604,substation_7604.png,0.0,0.0,0.0,0.0,1.0,0.0
7605,substation_7605.png,1.0,0.0,6.0,0.0,0.0,0.0
7607,substation_7607.png,2.0,0.0,0.0,0.0,0.0,0.0
7606,substation_7606.png,0.0,0.0,0.0,0.0,0.0,0.0
7610,substation_7610.png,1.0,0.0,1.0,0.0,0.0,0.0
7608,substation_7608.png,1.0,1.0,2.0,0.0,0.0,0.0
7614,substation_7614.png,0.0,0.0,0.0,0.0,0.0,0.0
7611,substation_7611.png,0.0,0.0,0.0,0.0,1.0,0.0
7612,substation_7612.png,0.0,0.0,0.0,1.0,0.0,0.0
7609,substation_7609.png,1.0,0.0,0.0,0.0,0.0,0.0
7616,substation_7616.png,2.0,0.0,0.0,0.0,0.0,0.0
7615,substation_7615.png,0.0,0.0,0.0,0.0,0.0,0.0
7613,substation_7613.png,0.0,0.0,0.0,0.0,0.0,0.0
7618,substation_7618.png,3.0,0.0,0.0,0.0,0.0,0.0
7617,substation_7617.png,2.0,0.0,0.0,0.0,0.0,0.0
7619,substation_7619.png,0.0,0.0,0.0,1.0,0.0,0.0
7621,substation_7621.png,1.0,0.0,0.0,0.0,0.0,0.0
7620,substation_7620.png,0.0,0.0,0.0,0.0,1.0,0.0
7623,substation_7623.png,0.0,0.0,2.0,0.0,0.0,0.0
7625,substation_7625.png,1.0,0.0,0.0,0.0,0.0,0.0
7624,substation_7624.png,1.0,0.0,0.0,0.0,1.0,0.0
7622,substation_7622.png,0.0,0.0,0.0,0.0,1.0,0.0
7626,substation_7626.png,1.0,0.0,0.0,0.0,0.0,0.0
7627,substation_7627.png,0.0,0.0,0.0,0.0,0.0,0.0
7628,substation_7628.png,1.0,0.0,0.0,0.0,0.0,0.0
7629,substation_7629.png,0.0,0.0,0.0,0.0,0.0,0.0
7630,substation_7630.png,0.0,0.0,0.0,0.0,0.0,0.0
7636,substation_7636.png,1.0,0.0,0.0,0.0,0.0,0.0
7632,substation_7632.png,1.0,0.0,0.0,0.0,0.0,0.0
7631,substation_7631.png,0.0,0.0,0.0,0.0,1.0,0.0
7637,substation_7637.png,0.0,0.0,0.0,0.0,0.0,0.0
7634,substation_7634.png,0.0,0.0,0.0,0.0,0.0,0.0
7638,substation_7638.png,1.0,0.0,0.0,0.0,1.0,0.0
7635,substation_7635.png,0.0,0.0,0.0,0.0,0.0,0.0
7633,substation_7633.png,1.0,0.0,2.0,0.0,0.0,0.0
7639,substation_7639.png,0.0,0.0,0.0,0.0,0.0,0.0
7640,substation_7640.png,0.0,0.0,0.0,0.0,0.0,0.0
7642,substation_7642.png,0.0,0.0,0.0,0.0,1.0,0.0
7646,substation_7646.png,0.0,0.0,2.0,0.0,0.0,0.0
7641,substation_7641.png,3.0,0.0,1.0,0.0,0.0,0.0
7644,substation_7644.png,0.0,0.0,4.0,0.0,0.0,0.0
7645,substation_7645.png,4.0,0.0,0.0,0.0,0.0,0.0
7643,substation_7643.png,2.0,0.0,0.0,0.0,0.0,0.0
7648,substation_7648.png,0.0,0.0,0.0,0.0,0.0,0.0
7649,substation_7649.png,0.0,0.0,0.0,0.0,1.0,0.0
7650,substation_7650.png,0.0,0.0,0.0,0.0,1.0,0.0
7647,substation_7647.png,0.0,0.0,0.0,0.0,0.0,0.0
7651,substation_7651.png,2.0,1.0,0.0,0.0,1.0,0.0
7655,substation_7655.png,0.0,0.0,0.0,0.0,0.0,0.0
7653,substation_7653.png,0.0,0.0,0.0,0.0,0.0,0.0
7654,substation_7654.png,0.0,0.0,0.0,0.0,0.0,0.0
7657,substation_7657.png,0.0,0.0,0.0,0.0,1.0,0.0
7658,substation_7658.png,0.0,0.0,0.0,0.0,0.0,0.0
7656,substation_7656.png,0.0,0.0,0.0,0.0,0.0,0.0
7659,substation_7659.png,0.0,0.0,4.0,0.0,0.0,0.0
7662,substation_7662.png,0.0,0.0,0.0,0.0,0.0,0.0
7663,substation_7663.png,0.0,0.0,0.0,0.0,0.0,0.0
7652,substation_7652.png,2.0,0.0,0.0,0.0,0.0,0.0
7660,substation_7660.png,0.0,0.0,0.0,0.0,1.0,0.0
7661,substation_7661.png,0.0,0.0,0.0,0.0,0.0,0.0
7666,substation_7666.png,0.0,0.0,0.0,0.0,0.0,0.0
7670,substation_7670.png,5.0,1.0,2.0,0.0,0.0,0.0
7667,substation_7667.png,0.0,0.0,0.0,0.0,0.0,0.0
7664,substation_7664.png,1.0,0.0,5.0,0.0,0.0,0.0
7665,substation_7665.png,0.0,0.0,0.0,0.0,0.0,0.0
7669,substation_7669.png,0.0,0.0,0.0,0.0,0.0,0.0
7668,substation_7668.png,0.0,0.0,0.0,2.0,0.0,0.0
7672,substation_7672.png,0.0,0.0,0.0,1.0,0.0,0.0
7671,substation_7671.png,4.0,0.0,0.0,0.0,0.0,0.0
7675,substation_7675.png,1.0,0.0,0.0,0.0,0.0,0.0
7673,substation_7673.png,0.0,0.0,0.0,0.0,0.0,0.0
7674,substation_7674.png,2.0,0.0,0.0,0.0,0.0,0.0
7677,substation_7677.png,0.0,0.0,1.0,1.0,0.0,0.0
7676,substation_7676.png,1.0,0.0,2.0,0.0,0.0,0.0
7681,substation_7681.png,0.0,1.0,7.0,1.0,0.0,0.0
7679,substation_7679.png,2.0,1.0,4.0,0.0,0.0,0.0
7678,substation_7678.png,1.0,0.0,2.0,1.0,0.0,0.0
7680,substation_7680.png,1.0,0.0,2.0,0.0,0.0,0.0
7685,substation_7685.png,0.0,0.0,0.0,0.0,0.0,0.0
7683,substation_7683.png,2.0,0.0,0.0,0.0,0.0,0.0
7684,substation_7684.png,0.0,0.0,0.0,0.0,0.0,0.0
7693,substation_7693.png,2.0,0.0,0.0,0.0,0.0,0.0
7686,substation_7686.png,1.0,0.0,0.0,0.0,0.0,0.0
7682,substation_7682.png,1.0,0.0,0.0,0.0,0.0,0.0
7687,substation_7687.png,1.0,0.0,0.0,0.0,0.0,0.0
7689,substation_7689.png,0.0,0.0,0.0,0.0,0.0,0.0
7690,substation_7690.png,1.0,0.0,0.0,0.0,0.0,0.0
7688,substation_7688.png,0.0,0.0,4.0,3.0,0.0,0.0
7691,substation_7691.png,1.0,0.0,0.0,0.0,0.0,0.0
7692,substation_7692.png,5.0,0.0,1.0,4.0,0.0,0.0
7702,substation_7702.png,1.0,0.0,0.0,0.0,0.0,0.0
7697,substation_7697.png,0.0,0.0,2.0,2.0,0.0,0.0
7699,substation_7699.png,1.0,0.0,0.0,1.0,0.0,0.0
7700,substation_7700.png,0.0,0.0,4.0,0.0,0.0,0.0
7698,substation_7698.png,2.0,0.0,0.0,0.0,0.0,0.0
7694,substation_7694.png,0.0,0.0,0.0,0.0,0.0,0.0
7701,substation_7701.png,0.0,0.0,0.0,0.0,0.0,0.0
7696,substation_7696.png,2.0,0.0,0.0,0.0,0.0,0.0
7704,substation_7704.png,3.0,0.0,0.0,1.0,0.0,0.0
7695,substation_7695.png,0.0,0.0,0.0,0.0,0.0,0.0
7703,substation_7703.png,0.0,0.0,0.0,0.0,0.0,0.0
7705,substation_7705.png,0.0,0.0,0.0,0.0,0.0,0.0
7710,substation_7710.png,3.0,0.0,0.0,0.0,0.0,0.0
7713,substation_7713.png,0.0,0.0,0.0,0.0,0.0,0.0
7711,substation_7711.png,2.0,0.0,0.0,0.0,0.0,0.0
7707,substation_7707.png,0.0,0.0,0.0,0.0,0.0,0.0
7712,substation_7712.png,0.0,0.0,0.0,0.0,0.0,0.0
7709,substation_7709.png,2.0,0.0,0.0,0.0,0.0,0.0
7714,substation_7714.png,8.0,0.0,0.0,0.0,0.0,0.0
7706,substation_7706.png,0.0,0.0,0.0,0.0,0.0,0.0
7715,substation_7715.png,1.0,0.0,0.0,0.0,0.0,0.0
7708,substation_7708.png,0.0,0.0,2.0,0.0,0.0,0.0
7716,substation_7716.png,2.0,2.0,1.0,0.0,0.0,0.0
7718,substation_7718.png,0.0,0.0,0.0,0.0,1.0,0.0
7717,substation_7717.png,0.0,0.0,2.0,0.0,0.0,0.0
7720,substation_7720.png,3.0,0.0,2.0,3.0,0.0,0.0
7721,substation_7721.png,1.0,0.0,0.0,0.0,0.0,0.0
7719,substation_7719.png,0.0,0.0,0.0,1.0,0.0,0.0
7725,substation_7725.png,0.0,0.0,0.0,0.0,0.0,0.0
7728,substation_7728.png,0.0,4.0,2.0,0.0,0.0,0.0
7727,substation_7727.png,0.0,0.0,0.0,0.0,0.0,0.0
7724,substation_7724.png,3.0,0.0,3.0,0.0,0.0,0.0
7722,substation_7722.png,2.0,0.0,0.0,0.0,0.0,0.0
7726,substation_7726.png,1.0,0.0,0.0,0.0,0.0,0.0
7730,substation_7730.png,0.0,0.0,0.0,0.0,0.0,0.0
7723,substation_7723.png,1.0,1.0,1.0,0.0,0.0,0.0
7732,substation_7732.png,0.0,0.0,0.0,0.0,0.0,0.0
7734,substation_7734.png,2.0,1.0,0.0,0.0,0.0,0.0
7733,substation_7733.png,0.0,0.0,0.0,0.0,0.0,0.0
7729,substation_7729.png,1.0,0.0,1.0,0.0,0.0,0.0
7731,substation_7731.png,0.0,0.0,0.0,0.0,0.0,0.0
7736,substation_7736.png,1.0,0.0,0.0,0.0,0.0,0.0
7737,substation_7737.png,2.0,0.0,0.0,0.0,0.0,0.0
7735,substation_7735.png,0.0,0.0,0.0,1.0,0.0,0.0
7738,substation_7738.png,1.0,0.0,0.0,0.0,0.0,0.0
7740,substation_7740.png,0.0,0.0,4.0,0.0,0.0,0.0
7742,substation_7742.png,0.0,0.0,1.0,0.0,0.0,0.0
7739,substation_7739.png,2.0,0.0,0.0,0.0,0.0,0.0
7741,substation_7741.png,0.0,0.0,1.0,0.0,1.0,0.0
7743,substation_7743.png,1.0,0.0,1.0,0.0,0.0,0.0
7747,substation_7747.png,0.0,0.0,1.0,0.0,0.0,0.0
7744,substation_7744.png,1.0,0.0,0.0,0.0,0.0,0.0
7745,substation_7745.png,4.0,0.0,1.0,0.0,0.0,0.0
7746,substation_7746.png,1.0,0.0,0.0,0.0,0.0,0.0
7751,substation_7751.png,0.0,0.0,0.0,0.0,2.0,0.0
7750,substation_7750.png,1.0,0.0,0.0,0.0,0.0,0.0
7754,substation_7754.png,0.0,0.0,0.0,1.0,0.0,0.0
7749,substation_7749.png,0.0,0.0,0.0,0.0,0.0,0.0
7748,substation_7748.png,0.0,0.0,0.0,0.0,0.0,0.0
7757,substation_7757.png,0.0,0.0,1.0,0.0,0.0,0.0
7755,substation_7755.png,0.0,0.0,3.0,0.0,0.0,0.0
7753,substation_7753.png,1.0,0.0,1.0,0.0,0.0,0.0
7758,substation_7758.png,2.0,0.0,0.0,0.0,0.0,0.0
7756,substation_7756.png,0.0,0.0,1.0,0.0,0.0,0.0
7759,substation_7759.png,0.0,1.0,0.0,0.0,0.0,0.0
7763,substation_7763.png,0.0,0.0,0.0,0.0,0.0,0.0
7760,substation_7760.png,0.0,0.0,0.0,2.0,0.0,0.0
7761,substation_7761.png,1.0,0.0,0.0,0.0,0.0,0.0
7762,substation_7762.png,1.0,0.0,0.0,0.0,0.0,0.0
7767,substation_7767.png,0.0,0.0,0.0,1.0,1.0,0.0
7766,substation_7766.png,0.0,0.0,0.0,0.0,1.0,0.0
7770,substation_7770.png,0.0,0.0,0.0,0.0,0.0,0.0
7765,substation_7765.png,0.0,0.0,0.0,0.0,0.0,0.0
7764,substation_7764.png,0.0,0.0,0.0,0.0,0.0,0.0
7771,substation_7771.png,0.0,0.0,0.0,0.0,0.0,0.0
7769,substation_7769.png,0.0,0.0,0.0,0.0,0.0,0.0
7768,substation_7768.png,0.0,0.0,0.0,0.0,0.0,0.0
7773,substation_7773.png,0.0,0.0,0.0,0.0,0.0,0.0
7776,substation_7776.png,0.0,0.0,0.0,0.0,0.0,0.0
7777,substation_7777.png,0.0,0.0,0.0,0.0,0.0,0.0
7774,substation_7774.png,0.0,0.0,2.0,0.0,0.0,0.0
7775,substation_7775.png,0.0,0.0,0.0,0.0,0.0,0.0
7772,substation_7772.png,0.0,0.0,0.0,0.0,0.0,0.0
7782,substation_7782.png,1.0,0.0,2.0,0.0,1.0,0.0
7778,substation_7778.png,2.0,0.0,0.0,0.0,0.0,0.0
7781,substation_7781.png,1.0,0.0,2.0,0.0,0.0,0.0
7780,substation_7780.png,0.0,0.0,2.0,0.0,0.0,0.0
7779,substation_7779.png,2.0,0.0,0.0,1.0,0.0,0.0
7784,substation_7784.png,0.0,0.0,0.0,0.0,0.0,0.0
7783,substation_7783.png,2.0,0.0,0.0,0.0,0.0,0.0
7790,substation_7790.png,0.0,0.0,0.0,1.0,0.0,0.0
7786,substation_7786.png,0.0,0.0,0.0,2.0,0.0,0.0
7785,substation_7785.png,1.0,0.0,0.0,0.0,0.0,0.0
7789,substation_7789.png,1.0,0.0,0.0,1.0,0.0,0.0
7794,substation_7794.png,0.0,0.0,0.0,0.0,1.0,0.0
7792,substation_7792.png,0.0,0.0,0.0,0.0,1.0,0.0
7791,substation_7791.png,0.0,0.0,0.0,0.0,1.0,0.0
7793,substation_7793.png,0.0,0.0,0.0,0.0,0.0,0.0
7787,substation_7787.png,0.0,0.0,0.0,0.0,1.0,0.0
7795,substation_7795.png,0.0,1.0,0.0,0.0,0.0,0.0
7797,substation_7797.png,0.0,0.0,1.0,0.0,0.0,0.0
7788,substation_7788.png,1.0,0.0,0.0,0.0,0.0,0.0
7799,substation_7799.png,2.0,0.0,0.0,0.0,0.0,0.0
7798,substation_7798.png,0.0,0.0,3.0,0.0,0.0,0.0
7803,substation_7803.png,0.0,1.0,1.0,0.0,0.0,0.0
7796,substation_7796.png,0.0,0.0,12.0,0.0,0.0,0.0
7800,substation_7800.png,0.0,0.0,1.0,0.0,0.0,0.0
7801,substation_7801.png,0.0,0.0,0.0,1.0,1.0,0.0
7802,substation_7802.png,1.0,0.0,0.0,1.0,0.0,0.0
7804,substation_7804.png,0.0,0.0,0.0,0.0,0.0,0.0
7805,substation_7805.png,1.0,0.0,2.0,0.0,0.0,0.0
7806,substation_7806.png,0.0,0.0,0.0,0.0,0.0,0.0
7807,substation_7807.png,0.0,0.0,3.0,0.0,0.0,0.0
7811,substation_7811.png,0.0,0.0,2.0,0.0,0.0,0.0
7810,substation_7810.png,1.0,1.0,9.0,0.0,0.0,0.0
7814,substation_7814.png,0.0,0.0,0.0,0.0,0.0,0.0
7812,substation_7812.png,1.0,0.0,2.0,0.0,0.0,0.0
7809,substation_7809.png,0.0,0.0,9.0,0.0,0.0,0.0
7808,substation_7808.png,0.0,0.0,4.0,0.0,0.0,0.0
7813,substation_7813.png,0.0,1.0,4.0,0.0,0.0,0.0
7818,substation_7818.png,0.0,0.0,0.0,0.0,0.0,0.0
7815,substation_7815.png,1.0,0.0,1.0,0.0,0.0,0.0
7816,substation_7816.png,0.0,0.0,0.0,0.0,0.0,0.0
7817,substation_7817.png,0.0,0.0,0.0,0.0,0.0,0.0
7822,substation_7822.png,0.0,0.0,2.0,0.0,0.0,0.0
7820,substation_7820.png,0.0,0.0,0.0,0.0,0.0,0.0
7823,substation_7823.png,0.0,0.0,0.0,0.0,0.0,0.0
7821,substation_7821.png,0.0,0.0,0.0,0.0,0.0,0.0
7819,substation_7819.png,0.0,0.0,0.0,1.0,0.0,0.0
7828,substation_7828.png,1.0,0.0,0.0,0.0,1.0,0.0
7827,substation_7827.png,0.0,0.0,0.0,0.0,0.0,0.0
7825,substation_7825.png,2.0,0.0,0.0,1.0,0.0,0.0
7829,substation_7829.png,0.0,0.0,0.0,0.0,0.0,0.0
7824,substation_7824.png,0.0,0.0,0.0,0.0,0.0,0.0
7826,substation_7826.png,0.0,0.0,0.0,0.0,0.0,0.0
7830,substation_7830.png,1.0,0.0,0.0,0.0,0.0,0.0
7831,substation_7831.png,0.0,0.0,0.0,1.0,0.0,0.0
7835,substation_7835.png,0.0,0.0,0.0,0.0,0.0,0.0
7836,substation_7836.png,0.0,0.0,0.0,0.0,0.0,0.0
7834,substation_7834.png,0.0,0.0,0.0,0.0,0.0,0.0
7832,substation_7832.png,1.0,0.0,0.0,0.0,0.0,0.0
7833,substation_7833.png,1.0,0.0,0.0,0.0,0.0,0.0
7839,substation_7839.png,0.0,0.0,0.0,0.0,0.0,0.0
7837,substation_7837.png,0.0,0.0,1.0,0.0,0.0,0.0
7838,substation_7838.png,0.0,0.0,6.0,0.0,0.0,0.0
7841,substation_7841.png,0.0,0.0,0.0,0.0,0.0,0.0
7840,substation_7840.png,0.0,0.0,0.0,0.0,1.0,0.0
7844,substation_7844.png,0.0,0.0,0.0,0.0,0.0,0.0
7842,substation_7842.png,0.0,0.0,0.0,0.0,1.0,0.0
7846,substation_7846.png,0.0,0.0,0.0,0.0,0.0,0.0
7843,substation_7843.png,0.0,0.0,0.0,0.0,0.0,0.0
7845,substation_7845.png,0.0,0.0,0.0,0.0,0.0,0.0
7849,substation_7849.png,1.0,0.0,0.0,0.0,0.0,0.0
7850,substation_7850.png,0.0,0.0,0.0,0.0,0.0,0.0
7848,substation_7848.png,2.0,0.0,0.0,1.0,0.0,0.0
7847,substation_7847.png,1.0,0.0,0.0,0.0,1.0,0.0
7851,substation_7851.png,0.0,0.0,0.0,0.0,0.0,0.0
7853,substation_7853.png,0.0,0.0,2.0,0.0,0.0,0.0
7855,substation_7855.png,1.0,0.0,1.0,0.0,0.0,0.0
7854,substation_7854.png,2.0,0.0,0.0,0.0,0.0,0.0
7856,substation_7856.png,0.0,0.0,0.0,0.0,0.0,0.0
7857,substation_7857.png,0.0,0.0,0.0,0.0,0.0,0.0
7860,substation_7860.png,0.0,0.0,1.0,0.0,0.0,0.0
7852,substation_7852.png,2.0,0.0,0.0,0.0,0.0,0.0
7858,substation_7858.png,0.0,0.0,3.0,0.0,0.0,0.0
7862,substation_7862.png,0.0,0.0,0.0,0.0,1.0,0.0
7863,substation_7863.png,0.0,0.0,1.0,0.0,1.0,0.0
7861,substation_7861.png,1.0,0.0,0.0,0.0,0.0,0.0
7859,substation_7859.png,0.0,0.0,0.0,0.0,0.0,0.0
7866,substation_7866.png,0.0,0.0,0.0,0.0,0.0,0.0
7865,substation_7865.png,0.0,0.0,0.0,0.0,1.0,0.0
7867,substation_7867.png,0.0,0.0,0.0,0.0,0.0,0.0
7868,substation_7868.png,0.0,0.0,0.0,0.0,0.0,0.0
7869,substation_7869.png,1.0,0.0,0.0,0.0,0.0,0.0
7864,substation_7864.png,0.0,0.0,0.0,0.0,0.0,0.0
7873,substation_7873.png,0.0,0.0,0.0,0.0,0.0,0.0
7872,substation_7872.png,1.0,1.0,1.0,0.0,0.0,0.0
7870,substation_7870.png,0.0,0.0,0.0,1.0,0.0,0.0
7874,substation_7874.png,1.0,2.0,0.0,0.0,0.0,0.0
7875,substation_7875.png,0.0,0.0,2.0,0.0,0.0,0.0
7876,substation_7876.png,6.0,0.0,0.0,0.0,0.0,0.0
7871,substation_7871.png,0.0,0.0,0.0,0.0,0.0,0.0
7878,substation_7878.png,1.0,0.0,0.0,1.0,0.0,0.0
7879,substation_7879.png,1.0,0.0,0.0,1.0,0.0,0.0
7877,substation_7877.png,1.0,0.0,0.0,1.0,0.0,0.0
7880,substation_7880.png,1.0,0.0,0.0,0.0,0.0,0.0
7884,substation_7884.png,1.0,0.0,0.0,0.0,0.0,0.0
7883,substation_7883.png,1.0,0.0,1.0,0.0,0.0,0.0
7885,substation_7885.png,2.0,0.0,0.0,0.0,0.0,0.0
7882,substation_7882.png,5.0,0.0,1.0,0.0,0.0,0.0
7881,substation_7881.png,4.0,0.0,0.0,0.0,0.0,0.0
7886,substation_7886.png,1.0,0.0,1.0,0.0,0.0,0.0
7888,substation_7888.png,0.0,0.0,0.0,0.0,0.0,0.0
7887,substation_7887.png,1.0,0.0,0.0,0.0,1.0,0.0
7889,substation_7889.png,0.0,0.0,0.0,0.0,1.0,0.0
7896,substation_7896.png,0.0,2.0,0.0,1.0,0.0,0.0
7893,substation_7893.png,0.0,0.0,0.0,0.0,0.0,0.0
7890,substation_7890.png,0.0,0.0,1.0,0.0,0.0,0.0
7891,substation_7891.png,0.0,0.0,2.0,0.0,0.0,0.0
7894,substation_7894.png,0.0,2.0,0.0,0.0,0.0,0.0
7895,substation_7895.png,3.0,1.0,0.0,0.0,0.0,0.0
7892,substation_7892.png,3.0,0.0,1.0,0.0,0.0,0.0
7898,substation_7898.png,0.0,0.0,0.0,0.0,0.0,0.0
7897,substation_7897.png,0.0,0.0,0.0,2.0,0.0,0.0
7900,substation_7900.png,0.0,0.0,0.0,0.0,0.0,0.0
7899,substation_7899.png,0.0,0.0,0.0,0.0,0.0,0.0
7903,substation_7903.png,1.0,0.0,2.0,0.0,0.0,0.0
7906,substation_7906.png,1.0,0.0,0.0,0.0,0.0,0.0
7901,substation_7901.png,1.0,0.0,0.0,0.0,0.0,0.0
7904,substation_7904.png,0.0,0.0,0.0,0.0,1.0,0.0
7908,substation_7908.png,0.0,0.0,0.0,0.0,0.0,0.0
7905,substation_7905.png,1.0,0.0,0.0,0.0,0.0,0.0
7902,substation_7902.png,1.0,0.0,0.0,0.0,0.0,0.0
7907,substation_7907.png,1.0,0.0,0.0,0.0,0.0,0.0
7910,substation_7910.png,0.0,0.0,0.0,1.0,0.0,0.0
7909,substation_7909.png,1.0,0.0,1.0,1.0,0.0,0.0
7911,substation_7911.png,0.0,1.0,0.0,0.0,0.0,0.0
7916,substation_7916.png,1.0,0.0,0.0,0.0,0.0,0.0
7913,substation_7913.png,0.0,0.0,1.0,0.0,0.0,0.0
7914,substation_7914.png,0.0,0.0,0.0,0.0,0.0,0.0
7912,substation_7912.png,0.0,0.0,1.0,0.0,0.0,0.0
7920,substation_7920.png,0.0,0.0,0.0,0.0,0.0,0.0
7915,substation_7915.png,0.0,0.0,0.0,2.0,0.0,0.0
7918,substation_7918.png,0.0,0.0,0.0,0.0,0.0,0.0
7921,substation_7921.png,2.0,0.0,0.0,0.0,0.0,0.0
7917,substation_7917.png,1.0,0.0,0.0,0.0,0.0,0.0
7923,substation_7923.png,0.0,0.0,0.0,0.0,0.0,0.0
7919,substation_7919.png,0.0,0.0,0.0,0.0,0.0,0.0
7922,substation_7922.png,2.0,2.0,0.0,0.0,0.0,0.0
7924,substation_7924.png,1.0,6.0,0.0,3.0,0.0,0.0
7925,substation_7925.png,0.0,0.0,0.0,0.0,0.0,0.0
7931,substation_7931.png,0.0,0.0,0.0,0.0,1.0,0.0
7926,substation_7926.png,1.0,0.0,0.0,0.0,1.0,0.0
7929,substation_7929.png,0.0,0.0,0.0,0.0,0.0,0.0
7928,substation_7928.png,1.0,2.0,0.0,0.0,0.0,0.0
7927,substation_7927.png,1.0,0.0,0.0,0.0,0.0,0.0
7930,substation_7930.png,1.0,0.0,0.0,0.0,1.0,0.0
7932,substation_7932.png,2.0,0.0,1.0,0.0,0.0,0.0
7935,substation_7935.png,7.0,0.0,0.0,0.0,0.0,0.0
7933,substation_7933.png,1.0,0.0,0.0,0.0,0.0,0.0
7936,substation_7936.png,4.0,0.0,0.0,1.0,0.0,0.0
7934,substation_7934.png,0.0,0.0,1.0,0.0,0.0,0.0
7937,substation_7937.png,2.0,1.0,0.0,2.0,0.0,0.0
7940,substation_7940.png,1.0,0.0,0.0,0.0,0.0,0.0
7938,substation_7938.png,3.0,0.0,0.0,0.0,0.0,0.0
7941,substation_7941.png,0.0,0.0,0.0,0.0,0.0,0.0
7939,substation_7939.png,2.0,0.0,0.0,0.0,0.0,0.0
7942,substation_7942.png,0.0,0.0,0.0,0.0,0.0,0.0
7943,substation_7943.png,0.0,0.0,0.0,0.0,0.0,0.0
7945,substation_7945.png,0.0,0.0,0.0,0.0,0.0,0.0
7944,substation_7944.png,0.0,0.0,0.0,0.0,0.0,0.0
7949,substation_7949.png,1.0,0.0,0.0,1.0,0.0,0.0
7951,substation_7951.png,1.0,0.0,0.0,0.0,0.0,0.0
7947,substation_7947.png,0.0,0.0,1.0,0.0,1.0,0.0
7948,substation_7948.png,0.0,0.0,2.0,0.0,0.0,0.0
7946,substation_7946.png,0.0,0.0,0.0,0.0,0.0,0.0
7953,substation_7953.png,1.0,0.0,0.0,0.0,0.0,0.0
7954,substation_7954.png,1.0,0.0,0.0,0.0,0.0,0.0
7952,substation_7952.png,0.0,1.0,0.0,0.0,0.0,0.0
7950,substation_7950.png,0.0,0.0,0.0,0.0,1.0,0.0
7955,substation_7955.png,3.0,0.0,0.0,1.0,0.0,0.0
7956,substation_7956.png,1.0,0.0,0.0,0.0,0.0,0.0
7960,substation_7960.png,1.0,0.0,0.0,1.0,0.0,0.0
7958,substation_7958.png,0.0,0.0,0.0,0.0,0.0,0.0
7959,substation_7959.png,1.0,5.0,0.0,1.0,0.0,0.0
7962,substation_7962.png,2.0,0.0,0.0,0.0,0.0,0.0
7961,substation_7961.png,1.0,0.0,0.0,0.0,0.0,0.0
7957,substation_7957.png,1.0,0.0,0.0,0.0,0.0,0.0
7967,substation_7967.png,0.0,0.0,0.0,0.0,0.0,0.0
7963,substation_7963.png,5.0,0.0,1.0,0.0,0.0,0.0
7965,substation_7965.png,0.0,0.0,0.0,0.0,0.0,0.0
7964,substation_7964.png,3.0,0.0,0.0,0.0,0.0,0.0
7966,substation_7966.png,0.0,0.0,0.0,0.0,0.0,0.0
7969,substation_7969.png,0.0,0.0,0.0,0.0,0.0,0.0
7970,substation_7970.png,3.0,0.0,0.0,0.0,0.0,0.0
7968,substation_7968.png,0.0,0.0,0.0,0.0,1.0,0.0
7971,substation_7971.png,0.0,0.0,0.0,0.0,0.0,0.0
7972,substation_7972.png,0.0,0.0,0.0,0.0,0.0,0.0
7974,substation_7974.png,0.0,2.0,0.0,1.0,0.0,0.0
7979,substation_7979.png,0.0,0.0,0.0,0.0,0.0,0.0
7976,substation_7976.png,0.0,0.0,0.0,0.0,0.0,0.0
7975,substation_7975.png,0.0,0.0,0.0,0.0,1.0,0.0
7973,substation_7973.png,0.0,0.0,0.0,1.0,0.0,0.0
7980,substation_7980.png,0.0,0.0,0.0,0.0,0.0,0.0
7977,substation_7977.png,0.0,0.0,0.0,0.0,0.0,0.0
7978,substation_7978.png,0.0,0.0,0.0,1.0,1.0,0.0
7981,substation_7981.png,4.0,0.0,0.0,0.0,0.0,0.0
7983,substation_7983.png,0.0,0.0,0.0,1.0,0.0,0.0
7982,substation_7982.png,0.0,0.0,0.0,0.0,0.0,0.0
7986,substation_7986.png,1.0,0.0,0.0,0.0,0.0,0.0
7984,substation_7984.png,1.0,0.0,0.0,1.0,1.0,0.0
7985,substation_7985.png,1.0,0.0,0.0,0.0,0.0,0.0
7987,substation_7987.png,1.0,0.0,0.0,0.0,0.0,0.0
7988,substation_7988.png,0.0,0.0,0.0,1.0,0.0,0.0
7992,substation_7992.png,0.0,0.0,0.0,0.0,0.0,0.0
7991,substation_7991.png,0.0,0.0,0.0,0.0,0.0,0.0
7989,substation_7989.png,0.0,0.0,0.0,1.0,0.0,0.0
7990,substation_7990.png,0.0,0.0,0.0,0.0,0.0,0.0
7995,substation_7995.png,1.0,0.0,0.0,0.0,0.0,0.0
7993,substation_7993.png,1.0,0.0,0.0,0.0,0.0,0.0
7997,substation_7997.png,0.0,0.0,0.0,2.0,0.0,0.0
8001,substation_8001.png,5.0,0.0,0.0,0.0,0.0,0.0
7996,substation_7996.png,0.0,0.0,0.0,0.0,0.0,0.0
7994,substation_7994.png,0.0,0.0,0.0,0.0,0.0,0.0
7999,substation_7999.png,0.0,0.0,0.0,1.0,0.0,0.0
8000,substation_8000.png,3.0,0.0,0.0,0.0,0.0,0.0
8002,substation_8002.png,0.0,2.0,0.0,0.0,0.0,0.0
7998,substation_7998.png,0.0,0.0,0.0,0.0,1.0,0.0
8004,substation_8004.png,0.0,0.0,0.0,0.0,0.0,0.0
8003,substation_8003.png,1.0,0.0,0.0,1.0,0.0,0.0
8005,substation_8005.png,0.0,0.0,0.0,0.0,0.0,0.0
8006,substation_8006.png,2.0,1.0,0.0,0.0,0.0,0.0
8011,substation_8011.png,0.0,0.0,0.0,0.0,0.0,0.0
8015,substation_8015.png,1.0,0.0,0.0,0.0,1.0,0.0
8007,substation_8007.png,1.0,0.0,0.0,0.0,0.0,0.0
8008,substation_8008.png,1.0,0.0,1.0,0.0,0.0,0.0
8009,substation_8009.png,0.0,0.0,0.0,2.0,0.0,0.0
8010,substation_8010.png,1.0,0.0,0.0,0.0,0.0,0.0
8012,substation_8012.png,0.0,0.0,0.0,0.0,1.0,0.0
8017,substation_8017.png,0.0,0.0,0.0,0.0,0.0,0.0
8016,substation_8016.png,2.0,0.0,0.0,0.0,0.0,0.0
8013,substation_8013.png,0.0,0.0,0.0,0.0,0.0,0.0
8014,substation_8014.png,1.0,0.0,0.0,0.0,0.0,0.0
8018,substation_8018.png,0.0,0.0,0.0,1.0,0.0,0.0
8019,substation_8019.png,0.0,0.0,0.0,0.0,0.0,0.0
8020,substation_8020.png,1.0,0.0,0.0,0.0,0.0,0.0
8021,substation_8021.png,1.0,0.0,2.0,0.0,0.0,0.0
8023,substation_8023.png,0.0,0.0,0.0,0.0,0.0,0.0
8022,substation_8022.png,0.0,0.0,0.0,0.0,0.0,0.0
8025,substation_8025.png,1.0,0.0,0.0,1.0,0.0,0.0
8024,substation_8024.png,0.0,0.0,0.0,0.0,0.0,0.0
8029,substation_8029.png,0.0,0.0,0.0,0.0,0.0,0.0
8031,substation_8031.png,0.0,0.0,0.0,0.0,1.0,0.0
8027,substation_8027.png,1.0,0.0,0.0,0.0,0.0,0.0
8028,substation_8028.png,0.0,0.0,0.0,1.0,0.0,0.0
8030,substation_8030.png,0.0,0.0,0.0,1.0,0.0,0.0
8034,substation_8034.png,0.0,1.0,0.0,0.0,0.0,0.0
8026,substation_8026.png,2.0,0.0,0.0,0.0,0.0,0.0
8033,substation_8033.png,0.0,0.0,0.0,0.0,0.0,0.0
8032,substation_8032.png,1.0,0.0,0.0,0.0,1.0,0.0
8036,substation_8036.png,1.0,0.0,0.0,0.0,0.0,0.0
8037,substation_8037.png,1.0,2.0,1.0,0.0,0.0,0.0
8038,substation_8038.png,0.0,0.0,0.0,1.0,0.0,0.0
8035,substation_8035.png,0.0,0.0,0.0,0.0,0.0,0.0
8041,substation_8041.png,0.0,0.0,0.0,0.0,1.0,0.0
8039,substation_8039.png,0.0,0.0,3.0,0.0,0.0,0.0
8040,substation_8040.png,1.0,0.0,6.0,0.0,0.0,0.0
8046,substation_8046.png,1.0,0.0,0.0,0.0,0.0,0.0
8043,substation_8043.png,0.0,0.0,0.0,0.0,0.0,0.0
8044,substation_8044.png,1.0,0.0,0.0,0.0,0.0,0.0
8045,substation_8045.png,2.0,0.0,0.0,0.0,0.0,0.0
8042,substation_8042.png,0.0,0.0,0.0,0.0,0.0,0.0
8047,substation_8047.png,0.0,0.0,0.0,0.0,0.0,0.0
8048,substation_8048.png,2.0,0.0,0.0,0.0,0.0,0.0
8053,substation_8053.png,0.0,0.0,0.0,0.0,0.0,0.0
8050,substation_8050.png,0.0,0.0,0.0,0.0,0.0,0.0
8054,substation_8054.png,0.0,0.0,0.0,0.0,0.0,0.0
8051,substation_8051.png,3.0,1.0,1.0,1.0,0.0,0.0
8052,substation_8052.png,1.0,0.0,9.0,1.0,0.0,0.0
8057,substation_8057.png,0.0,0.0,2.0,0.0,0.0,0.0
8056,substation_8056.png,0.0,0.0,2.0,0.0,0.0,0.0
8055,substation_8055.png,0.0,0.0,0.0,0.0,0.0,0.0
8059,substation_8059.png,1.0,0.0,0.0,1.0,0.0,0.0
8061,substation_8061.png,0.0,0.0,0.0,0.0,0.0,0.0
8049,substation_8049.png,4.0,0.0,0.0,0.0,0.0,0.0
8060,substation_8060.png,1.0,0.0,0.0,0.0,0.0,0.0
8058,substation_8058.png,1.0,0.0,0.0,0.0,0.0,0.0
8063,substation_8063.png,3.0,0.0,1.0,0.0,0.0,0.0
8062,substation_8062.png,0.0,0.0,0.0,0.0,0.0,0.0
8068,substation_8068.png,1.0,0.0,0.0,0.0,0.0,0.0
8064,substation_8064.png,0.0,0.0,0.0,0.0,0.0,0.0
8066,substation_8066.png,4.0,0.0,0.0,0.0,0.0,0.0
8067,substation_8067.png,4.0,0.0,0.0,0.0,0.0,0.0
8070,substation_8070.png,0.0,0.0,0.0,0.0,0.0,0.0
8065,substation_8065.png,2.0,0.0,2.0,0.0,0.0,0.0
8069,substation_8069.png,0.0,0.0,0.0,2.0,0.0,0.0
8072,substation_8072.png,2.0,0.0,0.0,2.0,0.0,0.0
8073,substation_8073.png,0.0,0.0,0.0,0.0,0.0,0.0
8076,substation_8076.png,1.0,0.0,1.0,0.0,0.0,0.0
8071,substation_8071.png,1.0,0.0,0.0,0.0,0.0,0.0
8075,substation_8075.png,0.0,0.0,0.0,2.0,0.0,0.0
8077,substation_8077.png,0.0,0.0,0.0,2.0,0.0,0.0
8074,substation_8074.png,0.0,0.0,0.0,0.0,0.0,0.0
8078,substation_8078.png,0.0,0.0,0.0,0.0,0.0,0.0
8082,substation_8082.png,0.0,0.0,0.0,0.0,0.0,0.0
8079,substation_8079.png,0.0,0.0,0.0,0.0,0.0,0.0
8081,substation_8081.png,1.0,0.0,10.0,0.0,0.0,0.0
8080,substation_8080.png,1.0,0.0,3.0,0.0,0.0,0.0
8084,substation_8084.png,0.0,0.0,0.0,1.0,0.0,0.0
8087,substation_8087.png,6.0,0.0,0.0,0.0,0.0,0.0
8083,substation_8083.png,1.0,0.0,1.0,0.0,0.0,0.0
8085,substation_8085.png,2.0,0.0,2.0,0.0,0.0,0.0
8088,substation_8088.png,1.0,0.0,3.0,0.0,0.0,0.0
8086,substation_8086.png,1.0,0.0,0.0,0.0,0.0,0.0
8091,substation_8091.png,0.0,0.0,3.0,0.0,0.0,0.0
8090,substation_8090.png,3.0,0.0,3.0,0.0,0.0,0.0
8089,substation_8089.png,0.0,0.0,0.0,0.0,0.0,0.0
6091,substation_6091.png,0.0,0.0,0.0,0.0,0.0,0.0
6090,substation_6090.png,0.0,0.0,0.0,0.0,0.0,0.0
6095,substation_6095.png,0.0,0.0,0.0,0.0,1.0,0.0
6093,substation_6093.png,2.0,0.0,0.0,0.0,0.0,0.0
6094,substation_6094.png,0.0,0.0,0.0,0.0,1.0,0.0
6092,substation_6092.png,0.0,0.0,1.0,0.0,0.0,0.0
6089,substation_6089.png,0.0,0.0,0.0,0.0,0.0,0.0
6097,substation_6097.png,2.0,5.0,0.0,0.0,0.0,0.0
6096,substation_6096.png,0.0,0.0,2.0,0.0,0.0,0.0
6099,substation_6099.png,1.0,0.0,1.0,0.0,0.0,0.0
6098,substation_6098.png,0.0,0.0,1.0,1.0,0.0,0.0
6100,substation_6100.png,1.0,0.0,1.0,0.0,1.0,0.0
6102,substation_6102.png,1.0,0.0,0.0,0.0,1.0,0.0
6104,substation_6104.png,0.0,0.0,0.0,0.0,0.0,0.0
6101,substation_6101.png,0.0,0.0,0.0,0.0,0.0,0.0
6106,substation_6106.png,1.0,0.0,0.0,2.0,1.0,0.0
6105,substation_6105.png,0.0,0.0,0.0,0.0,0.0,0.0
6108,substation_6108.png,0.0,1.0,0.0,0.0,0.0,0.0
6107,substation_6107.png,1.0,0.0,0.0,0.0,0.0,0.0
6103,substation_6103.png,0.0,0.0,0.0,0.0,0.0,0.0
6113,substation_6113.png,1.0,0.0,0.0,0.0,0.0,0.0
6109,substation_6109.png,1.0,0.0,0.0,0.0,0.0,0.0
6111,substation_6111.png,1.0,0.0,0.0,0.0,0.0,0.0
6117,substation_6117.png,1.0,0.0,0.0,0.0,0.0,0.0
6114,substation_6114.png,1.0,0.0,0.0,0.0,0.0,0.0
6110,substation_6110.png,0.0,0.0,0.0,0.0,0.0,0.0
6116,substation_6116.png,0.0,2.0,0.0,1.0,0.0,0.0
6118,substation_6118.png,5.0,0.0,0.0,0.0,0.0,0.0
6112,substation_6112.png,0.0,0.0,0.0,0.0,0.0,0.0
6115,substation_6115.png,0.0,0.0,2.0,0.0,0.0,0.0
6119,substation_6119.png,1.0,0.0,0.0,0.0,0.0,0.0
6124,substation_6124.png,4.0,0.0,0.0,0.0,0.0,0.0
6120,substation_6120.png,0.0,0.0,3.0,0.0,0.0,0.0
6123,substation_6123.png,0.0,0.0,0.0,0.0,0.0,0.0
6122,substation_6122.png,0.0,0.0,0.0,0.0,1.0,0.0
6125,substation_6125.png,2.0,0.0,0.0,0.0,0.0,0.0
6128,substation_6128.png,1.0,0.0,0.0,0.0,0.0,0.0
6121,substation_6121.png,0.0,0.0,0.0,0.0,0.0,0.0
6126,substation_6126.png,3.0,0.0,0.0,0.0,0.0,0.0
6127,substation_6127.png,0.0,0.0,1.0,0.0,0.0,0.0
6131,substation_6131.png,1.0,0.0,0.0,0.0,0.0,0.0
6130,substation_6130.png,0.0,0.0,0.0,0.0,0.0,0.0
6132,substation_6132.png,1.0,0.0,0.0,0.0,0.0,0.0
6129,substation_6129.png,0.0,0.0,0.0,0.0,0.0,0.0
6133,substation_6133.png,0.0,0.0,4.0,0.0,0.0,0.0
6134,substation_6134.png,0.0,0.0,0.0,0.0,0.0,0.0
6135,substation_6135.png,0.0,0.0,0.0,0.0,0.0,0.0
6140,substation_6140.png,2.0,0.0,8.0,0.0,0.0,0.0
6136,substation_6136.png,3.0,0.0,2.0,0.0,0.0,0.0
6138,substation_6138.png,0.0,0.0,5.0,0.0,0.0,0.0
6144,substation_6144.png,0.0,1.0,0.0,0.0,0.0,0.0
6142,substation_6142.png,2.0,0.0,4.0,0.0,0.0,0.0
6137,substation_6137.png,0.0,0.0,1.0,0.0,0.0,0.0
6145,substation_6145.png,1.0,0.0,0.0,0.0,0.0,0.0
6143,substation_6143.png,1.0,0.0,0.0,0.0,0.0,0.0
6141,substation_6141.png,2.0,0.0,0.0,0.0,0.0,0.0
6139,substation_6139.png,0.0,0.0,0.0,0.0,0.0,0.0
6147,substation_6147.png,0.0,0.0,0.0,0.0,0.0,0.0
6146,substation_6146.png,2.0,0.0,0.0,0.0,0.0,0.0
6152,substation_6152.png,0.0,0.0,0.0,0.0,0.0,0.0
6148,substation_6148.png,0.0,0.0,0.0,0.0,0.0,0.0
6156,substation_6156.png,0.0,0.0,0.0,0.0,0.0,0.0
6150,substation_6150.png,1.0,0.0,4.0,1.0,0.0,0.0
6155,substation_6155.png,1.0,0.0,0.0,0.0,1.0,0.0
6151,substation_6151.png,0.0,0.0,0.0,0.0,0.0,0.0
6154,substation_6154.png,0.0,0.0,0.0,1.0,0.0,0.0
6149,substation_6149.png,0.0,0.0,0.0,0.0,1.0,0.0
6158,substation_6158.png,2.0,1.0,1.0,0.0,0.0,0.0
6157,substation_6157.png,3.0,0.0,0.0,0.0,0.0,0.0
6153,substation_6153.png,0.0,0.0,0.0,0.0,0.0,0.0
6159,substation_6159.png,0.0,0.0,0.0,0.0,0.0,0.0
6161,substation_6161.png,0.0,0.0,0.0,0.0,0.0,0.0
6160,substation_6160.png,0.0,0.0,3.0,0.0,0.0,0.0
6163,substation_6163.png,1.0,0.0,0.0,0.0,0.0,0.0
6167,substation_6167.png,0.0,0.0,0.0,0.0,0.0,0.0
6168,substation_6168.png,2.0,0.0,0.0,2.0,0.0,0.0
6165,substation_6165.png,0.0,1.0,1.0,0.0,0.0,0.0
6162,substation_6162.png,1.0,0.0,0.0,0.0,0.0,0.0
6164,substation_6164.png,1.0,0.0,0.0,0.0,0.0,0.0
6170,substation_6170.png,0.0,0.0,0.0,0.0,0.0,0.0
6169,substation_6169.png,0.0,0.0,1.0,0.0,0.0,0.0
6166,substation_6166.png,0.0,0.0,0.0,0.0,0.0,0.0
6171,substation_6171.png,0.0,0.0,0.0,0.0,0.0,0.0
6174,substation_6174.png,3.0,0.0,0.0,0.0,0.0,0.0
6172,substation_6172.png,0.0,0.0,0.0,0.0,1.0,0.0
6175,substation_6175.png,1.0,0.0,0.0,0.0,0.0,0.0
6176,substation_6176.png,0.0,0.0,0.0,0.0,0.0,0.0
6177,substation_6177.png,0.0,0.0,2.0,0.0,0.0,0.0
6179,substation_6179.png,3.0,0.0,0.0,0.0,0.0,0.0
6180,substation_6180.png,0.0,0.0,0.0,0.0,0.0,0.0
6178,substation_6178.png,1.0,0.0,0.0,0.0,0.0,0.0
6173,substation_6173.png,0.0,0.0,0.0,0.0,0.0,0.0
6181,substation_6181.png,1.0,0.0,0.0,0.0,1.0,0.0
6183,substation_6183.png,1.0,0.0,0.0,0.0,0.0,0.0
6184,substation_6184.png,1.0,0.0,0.0,0.0,1.0,0.0
6185,substation_6185.png,0.0,0.0,0.0,0.0,0.0,0.0
6186,substation_6186.png,0.0,0.0,0.0,0.0,0.0,0.0
6190,substation_6190.png,1.0,0.0,0.0,0.0,0.0,0.0
6182,substation_6182.png,1.0,0.0,2.0,0.0,0.0,0.0
6189,substation_6189.png,0.0,0.0,0.0,0.0,0.0,0.0
6191,substation_6191.png,0.0,0.0,0.0,0.0,0.0,0.0
6188,substation_6188.png,0.0,0.0,0.0,0.0,0.0,0.0
6193,substation_6193.png,0.0,0.0,0.0,0.0,1.0,0.0
6194,substation_6194.png,2.0,0.0,1.0,0.0,0.0,0.0
6195,substation_6195.png,2.0,0.0,0.0,0.0,0.0,0.0
6187,substation_6187.png,0.0,0.0,0.0,0.0,0.0,0.0
6196,substation_6196.png,1.0,2.0,2.0,0.0,0.0,0.0
6197,substation_6197.png,0.0,0.0,0.0,0.0,0.0,0.0
6199,substation_6199.png,1.0,0.0,0.0,0.0,0.0,0.0
6200,substation_6200.png,0.0,0.0,0.0,1.0,0.0,0.0
6198,substation_6198.png,3.0,0.0,0.0,0.0,0.0,0.0
6202,substation_6202.png,0.0,0.0,0.0,1.0,0.0,0.0
6201,substation_6201.png,0.0,0.0,0.0,0.0,0.0,0.0
6205,substation_6205.png,0.0,0.0,2.0,0.0,0.0,0.0
6203,substation_6203.png,0.0,0.0,0.0,0.0,0.0,0.0
6204,substation_6204.png,2.0,0.0,0.0,0.0,1.0,0.0
6206,substation_6206.png,1.0,0.0,0.0,0.0,0.0,0.0
6211,substation_6211.png,0.0,0.0,0.0,0.0,0.0,0.0
6210,substation_6210.png,0.0,0.0,0.0,2.0,0.0,0.0
6208,substation_6208.png,2.0,0.0,1.0,0.0,0.0,0.0
6209,substation_6209.png,0.0,0.0,0.0,0.0,0.0,0.0
6207,substation_6207.png,0.0,0.0,0.0,0.0,1.0,0.0
6212,substation_6212.png,4.0,0.0,0.0,0.0,1.0,0.0
6217,substation_6217.png,1.0,0.0,0.0,0.0,0.0,0.0
6216,substation_6216.png,1.0,0.0,0.0,0.0,0.0,0.0
6213,substation_6213.png,0.0,0.0,0.0,0.0,1.0,0.0
6221,substation_6221.png,0.0,0.0,3.0,0.0,0.0,0.0
6218,substation_6218.png,1.0,0.0,0.0,0.0,0.0,0.0
6219,substation_6219.png,0.0,0.0,0.0,0.0,0.0,0.0
6214,substation_6214.png,0.0,0.0,0.0,0.0,0.0,0.0
6215,substation_6215.png,0.0,0.0,0.0,0.0,0.0,0.0
6220,substation_6220.png,0.0,0.0,0.0,1.0,0.0,0.0
6223,substation_6223.png,1.0,0.0,0.0,0.0,0.0,0.0
6224,substation_6224.png,0.0,0.0,1.0,0.0,0.0,0.0
6222,substation_6222.png,0.0,0.0,0.0,1.0,1.0,0.0
6226,substation_6226.png,1.0,0.0,1.0,0.0,0.0,0.0
6232,substation_6232.png,2.0,0.0,0.0,1.0,0.0,0.0
6227,substation_6227.png,0.0,0.0,0.0,0.0,1.0,0.0
6228,substation_6228.png,0.0,0.0,0.0,0.0,0.0,0.0
6229,substation_6229.png,0.0,0.0,0.0,0.0,0.0,0.0
6230,substation_6230.png,0.0,0.0,0.0,0.0,0.0,0.0
6231,substation_6231.png,1.0,0.0,0.0,0.0,0.0,0.0
6234,substation_6234.png,0.0,0.0,1.0,0.0,0.0,0.0
6233,substation_6233.png,1.0,0.0,0.0,0.0,0.0,0.0
6225,substation_6225.png,0.0,0.0,0.0,0.0,0.0,0.0
6239,substation_6239.png,0.0,0.0,0.0,0.0,0.0,0.0
6236,substation_6236.png,0.0,0.0,0.0,0.0,1.0,0.0
6237,substation_6237.png,1.0,0.0,0.0,0.0,0.0,0.0
6238,substation_6238.png,1.0,0.0,0.0,0.0,0.0,0.0
6241,substation_6241.png,0.0,0.0,0.0,0.0,0.0,0.0
6242,substation_6242.png,0.0,0.0,3.0,0.0,0.0,0.0
6235,substation_6235.png,0.0,0.0,1.0,0.0,0.0,0.0
6240,substation_6240.png,1.0,0.0,0.0,0.0,0.0,0.0
6244,substation_6244.png,0.0,0.0,0.0,0.0,0.0,0.0
6243,substation_6243.png,2.0,0.0,0.0,0.0,0.0,0.0
6245,substation_6245.png,1.0,0.0,2.0,0.0,0.0,0.0
6246,substation_6246.png,1.0,0.0,0.0,0.0,0.0,0.0
6249,substation_6249.png,1.0,0.0,0.0,0.0,0.0,0.0
6248,substation_6248.png,0.0,0.0,0.0,0.0,0.0,0.0
6252,substation_6252.png,0.0,0.0,0.0,0.0,0.0,0.0
6247,substation_6247.png,1.0,0.0,0.0,1.0,0.0,0.0
6251,substation_6251.png,0.0,0.0,2.0,0.0,0.0,0.0
6250,substation_6250.png,1.0,2.0,1.0,0.0,0.0,0.0
6253,substation_6253.png,0.0,2.0,0.0,0.0,0.0,0.0
6255,substation_6255.png,1.0,1.0,0.0,0.0,0.0,0.0
6254,substation_6254.png,1.0,0.0,0.0,1.0,0.0,0.0
6256,substation_6256.png,1.0,0.0,0.0,0.0,1.0,0.0
6258,substation_6258.png,0.0,0.0,0.0,1.0,0.0,0.0
6261,substation_6261.png,2.0,0.0,2.0,0.0,0.0,0.0
6262,substation_6262.png,1.0,0.0,0.0,0.0,0.0,0.0
6257,substation_6257.png,0.0,0.0,0.0,0.0,1.0,0.0
6264,substation_6264.png,2.0,0.0,0.0,0.0,0.0,0.0
6259,substation_6259.png,2.0,0.0,0.0,1.0,0.0,0.0
6260,substation_6260.png,0.0,0.0,0.0,0.0,0.0,0.0
6265,substation_6265.png,0.0,0.0,0.0,0.0,0.0,0.0
6266,substation_6266.png,0.0,0.0,0.0,1.0,0.0,0.0
6267,substation_6267.png,0.0,0.0,0.0,0.0,0.0,0.0
6263,substation_6263.png,2.0,0.0,0.0,0.0,0.0,0.0
6268,substation_6268.png,0.0,0.0,0.0,0.0,0.0,0.0
6271,substation_6271.png,0.0,0.0,0.0,0.0,1.0,0.0
6270,substation_6270.png,0.0,0.0,0.0,0.0,0.0,0.0
6272,substation_6272.png,1.0,0.0,0.0,0.0,0.0,0.0
6269,substation_6269.png,0.0,0.0,0.0,0.0,0.0,0.0
6275,substation_6275.png,1.0,0.0,0.0,0.0,0.0,0.0
6273,substation_6273.png,0.0,0.0,0.0,0.0,0.0,0.0
6274,substation_6274.png,0.0,0.0,0.0,0.0,1.0,0.0
6276,substation_6276.png,2.0,0.0,0.0,0.0,0.0,0.0
6277,substation_6277.png,3.0,0.0,0.0,0.0,0.0,0.0
6280,substation_6280.png,0.0,0.0,0.0,0.0,0.0,0.0
6278,substation_6278.png,0.0,0.0,0.0,0.0,0.0,0.0
6281,substation_6281.png,1.0,0.0,0.0,0.0,1.0,0.0
6279,substation_6279.png,1.0,0.0,6.0,0.0,0.0,0.0
6284,substation_6284.png,4.0,0.0,0.0,0.0,0.0,0.0
6282,substation_6282.png,0.0,0.0,0.0,0.0,0.0,0.0
6283,substation_6283.png,0.0,0.0,0.0,1.0,0.0,0.0
6285,substation_6285.png,0.0,0.0,0.0,0.0,0.0,0.0
6287,substation_6287.png,0.0,0.0,0.0,0.0,0.0,0.0
6288,substation_6288.png,0.0,0.0,0.0,0.0,0.0,0.0
6292,substation_6292.png,0.0,0.0,1.0,0.0,0.0,0.0
6289,substation_6289.png,0.0,0.0,0.0,1.0,0.0,0.0
6290,substation_6290.png,0.0,0.0,1.0,0.0,0.0,0.0
6286,substation_6286.png,1.0,0.0,0.0,0.0,0.0,0.0
6291,substation_6291.png,0.0,0.0,0.0,0.0,0.0,0.0
6293,substation_6293.png,0.0,0.0,0.0,0.0,0.0,0.0
6297,substation_6297.png,0.0,0.0,0.0,0.0,0.0,0.0
6294,substation_6294.png,0.0,0.0,3.0,0.0,0.0,0.0
6295,substation_6295.png,2.0,0.0,0.0,0.0,0.0,0.0
6296,substation_6296.png,0.0,3.0,0.0,0.0,0.0,0.0
6299,substation_6299.png,0.0,0.0,0.0,0.0,0.0,0.0
6298,substation_6298.png,1.0,1.0,0.0,0.0,0.0,0.0
6302,substation_6302.png,1.0,0.0,3.0,0.0,0.0,0.0
6300,substation_6300.png,1.0,0.0,0.0,0.0,1.0,0.0
6304,substation_6304.png,0.0,0.0,2.0,7.0,0.0,0.0
6303,substation_6303.png,0.0,0.0,2.0,0.0,0.0,0.0
6305,substation_6305.png,0.0,0.0,1.0,0.0,0.0,0.0
6301,substation_6301.png,0.0,0.0,2.0,0.0,0.0,0.0
6307,substation_6307.png,0.0,0.0,0.0,0.0,0.0,0.0
6308,substation_6308.png,0.0,0.0,0.0,0.0,0.0,0.0
6306,substation_6306.png,0.0,0.0,0.0,1.0,0.0,0.0
6309,substation_6309.png,0.0,0.0,0.0,0.0,0.0,0.0
6310,substation_6310.png,0.0,0.0,0.0,1.0,1.0,0.0
6311,substation_6311.png,0.0,0.0,4.0,0.0,0.0,0.0
6312,substation_6312.png,0.0,1.0,2.0,1.0,0.0,0.0
6314,substation_6314.png,0.0,0.0,0.0,0.0,0.0,0.0
6319,substation_6319.png,1.0,0.0,0.0,0.0,0.0,0.0
6315,substation_6315.png,2.0,3.0,0.0,0.0,0.0,0.0
6318,substation_6318.png,0.0,0.0,0.0,1.0,0.0,0.0
6317,substation_6317.png,1.0,0.0,0.0,0.0,0.0,0.0
6313,substation_6313.png,2.0,0.0,0.0,0.0,0.0,0.0
6316,substation_6316.png,1.0,0.0,1.0,0.0,0.0,0.0
6323,substation_6323.png,0.0,0.0,6.0,0.0,1.0,0.0
6322,substation_6322.png,0.0,0.0,2.0,0.0,0.0,0.0
6321,substation_6321.png,3.0,0.0,2.0,0.0,0.0,0.0
6320,substation_6320.png,0.0,0.0,0.0,0.0,0.0,0.0
6324,substation_6324.png,1.0,0.0,0.0,1.0,1.0,0.0
6325,substation_6325.png,0.0,0.0,1.0,0.0,0.0,0.0
6327,substation_6327.png,1.0,0.0,0.0,0.0,0.0,0.0
6328,substation_6328.png,4.0,0.0,0.0,0.0,0.0,0.0
6329,substation_6329.png,1.0,0.0,0.0,0.0,0.0,0.0
6326,substation_6326.png,2.0,1.0,0.0,0.0,0.0,0.0
6330,substation_6330.png,0.0,0.0,0.0,0.0,0.0,0.0
6331,substation_6331.png,0.0,0.0,0.0,0.0,0.0,0.0
6334,substation_6334.png,1.0,0.0,2.0,0.0,0.0,0.0
6332,substation_6332.png,2.0,0.0,0.0,1.0,0.0,0.0
6335,substation_6335.png,0.0,0.0,0.0,0.0,0.0,0.0
6333,substation_6333.png,0.0,0.0,1.0,0.0,0.0,0.0
6336,substation_6336.png,2.0,0.0,0.0,0.0,0.0,0.0
6338,substation_6338.png,0.0,3.0,0.0,1.0,0.0,0.0
6337,substation_6337.png,2.0,0.0,0.0,0.0,0.0,0.0
6339,substation_6339.png,0.0,0.0,0.0,0.0,0.0,0.0
6343,substation_6343.png,0.0,0.0,0.0,0.0,0.0,0.0
6342,substation_6342.png,0.0,0.0,0.0,0.0,0.0,0.0
6340,substation_6340.png,0.0,0.0,0.0,0.0,0.0,0.0
6344,substation_6344.png,0.0,0.0,0.0,0.0,0.0,0.0
6341,substation_6341.png,0.0,0.0,0.0,0.0,0.0,0.0
6348,substation_6348.png,0.0,0.0,0.0,0.0,0.0,0.0
6347,substation_6347.png,0.0,0.0,0.0,0.0,0.0,0.0
6345,substation_6345.png,0.0,0.0,0.0,0.0,0.0,0.0
6346,substation_6346.png,0.0,0.0,0.0,0.0,0.0,0.0
6349,substation_6349.png,2.0,0.0,0.0,1.0,0.0,0.0
6351,substation_6351.png,0.0,0.0,0.0,0.0,0.0,0.0
6350,substation_6350.png,2.0,0.0,0.0,0.0,0.0,0.0
6353,substation_6353.png,0.0,0.0,3.0,1.0,0.0,0.0
6352,substation_6352.png,0.0,0.0,0.0,0.0,0.0,0.0
6355,substation_6355.png,1.0,0.0,0.0,0.0,0.0,0.0
6354,substation_6354.png,0.0,2.0,0.0,0.0,0.0,0.0
6356,substation_6356.png,1.0,1.0,1.0,1.0,0.0,0.0
6359,substation_6359.png,1.0,0.0,0.0,3.0,0.0,0.0
6358,substation_6358.png,0.0,0.0,0.0,2.0,0.0,0.0
6360,substation_6360.png,1.0,0.0,0.0,0.0,0.0,0.0
6361,substation_6361.png,1.0,0.0,0.0,0.0,0.0,0.0
6363,substation_6363.png,0.0,0.0,0.0,0.0,1.0,0.0
6364,substation_6364.png,0.0,0.0,0.0,0.0,1.0,0.0
6357,substation_6357.png,0.0,0.0,0.0,2.0,1.0,0.0
6366,substation_6366.png,0.0,0.0,0.0,0.0,1.0,0.0
6365,substation_6365.png,1.0,0.0,0.0,0.0,0.0,0.0
6362,substation_6362.png,1.0,0.0,0.0,0.0,0.0,0.0
6367,substation_6367.png,0.0,0.0,0.0,0.0,1.0,0.0
6368,substation_6368.png,0.0,0.0,0.0,0.0,0.0,0.0
6371,substation_6371.png,1.0,2.0,0.0,0.0,0.0,0.0
6369,substation_6369.png,0.0,1.0,0.0,0.0,0.0,0.0
6370,substation_6370.png,0.0,0.0,0.0,0.0,0.0,0.0
6372,substation_6372.png,3.0,0.0,1.0,0.0,1.0,0.0
6378,substation_6378.png,1.0,0.0,4.0,0.0,0.0,0.0
6375,substation_6375.png,2.0,0.0,0.0,0.0,0.0,0.0
6373,substation_6373.png,0.0,0.0,0.0,0.0,0.0,0.0
6377,substation_6377.png,0.0,0.0,0.0,0.0,0.0,0.0
6376,substation_6376.png,1.0,0.0,1.0,0.0,0.0,0.0
6379,substation_6379.png,1.0,0.0,2.0,0.0,0.0,0.0
6374,substation_6374.png,0.0,0.0,0.0,0.0,0.0,0.0
6382,substation_6382.png,0.0,0.0,0.0,0.0,0.0,0.0
6380,substation_6380.png,0.0,0.0,2.0,0.0,0.0,0.0
6385,substation_6385.png,0.0,0.0,0.0,0.0,0.0,0.0
6386,substation_6386.png,0.0,0.0,0.0,0.0,0.0,0.0
6381,substation_6381.png,0.0,0.0,1.0,0.0,1.0,0.0
6387,substation_6387.png,1.0,0.0,0.0,0.0,0.0,0.0
6384,substation_6384.png,0.0,0.0,0.0,0.0,0.0,0.0
6383,substation_6383.png,0.0,0.0,0.0,0.0,0.0,0.0
6388,substation_6388.png,0.0,0.0,0.0,0.0,0.0,0.0
6389,substation_6389.png,1.0,0.0,0.0,0.0,0.0,0.0
6390,substation_6390.png,2.0,0.0,1.0,1.0,1.0,0.0
6391,substation_6391.png,0.0,0.0,0.0,0.0,0.0,0.0
6392,substation_6392.png,0.0,0.0,0.0,0.0,0.0,0.0
6396,substation_6396.png,0.0,0.0,0.0,0.0,0.0,0.0
6393,substation_6393.png,0.0,0.0,0.0,0.0,0.0,0.0
6394,substation_6394.png,1.0,0.0,0.0,0.0,0.0,0.0
6395,substation_6395.png,0.0,0.0,1.0,0.0,0.0,0.0
6397,substation_6397.png,1.0,0.0,0.0,1.0,0.0,0.0
6400,substation_6400.png,0.0,0.0,0.0,0.0,0.0,0.0
6398,substation_6398.png,1.0,0.0,0.0,0.0,0.0,0.0
6401,substation_6401.png,0.0,0.0,0.0,1.0,1.0,0.0
6402,substation_6402.png,0.0,0.0,0.0,0.0,0.0,0.0
6406,substation_6406.png,1.0,0.0,0.0,0.0,0.0,0.0
6404,substation_6404.png,2.0,0.0,1.0,0.0,0.0,0.0
6403,substation_6403.png,0.0,0.0,0.0,0.0,0.0,0.0
6405,substation_6405.png,1.0,0.0,5.0,0.0,0.0,0.0
6407,substation_6407.png,1.0,0.0,0.0,0.0,0.0,0.0
6399,substation_6399.png,1.0,0.0,0.0,0.0,0.0,0.0
6408,substation_6408.png,0.0,0.0,0.0,0.0,0.0,0.0
6409,substation_6409.png,1.0,0.0,1.0,0.0,0.0,0.0
6413,substation_6413.png,0.0,0.0,5.0,0.0,0.0,0.0
6411,substation_6411.png,1.0,0.0,0.0,0.0,0.0,0.0
6412,substation_6412.png,0.0,0.0,0.0,0.0,0.0,0.0
6414,substation_6414.png,2.0,0.0,2.0,0.0,0.0,0.0
6410,substation_6410.png,0.0,0.0,2.0,0.0,0.0,0.0
6415,substation_6415.png,0.0,0.0,0.0,0.0,0.0,0.0
6417,substation_6417.png,1.0,0.0,0.0,0.0,0.0,0.0
6416,substation_6416.png,0.0,0.0,0.0,0.0,0.0,0.0
6420,substation_6420.png,1.0,0.0,0.0,0.0,0.0,0.0
6418,substation_6418.png,3.0,0.0,0.0,0.0,0.0,0.0
6419,substation_6419.png,0.0,0.0,0.0,0.0,0.0,0.0
6421,substation_6421.png,0.0,0.0,0.0,0.0,0.0,0.0
6426,substation_6426.png,0.0,0.0,0.0,0.0,0.0,0.0
6423,substation_6423.png,2.0,0.0,0.0,0.0,0.0,0.0
6422,substation_6422.png,0.0,0.0,4.0,0.0,0.0,0.0
6425,substation_6425.png,0.0,0.0,0.0,0.0,0.0,0.0
6430,substation_6430.png,0.0,0.0,0.0,0.0,1.0,0.0
6432,substation_6432.png,6.0,0.0,1.0,0.0,0.0,0.0
6428,substation_6428.png,0.0,0.0,0.0,0.0,1.0,0.0
6424,substation_6424.png,1.0,0.0,0.0,0.0,0.0,0.0
6427,substation_6427.png,0.0,0.0,0.0,0.0,0.0,0.0
6431,substation_6431.png,0.0,0.0,0.0,0.0,0.0,0.0
6433,substation_6433.png,0.0,0.0,0.0,0.0,0.0,0.0
6434,substation_6434.png,0.0,1.0,1.0,0.0,1.0,0.0
6429,substation_6429.png,2.0,0.0,0.0,0.0,0.0,0.0
6435,substation_6435.png,0.0,0.0,0.0,1.0,0.0,0.0
6438,substation_6438.png,1.0,0.0,0.0,0.0,0.0,0.0
6442,substation_6442.png,1.0,0.0,0.0,0.0,0.0,0.0
6439,substation_6439.png,0.0,0.0,0.0,0.0,0.0,0.0
6436,substation_6436.png,0.0,0.0,0.0,0.0,0.0,0.0
6437,substation_6437.png,0.0,0.0,1.0,0.0,0.0,0.0
6445,substation_6445.png,1.0,0.0,1.0,0.0,0.0,0.0
6443,substation_6443.png,0.0,0.0,1.0,0.0,0.0,0.0
6444,substation_6444.png,2.0,0.0,1.0,0.0,0.0,0.0
6440,substation_6440.png,1.0,0.0,0.0,0.0,0.0,0.0
6447,substation_6447.png,0.0,0.0,0.0,0.0,0.0,0.0
6453,substation_6453.png,1.0,0.0,4.0,0.0,0.0,0.0
6450,substation_6450.png,2.0,1.0,1.0,0.0,0.0,0.0
6452,substation_6452.png,1.0,0.0,0.0,0.0,0.0,0.0
6446,substation_6446.png,2.0,0.0,0.0,0.0,0.0,0.0
6449,substation_6449.png,2.0,0.0,9.0,0.0,0.0,0.0
6441,substation_6441.png,0.0,0.0,0.0,0.0,0.0,0.0
6451,substation_6451.png,0.0,0.0,0.0,0.0,0.0,0.0
6448,substation_6448.png,1.0,0.0,0.0,0.0,0.0,0.0
6454,substation_6454.png,0.0,0.0,0.0,0.0,0.0,0.0
6457,substation_6457.png,0.0,0.0,1.0,0.0,0.0,0.0
6455,substation_6455.png,0.0,0.0,0.0,0.0,0.0,0.0
6456,substation_6456.png,3.0,0.0,0.0,0.0,1.0,0.0
6461,substation_6461.png,1.0,0.0,0.0,0.0,0.0,0.0
6458,substation_6458.png,2.0,0.0,0.0,0.0,0.0,0.0
6462,substation_6462.png,0.0,0.0,0.0,0.0,0.0,0.0
6463,substation_6463.png,0.0,0.0,0.0,2.0,0.0,0.0
6460,substation_6460.png,2.0,0.0,2.0,0.0,0.0,0.0
6464,substation_6464.png,0.0,0.0,2.0,0.0,0.0,0.0
6459,substation_6459.png,0.0,0.0,0.0,0.0,0.0,0.0
6465,substation_6465.png,0.0,0.0,0.0,0.0,0.0,0.0
6466,substation_6466.png,3.0,0.0,0.0,0.0,0.0,0.0
6468,substation_6468.png,1.0,0.0,0.0,0.0,0.0,0.0
6470,substation_6470.png,0.0,0.0,0.0,0.0,0.0,0.0
6467,substation_6467.png,1.0,0.0,0.0,0.0,0.0,0.0
6474,substation_6474.png,2.0,0.0,0.0,0.0,0.0,0.0
6469,substation_6469.png,0.0,0.0,1.0,0.0,0.0,0.0
6473,substation_6473.png,0.0,0.0,0.0,0.0,0.0,0.0
6472,substation_6472.png,2.0,0.0,0.0,0.0,0.0,0.0
6471,substation_6471.png,8.0,0.0,0.0,0.0,0.0,0.0
6476,substation_6476.png,0.0,0.0,0.0,0.0,0.0,0.0
6479,substation_6479.png,2.0,0.0,0.0,1.0,0.0,0.0
6481,substation_6481.png,0.0,0.0,0.0,0.0,0.0,0.0
6477,substation_6477.png,1.0,0.0,0.0,1.0,0.0,0.0
6475,substation_6475.png,2.0,1.0,0.0,0.0,0.0,0.0
6480,substation_6480.png,1.0,3.0,4.0,0.0,0.0,0.0
6478,substation_6478.png,3.0,0.0,0.0,0.0,0.0,0.0
6483,substation_6483.png,0.0,0.0,0.0,0.0,0.0,0.0
6484,substation_6484.png,1.0,0.0,0.0,0.0,0.0,0.0
6482,substation_6482.png,3.0,0.0,2.0,0.0,0.0,0.0
6485,substation_6485.png,0.0,0.0,0.0,0.0,0.0,0.0
6490,substation_6490.png,0.0,0.0,0.0,0.0,0.0,0.0
6486,substation_6486.png,2.0,0.0,0.0,1.0,0.0,0.0
6487,substation_6487.png,0.0,0.0,0.0,0.0,0.0,0.0
6489,substation_6489.png,1.0,0.0,0.0,0.0,0.0,0.0
6491,substation_6491.png,2.0,0.0,0.0,0.0,0.0,0.0
6488,substation_6488.png,0.0,0.0,0.0,0.0,0.0,0.0
6494,substation_6494.png,0.0,0.0,4.0,0.0,0.0,0.0
6496,substation_6496.png,0.0,0.0,0.0,1.0,0.0,0.0
6493,substation_6493.png,0.0,0.0,0.0,0.0,0.0,0.0
6492,substation_6492.png,0.0,0.0,0.0,0.0,1.0,0.0
6495,substation_6495.png,1.0,0.0,0.0,0.0,0.0,0.0
6497,substation_6497.png,0.0,0.0,0.0,0.0,0.0,0.0
6498,substation_6498.png,1.0,0.0,1.0,0.0,0.0,0.0
6499,substation_6499.png,0.0,0.0,0.0,0.0,0.0,0.0
6503,substation_6503.png,3.0,0.0,0.0,0.0,0.0,0.0
6500,substation_6500.png,0.0,0.0,0.0,0.0,1.0,0.0
6504,substation_6504.png,1.0,0.0,0.0,0.0,0.0,0.0
6501,substation_6501.png,1.0,0.0,0.0,0.0,0.0,0.0
6502,substation_6502.png,6.0,0.0,1.0,0.0,0.0,0.0
6506,substation_6506.png,0.0,0.0,0.0,0.0,0.0,0.0
6505,substation_6505.png,0.0,0.0,0.0,0.0,0.0,0.0
6510,substation_6510.png,0.0,0.0,0.0,0.0,0.0,0.0
6507,substation_6507.png,0.0,0.0,0.0,1.0,0.0,0.0
6513,substation_6513.png,0.0,0.0,0.0,2.0,0.0,0.0
6515,substation_6515.png,0.0,0.0,0.0,0.0,0.0,0.0
6511,substation_6511.png,0.0,0.0,0.0,0.0,0.0,0.0
6508,substation_6508.png,1.0,0.0,0.0,1.0,1.0,0.0
6517,substation_6517.png,1.0,0.0,2.0,0.0,0.0,0.0
6520,substation_6520.png,0.0,0.0,0.0,0.0,0.0,0.0
6509,substation_6509.png,0.0,0.0,0.0,0.0,0.0,0.0
6514,substation_6514.png,1.0,0.0,0.0,0.0,0.0,0.0
6512,substation_6512.png,0.0,0.0,0.0,0.0,0.0,0.0
6519,substation_6519.png,1.0,0.0,0.0,0.0,0.0,0.0
6518,substation_6518.png,3.0,0.0,1.0,0.0,0.0,0.0
6516,substation_6516.png,0.0,0.0,0.0,0.0,0.0,0.0
6522,substation_6522.png,0.0,0.0,10.0,0.0,0.0,0.0
6529,substation_6529.png,8.0,0.0,1.0,0.0,1.0,0.0
6523,substation_6523.png,0.0,0.0,1.0,0.0,0.0,0.0
6526,substation_6526.png,1.0,0.0,0.0,0.0,0.0,0.0
6524,substation_6524.png,0.0,0.0,0.0,0.0,0.0,0.0
6525,substation_6525.png,7.0,0.0,0.0,1.0,0.0,0.0
6521,substation_6521.png,0.0,0.0,0.0,0.0,0.0,0.0
6532,substation_6532.png,0.0,0.0,0.0,0.0,0.0,0.0
6530,substation_6530.png,0.0,0.0,0.0,0.0,0.0,0.0
6528,substation_6528.png,1.0,2.0,2.0,0.0,0.0,0.0
6527,substation_6527.png,0.0,0.0,0.0,0.0,0.0,0.0
6531,substation_6531.png,1.0,0.0,0.0,0.0,0.0,0.0
6536,substation_6536.png,0.0,0.0,0.0,0.0,0.0,0.0
6533,substation_6533.png,1.0,0.0,0.0,0.0,0.0,0.0
6539,substation_6539.png,1.0,0.0,0.0,2.0,1.0,0.0
6534,substation_6534.png,0.0,0.0,0.0,1.0,0.0,0.0
6537,substation_6537.png,2.0,0.0,0.0,0.0,1.0,0.0
6540,substation_6540.png,0.0,0.0,0.0,1.0,0.0,0.0
6538,substation_6538.png,2.0,0.0,2.0,0.0,0.0,0.0
6535,substation_6535.png,1.0,0.0,0.0,0.0,0.0,0.0
6544,substation_6544.png,0.0,0.0,1.0,0.0,0.0,0.0
6543,substation_6543.png,0.0,0.0,0.0,0.0,0.0,0.0
6541,substation_6541.png,2.0,0.0,0.0,6.0,0.0,0.0
6542,substation_6542.png,4.0,0.0,0.0,0.0,0.0,0.0
6545,substation_6545.png,1.0,0.0,0.0,0.0,0.0,0.0
6549,substation_6549.png,0.0,0.0,0.0,1.0,0.0,0.0
6552,substation_6552.png,1.0,0.0,4.0,1.0,0.0,0.0
6551,substation_6551.png,1.0,0.0,5.0,0.0,0.0,0.0
6547,substation_6547.png,0.0,0.0,12.0,3.0,0.0,0.0
6553,substation_6553.png,0.0,0.0,0.0,0.0,1.0,0.0
6554,substation_6554.png,2.0,2.0,7.0,0.0,0.0,0.0
6548,substation_6548.png,0.0,0.0,0.0,0.0,0.0,0.0
6555,substation_6555.png,0.0,0.0,0.0,0.0,0.0,0.0
6546,substation_6546.png,0.0,0.0,0.0,2.0,0.0,0.0
6556,substation_6556.png,0.0,0.0,0.0,0.0,0.0,0.0
6550,substation_6550.png,0.0,0.0,0.0,0.0,1.0,0.0
6560,substation_6560.png,4.0,0.0,0.0,0.0,0.0,0.0
6557,substation_6557.png,0.0,0.0,1.0,1.0,0.0,0.0
6558,substation_6558.png,0.0,0.0,0.0,0.0,0.0,0.0
6559,substation_6559.png,5.0,0.0,0.0,0.0,0.0,0.0
6561,substation_6561.png,0.0,0.0,1.0,0.0,0.0,0.0
6562,substation_6562.png,2.0,0.0,0.0,0.0,0.0,0.0
6563,substation_6563.png,0.0,0.0,0.0,0.0,0.0,0.0
6565,substation_6565.png,0.0,0.0,0.0,1.0,0.0,0.0
6567,substation_6567.png,0.0,0.0,0.0,0.0,0.0,0.0
6566,substation_6566.png,0.0,0.0,2.0,0.0,0.0,0.0
6569,substation_6569.png,1.0,0.0,0.0,0.0,0.0,0.0
6564,substation_6564.png,1.0,0.0,0.0,0.0,1.0,0.0
6568,substation_6568.png,0.0,0.0,0.0,0.0,0.0,0.0
6570,substation_6570.png,0.0,0.0,0.0,0.0,0.0,0.0
6571,substation_6571.png,0.0,0.0,0.0,0.0,0.0,0.0
6572,substation_6572.png,1.0,0.0,0.0,0.0,0.0,0.0
6574,substation_6574.png,2.0,1.0,0.0,0.0,0.0,0.0
6578,substation_6578.png,0.0,0.0,0.0,0.0,1.0,0.0
6576,substation_6576.png,0.0,0.0,0.0,0.0,1.0,0.0
6575,substation_6575.png,0.0,0.0,1.0,0.0,0.0,0.0
6577,substation_6577.png,0.0,0.0,0.0,0.0,1.0,0.0
6579,substation_6579.png,1.0,0.0,0.0,0.0,0.0,0.0
6573,substation_6573.png,1.0,0.0,0.0,0.0,0.0,0.0
6580,substation_6580.png,2.0,0.0,0.0,1.0,0.0,0.0
6581,substation_6581.png,0.0,0.0,0.0,0.0,0.0,0.0
6582,substation_6582.png,0.0,0.0,0.0,0.0,0.0,0.0
6585,substation_6585.png,0.0,0.0,0.0,0.0,0.0,0.0
6584,substation_6584.png,0.0,0.0,0.0,0.0,0.0,0.0
6583,substation_6583.png,1.0,0.0,4.0,0.0,0.0,0.0
6586,substation_6586.png,0.0,0.0,0.0,0.0,0.0,0.0
6588,substation_6588.png,1.0,0.0,0.0,0.0,0.0,0.0
6591,substation_6591.png,1.0,0.0,0.0,1.0,0.0,0.0
6589,substation_6589.png,2.0,0.0,0.0,0.0,0.0,0.0
6587,substation_6587.png,0.0,1.0,0.0,0.0,1.0,0.0
6590,substation_6590.png,2.0,0.0,0.0,0.0,0.0,0.0
6592,substation_6592.png,4.0,0.0,1.0,0.0,0.0,0.0
6595,substation_6595.png,0.0,0.0,0.0,0.0,0.0,0.0
6594,substation_6594.png,1.0,0.0,2.0,0.0,0.0,0.0
6593,substation_6593.png,0.0,0.0,0.0,0.0,0.0,0.0
6596,substation_6596.png,0.0,0.0,0.0,0.0,0.0,0.0
6597,substation_6597.png,2.0,0.0,6.0,0.0,0.0,0.0
6599,substation_6599.png,0.0,0.0,0.0,1.0,0.0,0.0
6598,substation_6598.png,3.0,0.0,3.0,0.0,0.0,0.0
6601,substation_6601.png,2.0,0.0,0.0,0.0,0.0,0.0
6603,substation_6603.png,0.0,2.0,0.0,0.0,0.0,0.0
6604,substation_6604.png,1.0,0.0,0.0,1.0,0.0,0.0
6600,substation_6600.png,0.0,0.0,0.0,0.0,0.0,0.0
6606,substation_6606.png,0.0,0.0,0.0,0.0,0.0,0.0
6608,substation_6608.png,0.0,0.0,0.0,0.0,0.0,0.0
6609,substation_6609.png,0.0,0.0,2.0,0.0,0.0,0.0
6605,substation_6605.png,0.0,0.0,0.0,0.0,1.0,0.0
6607,substation_6607.png,0.0,0.0,0.0,0.0,0.0,0.0
6602,substation_6602.png,0.0,0.0,0.0,0.0,0.0,0.0
6611,substation_6611.png,0.0,0.0,0.0,0.0,1.0,0.0
6614,substation_6614.png,1.0,0.0,0.0,1.0,0.0,0.0
6610,substation_6610.png,0.0,0.0,2.0,0.0,0.0,0.0
6613,substation_6613.png,0.0,0.0,0.0,1.0,0.0,0.0
6612,substation_6612.png,0.0,0.0,0.0,0.0,0.0,0.0
6615,substation_6615.png,1.0,0.0,0.0,1.0,0.0,0.0
6617,substation_6617.png,0.0,0.0,0.0,0.0,0.0,0.0
6616,substation_6616.png,0.0,0.0,0.0,0.0,0.0,0.0
6618,substation_6618.png,0.0,0.0,0.0,0.0,0.0,0.0
6619,substation_6619.png,0.0,0.0,0.0,0.0,0.0,0.0
6620,substation_6620.png,0.0,0.0,0.0,0.0,0.0,0.0
6624,substation_6624.png,1.0,0.0,0.0,0.0,0.0,0.0
6623,substation_6623.png,1.0,0.0,0.0,0.0,0.0,0.0
6629,substation_6629.png,2.0,0.0,0.0,0.0,0.0,0.0
6622,substation_6622.png,1.0,0.0,0.0,0.0,0.0,0.0
6621,substation_6621.png,1.0,0.0,0.0,0.0,0.0,0.0
6625,substation_6625.png,0.0,0.0,0.0,0.0,0.0,0.0
6628,substation_6628.png,1.0,0.0,0.0,0.0,0.0,0.0
6626,substation_6626.png,0.0,0.0,0.0,0.0,0.0,0.0
6627,substation_6627.png,0.0,0.0,2.0,0.0,0.0,0.0
6631,substation_6631.png,0.0,1.0,1.0,0.0,0.0,0.0
6630,substation_6630.png,0.0,0.0,0.0,0.0,0.0,0.0
6632,substation_6632.png,1.0,0.0,2.0,0.0,0.0,0.0
6636,substation_6636.png,0.0,0.0,0.0,0.0,0.0,0.0
6634,substation_6634.png,0.0,0.0,0.0,0.0,0.0,0.0
6638,substation_6638.png,1.0,0.0,0.0,0.0,0.0,0.0
6633,substation_6633.png,1.0,0.0,0.0,0.0,0.0,0.0
6637,substation_6637.png,0.0,0.0,4.0,0.0,0.0,0.0
6635,substation_6635.png,0.0,0.0,0.0,0.0,1.0,0.0
6640,substation_6640.png,0.0,0.0,0.0,1.0,0.0,0.0
6639,substation_6639.png,3.0,0.0,0.0,0.0,0.0,0.0
6643,substation_6643.png,4.0,0.0,0.0,2.0,0.0,0.0
6641,substation_6641.png,0.0,0.0,0.0,0.0,1.0,0.0
6648,substation_6648.png,1.0,0.0,3.0,0.0,0.0,0.0
6647,substation_6647.png,1.0,0.0,0.0,0.0,0.0,0.0
6645,substation_6645.png,0.0,0.0,0.0,0.0,0.0,0.0
6644,substation_6644.png,0.0,0.0,0.0,0.0,1.0,0.0
6642,substation_6642.png,7.0,0.0,0.0,0.0,0.0,0.0
6646,substation_6646.png,4.0,0.0,0.0,0.0,0.0,0.0
6649,substation_6649.png,1.0,0.0,1.0,0.0,0.0,0.0
6650,substation_6650.png,1.0,0.0,0.0,0.0,0.0,0.0
6652,substation_6652.png,3.0,0.0,1.0,0.0,1.0,0.0
6651,substation_6651.png,0.0,0.0,0.0,1.0,0.0,0.0
6654,substation_6654.png,0.0,0.0,0.0,0.0,0.0,0.0
6660,substation_6660.png,0.0,0.0,2.0,3.0,0.0,0.0
6653,substation_6653.png,0.0,2.0,0.0,0.0,0.0,0.0
6657,substation_6657.png,3.0,0.0,3.0,0.0,0.0,0.0
6661,substation_6661.png,1.0,0.0,0.0,0.0,0.0,0.0
6655,substation_6655.png,1.0,0.0,0.0,0.0,0.0,0.0
6659,substation_6659.png,1.0,0.0,0.0,0.0,1.0,0.0
6658,substation_6658.png,3.0,0.0,1.0,0.0,0.0,0.0
6656,substation_6656.png,1.0,0.0,0.0,0.0,0.0,0.0
6662,substation_6662.png,0.0,0.0,0.0,2.0,0.0,0.0
6665,substation_6665.png,1.0,0.0,0.0,0.0,0.0,0.0
6663,substation_6663.png,1.0,0.0,0.0,0.0,0.0,0.0
6664,substation_6664.png,1.0,0.0,2.0,0.0,0.0,0.0
6666,substation_6666.png,0.0,0.0,0.0,0.0,0.0,0.0
6667,substation_6667.png,1.0,0.0,0.0,0.0,0.0,0.0
6672,substation_6672.png,0.0,0.0,0.0,0.0,0.0,0.0
6669,substation_6669.png,0.0,0.0,0.0,1.0,0.0,0.0
6671,substation_6671.png,0.0,0.0,0.0,0.0,0.0,0.0
6670,substation_6670.png,2.0,0.0,7.0,0.0,0.0,0.0
6668,substation_6668.png,1.0,0.0,0.0,0.0,0.0,0.0
6677,substation_6677.png,0.0,0.0,0.0,1.0,0.0,0.0
6673,substation_6673.png,1.0,0.0,0.0,0.0,1.0,0.0
6678,substation_6678.png,0.0,1.0,0.0,0.0,0.0,0.0
6674,substation_6674.png,1.0,0.0,0.0,0.0,0.0,0.0
6676,substation_6676.png,1.0,3.0,0.0,0.0,0.0,0.0
6675,substation_6675.png,0.0,0.0,0.0,0.0,1.0,0.0
6687,substation_6687.png,0.0,0.0,0.0,0.0,0.0,0.0
6679,substation_6679.png,1.0,0.0,0.0,0.0,0.0,0.0
6686,substation_6686.png,0.0,0.0,22.0,0.0,0.0,0.0
6683,substation_6683.png,0.0,0.0,0.0,1.0,0.0,0.0
6682,substation_6682.png,1.0,0.0,0.0,0.0,0.0,0.0
6685,substation_6685.png,0.0,0.0,0.0,0.0,0.0,0.0
6680,substation_6680.png,3.0,0.0,0.0,1.0,0.0,0.0
6689,substation_6689.png,0.0,0.0,0.0,0.0,0.0,0.0
6684,substation_6684.png,1.0,0.0,2.0,0.0,0.0,0.0
6681,substation_6681.png,0.0,0.0,0.0,0.0,0.0,0.0
6690,substation_6690.png,5.0,0.0,7.0,0.0,0.0,0.0
6688,substation_6688.png,0.0,0.0,1.0,0.0,1.0,0.0
6693,substation_6693.png,0.0,0.0,0.0,0.0,0.0,0.0
6692,substation_6692.png,0.0,0.0,0.0,0.0,1.0,0.0
6691,substation_6691.png,3.0,0.0,0.0,0.0,0.0,0.0
6694,substation_6694.png,1.0,1.0,0.0,0.0,0.0,0.0
6700,substation_6700.png,0.0,0.0,0.0,0.0,1.0,0.0
6696,substation_6696.png,0.0,0.0,0.0,0.0,2.0,0.0
6699,substation_6699.png,0.0,0.0,0.0,0.0,0.0,0.0
6697,substation_6697.png,0.0,0.0,0.0,0.0,0.0,0.0
6695,substation_6695.png,0.0,0.0,0.0,0.0,0.0,0.0
6701,substation_6701.png,0.0,0.0,0.0,0.0,0.0,0.0
6698,substation_6698.png,0.0,0.0,0.0,0.0,0.0,0.0
6702,substation_6702.png,0.0,0.0,0.0,0.0,0.0,0.0
6703,substation_6703.png,3.0,0.0,0.0,0.0,0.0,0.0
6704,substation_6704.png,1.0,0.0,0.0,0.0,0.0,0.0
6705,substation_6705.png,1.0,0.0,2.0,0.0,0.0,0.0
6706,substation_6706.png,0.0,0.0,0.0,0.0,0.0,0.0
6707,substation_6707.png,1.0,0.0,1.0,0.0,0.0,0.0
6709,substation_6709.png,1.0,0.0,0.0,0.0,0.0,0.0
6708,substation_6708.png,1.0,0.0,0.0,1.0,0.0,0.0
6712,substation_6712.png,0.0,1.0,1.0,0.0,0.0,0.0
6713,substation_6713.png,3.0,0.0,0.0,0.0,0.0,0.0
6714,substation_6714.png,0.0,0.0,0.0,0.0,0.0,0.0
6710,substation_6710.png,0.0,0.0,0.0,0.0,1.0,0.0
6715,substation_6715.png,0.0,0.0,0.0,0.0,0.0,0.0
6718,substation_6718.png,2.0,0.0,0.0,0.0,0.0,0.0
6717,substation_6717.png,0.0,0.0,6.0,0.0,0.0,0.0
6716,substation_6716.png,1.0,0.0,0.0,0.0,0.0,0.0
6711,substation_6711.png,2.0,0.0,0.0,0.0,0.0,0.0
6719,substation_6719.png,3.0,0.0,8.0,0.0,0.0,0.0
6724,substation_6724.png,0.0,0.0,0.0,0.0,0.0,0.0
6723,substation_6723.png,1.0,0.0,0.0,1.0,0.0,0.0
6720,substation_6720.png,2.0,0.0,3.0,0.0,0.0,0.0
6729,substation_6729.png,0.0,5.0,0.0,0.0,0.0,0.0
6721,substation_6721.png,0.0,0.0,0.0,0.0,0.0,0.0
6727,substation_6727.png,0.0,0.0,0.0,0.0,0.0,0.0
6725,substation_6725.png,1.0,0.0,0.0,0.0,0.0,0.0
6722,substation_6722.png,0.0,0.0,2.0,0.0,0.0,0.0
6728,substation_6728.png,1.0,0.0,0.0,0.0,1.0,0.0
6730,substation_6730.png,3.0,0.0,1.0,0.0,0.0,0.0
6726,substation_6726.png,2.0,0.0,0.0,0.0,0.0,0.0
6731,substation_6731.png,0.0,0.0,0.0,0.0,0.0,0.0
6732,substation_6732.png,2.0,0.0,0.0,0.0,0.0,0.0
6740,substation_6740.png,0.0,1.0,0.0,0.0,0.0,0.0
6733,substation_6733.png,1.0,0.0,5.0,0.0,0.0,0.0
6736,substation_6736.png,2.0,0.0,0.0,0.0,0.0,0.0
6738,substation_6738.png,0.0,0.0,0.0,0.0,0.0,0.0
6739,substation_6739.png,0.0,0.0,0.0,0.0,0.0,0.0
6734,substation_6734.png,1.0,0.0,0.0,0.0,0.0,0.0
6735,substation_6735.png,0.0,0.0,0.0,0.0,0.0,0.0
6737,substation_6737.png,1.0,0.0,0.0,0.0,1.0,0.0
6743,substation_6743.png,1.0,0.0,0.0,0.0,0.0,0.0
6747,substation_6747.png,0.0,0.0,0.0,0.0,1.0,0.0
6744,substation_6744.png,0.0,0.0,0.0,0.0,0.0,0.0
6741,substation_6741.png,0.0,0.0,0.0,0.0,0.0,0.0
6742,substation_6742.png,1.0,0.0,0.0,0.0,0.0,0.0
6745,substation_6745.png,0.0,1.0,0.0,0.0,1.0,0.0
6746,substation_6746.png,0.0,0.0,0.0,0.0,0.0,0.0
6752,substation_6752.png,0.0,0.0,0.0,0.0,0.0,0.0
6750,substation_6750.png,0.0,0.0,0.0,0.0,0.0,0.0
6748,substation_6748.png,0.0,0.0,0.0,1.0,0.0,0.0
6749,substation_6749.png,1.0,0.0,0.0,0.0,0.0,0.0
6753,substation_6753.png,3.0,0.0,1.0,0.0,0.0,0.0
6761,substation_6761.png,1.0,0.0,0.0,0.0,0.0,0.0
6760,substation_6760.png,0.0,0.0,0.0,0.0,0.0,0.0
6757,substation_6757.png,0.0,0.0,0.0,0.0,0.0,0.0
6751,substation_6751.png,0.0,0.0,0.0,0.0,0.0,0.0
6755,substation_6755.png,2.0,0.0,0.0,0.0,0.0,0.0
6754,substation_6754.png,1.0,0.0,0.0,0.0,0.0,0.0
6756,substation_6756.png,0.0,0.0,0.0,0.0,0.0,0.0
6758,substation_6758.png,2.0,0.0,0.0,0.0,0.0,0.0
6759,substation_6759.png,1.0,0.0,0.0,0.0,0.0,0.0
6762,substation_6762.png,0.0,0.0,0.0,1.0,0.0,0.0
6763,substation_6763.png,2.0,0.0,0.0,0.0,0.0,0.0
6767,substation_6767.png,3.0,0.0,0.0,0.0,0.0,0.0
6764,substation_6764.png,1.0,0.0,0.0,0.0,0.0,0.0
6765,substation_6765.png,2.0,1.0,5.0,0.0,0.0,0.0
6766,substation_6766.png,0.0,0.0,0.0,0.0,0.0,0.0
6770,substation_6770.png,0.0,0.0,1.0,0.0,0.0,0.0
6769,substation_6769.png,0.0,0.0,0.0,1.0,0.0,0.0
6768,substation_6768.png,1.0,0.0,0.0,0.0,0.0,0.0
6771,substation_6771.png,0.0,0.0,0.0,0.0,0.0,0.0
6774,substation_6774.png,1.0,0.0,0.0,1.0,0.0,0.0
6772,substation_6772.png,0.0,0.0,1.0,0.0,0.0,0.0
6775,substation_6775.png,0.0,0.0,0.0,0.0,0.0,0.0
6777,substation_6777.png,2.0,0.0,0.0,0.0,0.0,0.0
6776,substation_6776.png,0.0,0.0,0.0,0.0,0.0,0.0
6773,substation_6773.png,0.0,0.0,0.0,0.0,0.0,0.0
6778,substation_6778.png,0.0,0.0,0.0,0.0,0.0,0.0
6780,substation_6780.png,1.0,0.0,0.0,0.0,0.0,0.0
6781,substation_6781.png,1.0,0.0,1.0,0.0,0.0,0.0
6782,substation_6782.png,0.0,0.0,0.0,0.0,0.0,0.0
6779,substation_6779.png,0.0,4.0,0.0,0.0,0.0,0.0
6785,substation_6785.png,0.0,0.0,2.0,0.0,1.0,0.0
6787,substation_6787.png,0.0,0.0,2.0,0.0,0.0,0.0
6784,substation_6784.png,1.0,0.0,5.0,1.0,0.0,0.0
6783,substation_6783.png,0.0,0.0,0.0,0.0,0.0,0.0
6786,substation_6786.png,0.0,0.0,1.0,0.0,1.0,0.0
6788,substation_6788.png,0.0,0.0,1.0,0.0,0.0,0.0
6790,substation_6790.png,0.0,0.0,0.0,0.0,0.0,0.0
6789,substation_6789.png,0.0,0.0,0.0,0.0,0.0,0.0
6791,substation_6791.png,0.0,0.0,0.0,0.0,0.0,0.0
6794,substation_6794.png,0.0,0.0,0.0,0.0,0.0,0.0
6796,substation_6796.png,1.0,0.0,0.0,0.0,0.0,0.0
6793,substation_6793.png,0.0,1.0,0.0,0.0,0.0,0.0
6797,substation_6797.png,1.0,0.0,0.0,0.0,0.0,0.0
6795,substation_6795.png,2.0,0.0,4.0,0.0,0.0,0.0
6792,substation_6792.png,3.0,3.0,0.0,1.0,0.0,0.0
6798,substation_6798.png,0.0,0.0,0.0,0.0,0.0,0.0
6799,substation_6799.png,0.0,0.0,0.0,0.0,0.0,0.0
6800,substation_6800.png,1.0,0.0,0.0,0.0,0.0,0.0
6803,substation_6803.png,0.0,0.0,0.0,0.0,0.0,0.0
6804,substation_6804.png,0.0,0.0,0.0,0.0,0.0,0.0
6801,substation_6801.png,0.0,0.0,0.0,0.0,0.0,0.0
6809,substation_6809.png,0.0,0.0,1.0,0.0,0.0,0.0
6805,substation_6805.png,0.0,0.0,0.0,1.0,0.0,0.0
6802,substation_6802.png,4.0,0.0,0.0,0.0,0.0,0.0
6808,substation_6808.png,0.0,0.0,1.0,0.0,0.0,0.0
6807,substation_6807.png,0.0,0.0,2.0,0.0,0.0,0.0
6806,substation_6806.png,0.0,0.0,1.0,0.0,0.0,0.0
6811,substation_6811.png,0.0,0.0,0.0,0.0,0.0,0.0
6810,substation_6810.png,0.0,0.0,5.0,0.0,0.0,0.0
6813,substation_6813.png,1.0,0.0,0.0,0.0,0.0,0.0
6812,substation_6812.png,1.0,0.0,0.0,0.0,0.0,0.0
6816,substation_6816.png,0.0,0.0,0.0,0.0,1.0,0.0
6814,substation_6814.png,0.0,0.0,0.0,0.0,0.0,0.0
6818,substation_6818.png,0.0,0.0,5.0,0.0,0.0,0.0
6819,substation_6819.png,0.0,0.0,6.0,0.0,0.0,0.0
6815,substation_6815.png,0.0,0.0,0.0,0.0,0.0,0.0
6817,substation_6817.png,1.0,0.0,0.0,0.0,0.0,0.0
6820,substation_6820.png,1.0,0.0,0.0,0.0,0.0,0.0
6824,substation_6824.png,1.0,0.0,0.0,0.0,0.0,0.0
6821,substation_6821.png,1.0,0.0,0.0,0.0,1.0,0.0
6822,substation_6822.png,0.0,0.0,0.0,2.0,1.0,0.0
6827,substation_6827.png,2.0,0.0,3.0,0.0,0.0,0.0
6823,substation_6823.png,0.0,0.0,0.0,0.0,1.0,0.0
6825,substation_6825.png,1.0,0.0,0.0,0.0,0.0,0.0
6828,substation_6828.png,0.0,0.0,0.0,0.0,0.0,0.0
6826,substation_6826.png,1.0,0.0,0.0,3.0,0.0,0.0
6832,substation_6832.png,2.0,0.0,0.0,0.0,0.0,0.0
6829,substation_6829.png,0.0,0.0,0.0,0.0,0.0,0.0
6831,substation_6831.png,0.0,0.0,0.0,0.0,0.0,0.0
6830,substation_6830.png,2.0,0.0,0.0,0.0,0.0,0.0
6833,substation_6833.png,1.0,0.0,0.0,0.0,0.0,0.0
6835,substation_6835.png,1.0,0.0,0.0,0.0,0.0,0.0
6834,substation_6834.png,0.0,0.0,0.0,0.0,0.0,0.0
6839,substation_6839.png,0.0,0.0,2.0,2.0,0.0,0.0
6836,substation_6836.png,0.0,0.0,0.0,0.0,1.0,0.0
6837,substation_6837.png,0.0,0.0,0.0,0.0,0.0,0.0
6838,substation_6838.png,1.0,0.0,0.0,1.0,0.0,0.0
6841,substation_6841.png,1.0,0.0,1.0,0.0,0.0,0.0
6840,substation_6840.png,1.0,0.0,0.0,0.0,0.0,0.0
6842,substation_6842.png,0.0,1.0,1.0,0.0,0.0,0.0
6843,substation_6843.png,0.0,0.0,0.0,0.0,1.0,0.0
6846,substation_6846.png,0.0,0.0,0.0,1.0,0.0,0.0
6850,substation_6850.png,0.0,0.0,0.0,0.0,0.0,0.0
6845,substation_6845.png,1.0,0.0,0.0,0.0,0.0,0.0
6848,substation_6848.png,0.0,0.0,0.0,0.0,0.0,0.0
6847,substation_6847.png,0.0,0.0,0.0,1.0,0.0,0.0
6849,substation_6849.png,2.0,0.0,2.0,0.0,0.0,0.0
6851,substation_6851.png,0.0,0.0,0.0,1.0,1.0,0.0
6844,substation_6844.png,0.0,0.0,1.0,0.0,1.0,0.0
6855,substation_6855.png,0.0,1.0,1.0,0.0,0.0,0.0
6853,substation_6853.png,2.0,0.0,0.0,0.0,0.0,0.0
6852,substation_6852.png,0.0,0.0,0.0,0.0,1.0,0.0
6856,substation_6856.png,1.0,0.0,0.0,0.0,0.0,0.0
6857,substation_6857.png,1.0,3.0,1.0,1.0,0.0,0.0
6860,substation_6860.png,2.0,0.0,0.0,0.0,0.0,0.0
6858,substation_6858.png,1.0,1.0,1.0,0.0,0.0,0.0
6863,substation_6863.png,0.0,1.0,0.0,0.0,0.0,0.0
6854,substation_6854.png,1.0,0.0,1.0,0.0,0.0,0.0
6859,substation_6859.png,0.0,0.0,0.0,1.0,0.0,0.0
6862,substation_6862.png,0.0,0.0,2.0,0.0,0.0,0.0
6861,substation_6861.png,0.0,2.0,0.0,0.0,0.0,0.0
6867,substation_6867.png,0.0,0.0,0.0,0.0,0.0,0.0
6868,substation_6868.png,0.0,0.0,5.0,0.0,0.0,0.0
6865,substation_6865.png,4.0,0.0,0.0,0.0,0.0,0.0
6866,substation_6866.png,0.0,0.0,0.0,0.0,0.0,0.0
6871,substation_6871.png,2.0,0.0,0.0,1.0,0.0,0.0
6864,substation_6864.png,3.0,0.0,0.0,0.0,0.0,0.0
6870,substation_6870.png,1.0,0.0,1.0,0.0,0.0,0.0
6869,substation_6869.png,2.0,0.0,2.0,0.0,0.0,0.0
6872,substation_6872.png,0.0,0.0,0.0,0.0,2.0,0.0
6873,substation_6873.png,0.0,0.0,0.0,0.0,0.0,0.0
6876,substation_6876.png,0.0,5.0,2.0,0.0,0.0,0.0
6881,substation_6881.png,0.0,0.0,0.0,0.0,0.0,0.0
6874,substation_6874.png,0.0,0.0,0.0,0.0,0.0,0.0
6875,substation_6875.png,0.0,2.0,0.0,0.0,0.0,0.0
6883,substation_6883.png,0.0,0.0,0.0,0.0,0.0,0.0
6877,substation_6877.png,0.0,0.0,0.0,0.0,0.0,0.0
6882,substation_6882.png,0.0,0.0,0.0,0.0,1.0,0.0
6878,substation_6878.png,0.0,0.0,0.0,0.0,1.0,0.0
6880,substation_6880.png,2.0,0.0,0.0,0.0,0.0,0.0
6886,substation_6886.png,0.0,0.0,4.0,1.0,0.0,0.0
6889,substation_6889.png,0.0,1.0,0.0,1.0,0.0,0.0
6893,substation_6893.png,0.0,0.0,0.0,1.0,0.0,0.0
6885,substation_6885.png,0.0,0.0,0.0,0.0,0.0,0.0
6887,substation_6887.png,0.0,0.0,17.0,0.0,0.0,0.0
6884,substation_6884.png,0.0,1.0,0.0,0.0,0.0,0.0
6890,substation_6890.png,2.0,0.0,0.0,0.0,0.0,0.0
6888,substation_6888.png,4.0,0.0,0.0,0.0,0.0,0.0
6892,substation_6892.png,0.0,0.0,0.0,0.0,0.0,0.0
6891,substation_6891.png,0.0,0.0,0.0,1.0,0.0,0.0
6895,substation_6895.png,1.0,0.0,0.0,0.0,0.0,0.0
6896,substation_6896.png,0.0,0.0,0.0,0.0,0.0,0.0
6897,substation_6897.png,1.0,0.0,0.0,0.0,0.0,0.0
6894,substation_6894.png,3.0,0.0,0.0,0.0,0.0,0.0
6900,substation_6900.png,0.0,0.0,0.0,2.0,1.0,0.0
6903,substation_6903.png,0.0,0.0,0.0,0.0,0.0,0.0
6904,substation_6904.png,4.0,0.0,0.0,0.0,0.0,0.0
6902,substation_6902.png,3.0,0.0,0.0,0.0,0.0,0.0
6899,substation_6899.png,1.0,0.0,0.0,0.0,0.0,0.0
6898,substation_6898.png,0.0,0.0,0.0,0.0,0.0,0.0
6905,substation_6905.png,0.0,0.0,0.0,0.0,0.0,0.0
6901,substation_6901.png,2.0,0.0,0.0,0.0,0.0,0.0
6907,substation_6907.png,1.0,0.0,0.0,0.0,1.0,0.0
6910,substation_6910.png,0.0,0.0,0.0,0.0,0.0,0.0
6914,substation_6914.png,1.0,1.0,2.0,2.0,0.0,0.0
6906,substation_6906.png,0.0,0.0,0.0,0.0,0.0,0.0
6912,substation_6912.png,2.0,0.0,0.0,1.0,0.0,0.0
6908,substation_6908.png,2.0,0.0,0.0,0.0,1.0,0.0
6909,substation_6909.png,1.0,0.0,0.0,1.0,0.0,0.0
6911,substation_6911.png,1.0,0.0,0.0,0.0,1.0,0.0
6913,substation_6913.png,0.0,0.0,0.0,0.0,0.0,0.0
6915,substation_6915.png,1.0,0.0,0.0,0.0,0.0,0.0
6921,substation_6921.png,1.0,0.0,0.0,0.0,0.0,0.0
6916,substation_6916.png,0.0,0.0,1.0,0.0,0.0,0.0
6918,substation_6918.png,1.0,0.0,0.0,0.0,0.0,0.0
6919,substation_6919.png,0.0,0.0,0.0,0.0,0.0,0.0
6917,substation_6917.png,0.0,0.0,3.0,0.0,0.0,0.0
6924,substation_6924.png,1.0,0.0,1.0,1.0,0.0,0.0
6920,substation_6920.png,0.0,0.0,0.0,0.0,0.0,0.0
6923,substation_6923.png,1.0,0.0,0.0,0.0,0.0,0.0
6922,substation_6922.png,0.0,0.0,0.0,0.0,0.0,0.0
6925,substation_6925.png,0.0,0.0,0.0,0.0,0.0,0.0
6927,substation_6927.png,1.0,0.0,0.0,0.0,0.0,0.0
6926,substation_6926.png,0.0,0.0,0.0,0.0,0.0,0.0
6930,substation_6930.png,2.0,0.0,0.0,0.0,0.0,0.0
6928,substation_6928.png,0.0,0.0,1.0,1.0,0.0,0.0
6933,substation_6933.png,0.0,0.0,0.0,0.0,0.0,0.0
6929,substation_6929.png,5.0,0.0,0.0,0.0,0.0,0.0
6931,substation_6931.png,0.0,0.0,0.0,0.0,0.0,0.0
6935,substation_6935.png,1.0,0.0,0.0,0.0,0.0,0.0
6938,substation_6938.png,1.0,0.0,1.0,0.0,0.0,0.0
6934,substation_6934.png,1.0,1.0,0.0,0.0,0.0,0.0
6936,substation_6936.png,0.0,0.0,0.0,1.0,0.0,0.0
6932,substation_6932.png,2.0,0.0,0.0,1.0,0.0,0.0
6939,substation_6939.png,0.0,0.0,0.0,0.0,0.0,0.0
6937,substation_6937.png,0.0,0.0,0.0,0.0,1.0,0.0
6940,substation_6940.png,0.0,0.0,0.0,0.0,0.0,0.0
6941,substation_6941.png,3.0,2.0,0.0,0.0,0.0,0.0
6943,substation_6943.png,0.0,0.0,2.0,0.0,0.0,0.0
6944,substation_6944.png,2.0,0.0,1.0,0.0,0.0,0.0
6942,substation_6942.png,0.0,0.0,0.0,0.0,0.0,0.0
6953,substation_6953.png,1.0,0.0,0.0,0.0,0.0,0.0
6950,substation_6950.png,2.0,1.0,0.0,0.0,0.0,0.0
6947,substation_6947.png,0.0,0.0,0.0,0.0,0.0,0.0
6951,substation_6951.png,0.0,0.0,0.0,0.0,0.0,0.0
6949,substation_6949.png,0.0,0.0,0.0,0.0,0.0,0.0
6946,substation_6946.png,0.0,0.0,0.0,0.0,0.0,0.0
6945,substation_6945.png,0.0,0.0,1.0,0.0,0.0,0.0
6948,substation_6948.png,1.0,0.0,0.0,0.0,0.0,0.0
6952,substation_6952.png,1.0,0.0,0.0,0.0,0.0,0.0
6957,substation_6957.png,0.0,0.0,0.0,0.0,0.0,0.0
6954,substation_6954.png,0.0,0.0,0.0,16.0,0.0,0.0
6955,substation_6955.png,0.0,1.0,0.0,0.0,0.0,0.0
6963,substation_6963.png,0.0,0.0,0.0,0.0,0.0,0.0
6964,substation_6964.png,0.0,3.0,0.0,0.0,0.0,0.0
6956,substation_6956.png,0.0,0.0,3.0,0.0,0.0,0.0
6961,substation_6961.png,4.0,0.0,0.0,0.0,0.0,0.0
6959,substation_6959.png,3.0,0.0,0.0,0.0,1.0,0.0
6962,substation_6962.png,0.0,0.0,0.0,0.0,0.0,0.0
6965,substation_6965.png,0.0,0.0,0.0,0.0,0.0,0.0
6958,substation_6958.png,1.0,0.0,5.0,0.0,0.0,0.0
6960,substation_6960.png,1.0,0.0,0.0,0.0,0.0,0.0
6967,substation_6967.png,1.0,0.0,0.0,0.0,0.0,0.0
6966,substation_6966.png,3.0,0.0,1.0,0.0,0.0,0.0
6968,substation_6968.png,0.0,0.0,1.0,0.0,0.0,0.0
6970,substation_6970.png,2.0,1.0,0.0,0.0,0.0,0.0
6975,substation_6975.png,0.0,0.0,0.0,1.0,0.0,0.0
6973,substation_6973.png,0.0,0.0,0.0,0.0,0.0,0.0
6972,substation_6972.png,0.0,0.0,0.0,0.0,0.0,0.0
6976,substation_6976.png,0.0,0.0,0.0,0.0,0.0,0.0
6977,substation_6977.png,0.0,0.0,0.0,0.0,0.0,0.0
6971,substation_6971.png,0.0,0.0,0.0,0.0,0.0,0.0
6974,substation_6974.png,0.0,0.0,0.0,0.0,1.0,0.0
6969,substation_6969.png,0.0,0.0,0.0,0.0,0.0,0.0
6978,substation_6978.png,0.0,0.0,0.0,1.0,0.0,0.0
6980,substation_6980.png,0.0,1.0,0.0,0.0,0.0,0.0
6979,substation_6979.png,0.0,0.0,0.0,0.0,0.0,0.0
6981,substation_6981.png,3.0,0.0,0.0,0.0,0.0,0.0
6986,substation_6986.png,2.0,0.0,1.0,0.0,0.0,0.0
6985,substation_6985.png,1.0,0.0,4.0,0.0,0.0,0.0
6983,substation_6983.png,0.0,0.0,0.0,0.0,0.0,0.0
6984,substation_6984.png,0.0,0.0,0.0,0.0,0.0,0.0
6988,substation_6988.png,1.0,2.0,0.0,0.0,0.0,0.0
6987,substation_6987.png,2.0,0.0,0.0,0.0,1.0,0.0
6989,substation_6989.png,0.0,0.0,0.0,0.0,0.0,0.0
6991,substation_6991.png,0.0,0.0,0.0,0.0,0.0,0.0
6982,substation_6982.png,2.0,3.0,0.0,0.0,0.0,0.0
6990,substation_6990.png,3.0,0.0,0.0,0.0,0.0,0.0
6992,substation_6992.png,0.0,0.0,1.0,0.0,0.0,0.0
6993,substation_6993.png,0.0,0.0,0.0,0.0,0.0,0.0
6994,substation_6994.png,0.0,0.0,0.0,0.0,0.0,0.0
6996,substation_6996.png,0.0,0.0,0.0,0.0,0.0,0.0
6995,substation_6995.png,0.0,0.0,0.0,0.0,0.0,0.0
7002,substation_7002.png,0.0,0.0,0.0,0.0,0.0,0.0
6998,substation_6998.png,0.0,0.0,0.0,0.0,0.0,0.0
7000,substation_7000.png,0.0,0.0,8.0,0.0,0.0,0.0
6997,substation_6997.png,0.0,0.0,0.0,0.0,0.0,0.0
7001,substation_7001.png,0.0,0.0,0.0,0.0,0.0,0.0
6999,substation_6999.png,1.0,0.0,0.0,0.0,0.0,0.0
7005,substation_7005.png,1.0,0.0,0.0,0.0,0.0,0.0
7004,substation_7004.png,1.0,0.0,0.0,0.0,0.0,0.0
7006,substation_7006.png,1.0,0.0,0.0,0.0,0.0,0.0
7003,substation_7003.png,0.0,0.0,2.0,4.0,0.0,0.0
7008,substation_7008.png,2.0,0.0,0.0,0.0,1.0,0.0
7009,substation_7009.png,0.0,0.0,0.0,0.0,0.0,0.0
7013,substation_7013.png,1.0,1.0,0.0,0.0,0.0,0.0
7007,substation_7007.png,1.0,0.0,0.0,0.0,0.0,0.0
7010,substation_7010.png,0.0,0.0,0.0,1.0,0.0,0.0
7015,substation_7015.png,0.0,0.0,0.0,0.0,0.0,0.0
7011,substation_7011.png,0.0,2.0,0.0,0.0,0.0,0.0
7016,substation_7016.png,0.0,0.0,0.0,0.0,0.0,0.0
7014,substation_7014.png,3.0,0.0,1.0,0.0,0.0,0.0
7012,substation_7012.png,5.0,0.0,10.0,0.0,0.0,0.0
7017,substation_7017.png,0.0,0.0,0.0,0.0,0.0,0.0
7018,substation_7018.png,0.0,0.0,1.0,0.0,0.0,0.0
7019,substation_7019.png,0.0,0.0,0.0,0.0,1.0,0.0
7022,substation_7022.png,0.0,0.0,1.0,0.0,0.0,0.0
7023,substation_7023.png,2.0,0.0,0.0,0.0,0.0,0.0
7020,substation_7020.png,0.0,0.0,0.0,0.0,1.0,0.0
7028,substation_7028.png,0.0,0.0,4.0,0.0,0.0,0.0
7029,substation_7029.png,1.0,0.0,3.0,0.0,0.0,0.0
7025,substation_7025.png,0.0,1.0,0.0,0.0,0.0,0.0
7021,substation_7021.png,2.0,0.0,0.0,0.0,0.0,0.0
7024,substation_7024.png,0.0,0.0,2.0,0.0,0.0,0.0
7031,substation_7031.png,0.0,0.0,0.0,0.0,0.0,0.0
7030,substation_7030.png,0.0,3.0,0.0,1.0,0.0,0.0
7027,substation_7027.png,1.0,0.0,0.0,0.0,0.0,0.0
7026,substation_7026.png,0.0,0.0,0.0,0.0,0.0,0.0
7034,substation_7034.png,1.0,0.0,0.0,0.0,0.0,0.0
7033,substation_7033.png,0.0,0.0,0.0,0.0,0.0,0.0
7035,substation_7035.png,1.0,0.0,0.0,0.0,0.0,0.0
7032,substation_7032.png,0.0,1.0,0.0,0.0,0.0,0.0
7036,substation_7036.png,0.0,0.0,1.0,0.0,0.0,0.0
7037,substation_7037.png,3.0,0.0,0.0,0.0,0.0,0.0
7040,substation_7040.png,2.0,0.0,3.0,0.0,0.0,0.0
7039,substation_7039.png,0.0,0.0,3.0,0.0,0.0,0.0
7038,substation_7038.png,4.0,0.0,7.0,0.0,0.0,0.0
7043,substation_7043.png,0.0,0.0,0.0,0.0,0.0,0.0
7042,substation_7042.png,0.0,0.0,0.0,0.0,0.0,0.0
7044,substation_7044.png,0.0,0.0,1.0,0.0,0.0,0.0
7047,substation_7047.png,0.0,0.0,0.0,0.0,0.0,0.0
7041,substation_7041.png,1.0,0.0,0.0,1.0,0.0,0.0
7046,substation_7046.png,1.0,0.0,0.0,0.0,0.0,0.0
7045,substation_7045.png,0.0,0.0,1.0,0.0,0.0,0.0
7049,substation_7049.png,1.0,0.0,0.0,0.0,0.0,0.0
7052,substation_7052.png,3.0,0.0,0.0,0.0,1.0,0.0
7050,substation_7050.png,0.0,0.0,0.0,0.0,0.0,0.0
7048,substation_7048.png,0.0,0.0,0.0,1.0,0.0,0.0
7054,substation_7054.png,1.0,0.0,3.0,0.0,0.0,0.0
7053,substation_7053.png,0.0,0.0,3.0,0.0,0.0,0.0
7055,substation_7055.png,0.0,0.0,0.0,0.0,0.0,0.0
7051,substation_7051.png,2.0,0.0,1.0,0.0,0.0,0.0
7056,substation_7056.png,0.0,0.0,0.0,0.0,0.0,0.0
7058,substation_7058.png,0.0,0.0,0.0,0.0,1.0,0.0
7057,substation_7057.png,0.0,0.0,0.0,0.0,0.0,0.0
7061,substation_7061.png,0.0,0.0,0.0,0.0,0.0,0.0
7059,substation_7059.png,1.0,0.0,0.0,0.0,0.0,0.0
7060,substation_7060.png,1.0,0.0,0.0,0.0,0.0,0.0
7064,substation_7064.png,0.0,0.0,0.0,0.0,0.0,0.0
7067,substation_7067.png,0.0,1.0,0.0,0.0,0.0,0.0
7063,substation_7063.png,2.0,0.0,2.0,2.0,0.0,0.0
7065,substation_7065.png,0.0,0.0,0.0,0.0,0.0,0.0
7068,substation_7068.png,5.0,3.0,0.0,0.0,0.0,0.0
7066,substation_7066.png,0.0,0.0,0.0,0.0,0.0,0.0
7069,substation_7069.png,0.0,0.0,3.0,0.0,0.0,0.0
7062,substation_7062.png,0.0,0.0,0.0,0.0,0.0,0.0
7071,substation_7071.png,1.0,0.0,0.0,0.0,0.0,0.0
7070,substation_7070.png,0.0,0.0,0.0,0.0,0.0,0.0
7072,substation_7072.png,2.0,0.0,0.0,0.0,0.0,0.0
7077,substation_7077.png,3.0,0.0,0.0,0.0,0.0,0.0
7074,substation_7074.png,0.0,0.0,0.0,0.0,0.0,0.0
7075,substation_7075.png,3.0,0.0,0.0,0.0,0.0,0.0
7073,substation_7073.png,1.0,0.0,0.0,0.0,0.0,0.0
7078,substation_7078.png,1.0,0.0,3.0,0.0,0.0,0.0
7079,substation_7079.png,1.0,0.0,0.0,0.0,0.0,0.0
7083,substation_7083.png,0.0,0.0,10.0,0.0,0.0,0.0
7081,substation_7081.png,1.0,0.0,0.0,0.0,0.0,0.0
7082,substation_7082.png,0.0,0.0,0.0,0.0,0.0,0.0
7076,substation_7076.png,0.0,0.0,0.0,0.0,0.0,0.0
7080,substation_7080.png,0.0,0.0,3.0,0.0,0.0,0.0
7086,substation_7086.png,0.0,0.0,0.0,0.0,0.0,0.0
7084,substation_7084.png,0.0,0.0,0.0,1.0,1.0,0.0
7088,substation_7088.png,0.0,0.0,0.0,3.0,0.0,0.0
7093,substation_7093.png,0.0,0.0,0.0,0.0,0.0,0.0
7089,substation_7089.png,1.0,1.0,4.0,0.0,0.0,0.0
7090,substation_7090.png,0.0,3.0,1.0,0.0,1.0,0.0
7085,substation_7085.png,0.0,0.0,0.0,0.0,0.0,0.0
5087,substation_5087.png,1.0,0.0,0.0,0.0,0.0,0.0
5088,substation_5088.png,1.0,0.0,0.0,0.0,0.0,0.0
5090,substation_5090.png,1.0,0.0,1.0,0.0,0.0,0.0
5093,substation_5093.png,0.0,0.0,2.0,0.0,1.0,0.0
5092,substation_5092.png,0.0,0.0,0.0,0.0,0.0,0.0
5091,substation_5091.png,2.0,0.0,0.0,0.0,0.0,0.0
5095,substation_5095.png,0.0,0.0,0.0,0.0,1.0,0.0
5094,substation_5094.png,0.0,2.0,0.0,0.0,1.0,0.0
5098,substation_5098.png,1.0,0.0,0.0,2.0,0.0,0.0
5096,substation_5096.png,1.0,0.0,0.0,0.0,0.0,0.0
5099,substation_5099.png,2.0,0.0,0.0,0.0,1.0,0.0
5100,substation_5100.png,0.0,0.0,0.0,1.0,0.0,0.0
5101,substation_5101.png,0.0,0.0,2.0,0.0,0.0,0.0
5102,substation_5102.png,2.0,0.0,1.0,1.0,0.0,0.0
5097,substation_5097.png,1.0,0.0,0.0,0.0,0.0,0.0
5103,substation_5103.png,0.0,0.0,0.0,0.0,1.0,0.0
5106,substation_5106.png,0.0,0.0,0.0,0.0,0.0,0.0
5107,substation_5107.png,0.0,0.0,1.0,0.0,0.0,0.0
5104,substation_5104.png,0.0,0.0,1.0,0.0,1.0,0.0
5105,substation_5105.png,0.0,0.0,0.0,0.0,0.0,0.0
5110,substation_5110.png,0.0,0.0,1.0,0.0,0.0,0.0
5108,substation_5108.png,1.0,0.0,0.0,0.0,0.0,0.0
5109,substation_5109.png,1.0,0.0,6.0,0.0,0.0,0.0
5114,substation_5114.png,2.0,1.0,0.0,0.0,0.0,0.0
5113,substation_5113.png,1.0,0.0,2.0,0.0,0.0,0.0
5111,substation_5111.png,0.0,0.0,0.0,0.0,0.0,0.0
5112,substation_5112.png,1.0,0.0,0.0,0.0,0.0,0.0
5116,substation_5116.png,1.0,1.0,0.0,0.0,0.0,0.0
5115,substation_5115.png,0.0,0.0,6.0,0.0,0.0,0.0
5119,substation_5119.png,0.0,0.0,0.0,0.0,0.0,0.0
5118,substation_5118.png,2.0,0.0,0.0,0.0,0.0,0.0
5120,substation_5120.png,1.0,0.0,0.0,0.0,1.0,0.0
5124,substation_5124.png,0.0,0.0,2.0,0.0,0.0,0.0
5127,substation_5127.png,0.0,0.0,0.0,0.0,0.0,0.0
5122,substation_5122.png,0.0,0.0,0.0,0.0,0.0,0.0
5117,substation_5117.png,3.0,0.0,0.0,0.0,0.0,0.0
5123,substation_5123.png,0.0,0.0,0.0,0.0,0.0,0.0
5129,substation_5129.png,0.0,0.0,0.0,0.0,0.0,0.0
5126,substation_5126.png,0.0,0.0,0.0,0.0,0.0,0.0
5121,substation_5121.png,1.0,0.0,0.0,0.0,0.0,0.0
5128,substation_5128.png,0.0,0.0,0.0,0.0,0.0,0.0
5125,substation_5125.png,4.0,0.0,3.0,0.0,0.0,0.0
5130,substation_5130.png,1.0,0.0,0.0,0.0,0.0,0.0
5131,substation_5131.png,3.0,0.0,0.0,1.0,0.0,0.0
5132,substation_5132.png,0.0,0.0,0.0,0.0,0.0,0.0
5137,substation_5137.png,1.0,0.0,3.0,1.0,0.0,0.0
5134,substation_5134.png,0.0,0.0,0.0,1.0,1.0,0.0
5133,substation_5133.png,0.0,0.0,0.0,1.0,1.0,0.0
5136,substation_5136.png,1.0,0.0,2.0,0.0,0.0,0.0
5135,substation_5135.png,1.0,0.0,0.0,0.0,0.0,0.0
5138,substation_5138.png,0.0,0.0,0.0,0.0,0.0,0.0
5139,substation_5139.png,0.0,2.0,0.0,0.0,0.0,0.0
5140,substation_5140.png,0.0,0.0,0.0,0.0,0.0,0.0
5142,substation_5142.png,0.0,0.0,1.0,0.0,0.0,0.0
5143,substation_5143.png,0.0,0.0,0.0,0.0,0.0,0.0
5141,substation_5141.png,0.0,1.0,0.0,0.0,0.0,0.0
5145,substation_5145.png,2.0,2.0,0.0,0.0,0.0,0.0
5144,substation_5144.png,1.0,0.0,0.0,2.0,0.0,0.0
5149,substation_5149.png,0.0,0.0,0.0,0.0,1.0,0.0
5147,substation_5147.png,0.0,0.0,0.0,0.0,0.0,0.0
5148,substation_5148.png,0.0,0.0,1.0,0.0,0.0,0.0
5146,substation_5146.png,1.0,0.0,1.0,0.0,0.0,0.0
5151,substation_5151.png,0.0,0.0,0.0,0.0,0.0,0.0
5152,substation_5152.png,0.0,0.0,1.0,0.0,0.0,0.0
5150,substation_5150.png,0.0,0.0,0.0,1.0,0.0,0.0
5153,substation_5153.png,1.0,0.0,4.0,0.0,0.0,0.0
5154,substation_5154.png,0.0,0.0,0.0,0.0,0.0,0.0
5156,substation_5156.png,0.0,0.0,0.0,0.0,0.0,0.0
5155,substation_5155.png,0.0,0.0,0.0,0.0,0.0,0.0
5159,substation_5159.png,0.0,0.0,0.0,0.0,0.0,0.0
5157,substation_5157.png,0.0,0.0,2.0,0.0,0.0,0.0
5161,substation_5161.png,0.0,0.0,0.0,0.0,0.0,0.0
5160,substation_5160.png,0.0,0.0,0.0,0.0,0.0,0.0
5158,substation_5158.png,2.0,1.0,0.0,0.0,0.0,0.0
5163,substation_5163.png,0.0,0.0,0.0,0.0,0.0,0.0
5162,substation_5162.png,6.0,0.0,0.0,0.0,0.0,0.0
5168,substation_5168.png,4.0,0.0,0.0,0.0,0.0,0.0
5164,substation_5164.png,2.0,0.0,0.0,0.0,0.0,0.0
5166,substation_5166.png,0.0,0.0,0.0,0.0,0.0,0.0
5167,substation_5167.png,0.0,1.0,2.0,0.0,0.0,0.0
5165,substation_5165.png,0.0,0.0,0.0,0.0,0.0,0.0
5170,substation_5170.png,0.0,0.0,0.0,0.0,0.0,0.0
5174,substation_5174.png,0.0,0.0,0.0,0.0,0.0,0.0
5169,substation_5169.png,1.0,1.0,0.0,0.0,0.0,0.0
5172,substation_5172.png,0.0,0.0,0.0,0.0,1.0,0.0
5171,substation_5171.png,0.0,1.0,0.0,0.0,1.0,0.0
5173,substation_5173.png,1.0,0.0,0.0,0.0,0.0,0.0
5180,substation_5180.png,1.0,0.0,1.0,0.0,0.0,0.0
5176,substation_5176.png,4.0,0.0,0.0,0.0,0.0,0.0
5179,substation_5179.png,0.0,0.0,1.0,0.0,0.0,0.0
5175,substation_5175.png,0.0,0.0,0.0,1.0,0.0,0.0
5177,substation_5177.png,2.0,0.0,0.0,0.0,0.0,0.0
5182,substation_5182.png,0.0,0.0,0.0,0.0,0.0,0.0
5178,substation_5178.png,0.0,0.0,0.0,0.0,0.0,0.0
5183,substation_5183.png,0.0,0.0,2.0,0.0,0.0,0.0
5186,substation_5186.png,1.0,0.0,3.0,1.0,0.0,0.0
5181,substation_5181.png,0.0,0.0,0.0,4.0,0.0,0.0
5184,substation_5184.png,2.0,0.0,4.0,0.0,0.0,0.0
5185,substation_5185.png,0.0,0.0,1.0,0.0,0.0,0.0
5188,substation_5188.png,3.0,0.0,2.0,0.0,0.0,0.0
5194,substation_5194.png,2.0,0.0,4.0,0.0,0.0,0.0
5187,substation_5187.png,0.0,0.0,0.0,0.0,0.0,0.0
5193,substation_5193.png,0.0,0.0,1.0,0.0,1.0,0.0
5192,substation_5192.png,0.0,0.0,0.0,0.0,0.0,0.0
5189,substation_5189.png,0.0,0.0,0.0,0.0,0.0,0.0
5190,substation_5190.png,7.0,0.0,0.0,0.0,0.0,0.0
5196,substation_5196.png,0.0,1.0,5.0,0.0,0.0,0.0
5195,substation_5195.png,1.0,2.0,0.0,1.0,0.0,0.0
5198,substation_5198.png,0.0,0.0,0.0,0.0,0.0,0.0
5191,substation_5191.png,0.0,0.0,0.0,0.0,0.0,0.0
5197,substation_5197.png,0.0,0.0,1.0,0.0,0.0,0.0
5199,substation_5199.png,0.0,0.0,0.0,0.0,1.0,0.0
5200,substation_5200.png,0.0,0.0,0.0,0.0,0.0,0.0
5201,substation_5201.png,1.0,0.0,0.0,0.0,0.0,0.0
5202,substation_5202.png,1.0,0.0,0.0,1.0,0.0,0.0
5204,substation_5204.png,1.0,0.0,0.0,0.0,0.0,0.0
5208,substation_5208.png,0.0,0.0,1.0,0.0,0.0,0.0
5203,substation_5203.png,0.0,0.0,0.0,1.0,0.0,0.0
5205,substation_5205.png,0.0,0.0,0.0,0.0,0.0,0.0
5207,substation_5207.png,2.0,0.0,8.0,0.0,0.0,0.0
5206,substation_5206.png,0.0,1.0,1.0,0.0,0.0,0.0
5210,substation_5210.png,1.0,0.0,1.0,0.0,0.0,0.0
5209,substation_5209.png,1.0,0.0,0.0,0.0,0.0,0.0
5212,substation_5212.png,0.0,0.0,0.0,0.0,0.0,0.0
5215,substation_5215.png,3.0,0.0,0.0,0.0,0.0,0.0
5217,substation_5217.png,1.0,0.0,0.0,2.0,0.0,0.0
5213,substation_5213.png,1.0,0.0,0.0,0.0,0.0,0.0
5214,substation_5214.png,1.0,0.0,1.0,0.0,0.0,0.0
5211,substation_5211.png,1.0,0.0,0.0,0.0,0.0,0.0
5216,substation_5216.png,0.0,3.0,0.0,0.0,0.0,0.0
5218,substation_5218.png,0.0,0.0,0.0,0.0,0.0,0.0
5221,substation_5221.png,0.0,0.0,0.0,0.0,2.0,0.0
5219,substation_5219.png,1.0,0.0,0.0,0.0,0.0,0.0
5220,substation_5220.png,2.0,0.0,0.0,0.0,0.0,0.0
5227,substation_5227.png,1.0,0.0,0.0,0.0,0.0,0.0
5224,substation_5224.png,1.0,0.0,0.0,0.0,0.0,0.0
5222,substation_5222.png,1.0,0.0,0.0,0.0,0.0,0.0
5223,substation_5223.png,1.0,0.0,5.0,0.0,0.0,0.0
5226,substation_5226.png,1.0,0.0,0.0,0.0,0.0,0.0
5225,substation_5225.png,0.0,0.0,0.0,0.0,0.0,0.0
5228,substation_5228.png,0.0,0.0,0.0,0.0,0.0,0.0
5229,substation_5229.png,2.0,0.0,0.0,1.0,0.0,0.0
5230,substation_5230.png,0.0,0.0,4.0,0.0,0.0,0.0
5231,substation_5231.png,0.0,0.0,0.0,0.0,0.0,0.0
5235,substation_5235.png,0.0,0.0,0.0,0.0,0.0,0.0
5239,substation_5239.png,0.0,4.0,0.0,2.0,0.0,0.0
5236,substation_5236.png,1.0,0.0,0.0,0.0,0.0,0.0
5234,substation_5234.png,3.0,0.0,0.0,0.0,0.0,0.0
5233,substation_5233.png,1.0,0.0,0.0,1.0,0.0,0.0
5240,substation_5240.png,0.0,0.0,0.0,0.0,0.0,0.0
5237,substation_5237.png,2.0,1.0,0.0,1.0,0.0,0.0
5241,substation_5241.png,0.0,0.0,0.0,1.0,0.0,0.0
5232,substation_5232.png,0.0,0.0,0.0,0.0,0.0,0.0
5238,substation_5238.png,1.0,0.0,0.0,2.0,0.0,0.0
5243,substation_5243.png,2.0,0.0,0.0,1.0,0.0,0.0
5244,substation_5244.png,2.0,1.0,0.0,0.0,0.0,0.0
5242,substation_5242.png,0.0,0.0,0.0,0.0,1.0,0.0
5246,substation_5246.png,2.0,0.0,0.0,0.0,0.0,0.0
5249,substation_5249.png,3.0,0.0,1.0,2.0,0.0,0.0
5247,substation_5247.png,1.0,0.0,0.0,0.0,0.0,0.0
5245,substation_5245.png,0.0,0.0,0.0,0.0,0.0,0.0
5253,substation_5253.png,0.0,0.0,1.0,0.0,0.0,0.0
5251,substation_5251.png,1.0,0.0,0.0,0.0,0.0,0.0
5250,substation_5250.png,0.0,0.0,0.0,0.0,0.0,0.0
5254,substation_5254.png,0.0,0.0,0.0,0.0,1.0,0.0
5252,substation_5252.png,0.0,0.0,1.0,0.0,0.0,0.0
5248,substation_5248.png,1.0,0.0,2.0,0.0,0.0,0.0
5259,substation_5259.png,0.0,0.0,0.0,0.0,0.0,0.0
5256,substation_5256.png,4.0,0.0,0.0,1.0,0.0,0.0
5258,substation_5258.png,3.0,0.0,9.0,0.0,0.0,0.0
5260,substation_5260.png,0.0,0.0,0.0,0.0,0.0,0.0
5262,substation_5262.png,0.0,0.0,0.0,0.0,0.0,0.0
5257,substation_5257.png,0.0,0.0,1.0,0.0,0.0,0.0
5261,substation_5261.png,1.0,0.0,0.0,0.0,1.0,0.0
5255,substation_5255.png,0.0,0.0,0.0,0.0,1.0,0.0
5264,substation_5264.png,0.0,0.0,0.0,0.0,0.0,0.0
5266,substation_5266.png,2.0,0.0,0.0,0.0,0.0,0.0
5269,substation_5269.png,0.0,0.0,0.0,0.0,0.0,0.0
5267,substation_5267.png,0.0,0.0,1.0,0.0,0.0,0.0
5268,substation_5268.png,2.0,0.0,1.0,0.0,0.0,0.0
5263,substation_5263.png,0.0,0.0,0.0,0.0,0.0,0.0
5274,substation_5274.png,0.0,0.0,1.0,0.0,0.0,0.0
5272,substation_5272.png,1.0,0.0,0.0,0.0,0.0,0.0
5276,substation_5276.png,0.0,0.0,0.0,0.0,2.0,0.0
5271,substation_5271.png,0.0,0.0,0.0,0.0,0.0,0.0
5270,substation_5270.png,0.0,2.0,2.0,2.0,0.0,0.0
5275,substation_5275.png,3.0,0.0,3.0,0.0,0.0,0.0
5273,substation_5273.png,0.0,0.0,0.0,1.0,0.0,0.0
5280,substation_5280.png,1.0,0.0,5.0,0.0,0.0,0.0
5265,substation_5265.png,2.0,0.0,0.0,0.0,0.0,0.0
5281,substation_5281.png,5.0,0.0,13.0,0.0,0.0,0.0
5279,substation_5279.png,6.0,0.0,0.0,0.0,0.0,0.0
5277,substation_5277.png,0.0,0.0,0.0,0.0,0.0,0.0
5278,substation_5278.png,0.0,0.0,0.0,0.0,0.0,0.0
5282,substation_5282.png,0.0,0.0,0.0,0.0,0.0,0.0
5284,substation_5284.png,0.0,0.0,0.0,0.0,1.0,0.0
5286,substation_5286.png,0.0,0.0,0.0,1.0,0.0,0.0
5285,substation_5285.png,1.0,0.0,0.0,0.0,0.0,0.0
5283,substation_5283.png,0.0,0.0,0.0,0.0,0.0,0.0
5287,substation_5287.png,0.0,3.0,1.0,0.0,0.0,0.0
5290,substation_5290.png,1.0,1.0,2.0,0.0,0.0,0.0
5288,substation_5288.png,2.0,0.0,0.0,2.0,0.0,0.0
5291,substation_5291.png,2.0,0.0,3.0,0.0,0.0,0.0
5289,substation_5289.png,3.0,0.0,1.0,0.0,0.0,0.0
5292,substation_5292.png,1.0,0.0,2.0,0.0,0.0,0.0
5293,substation_5293.png,2.0,0.0,0.0,0.0,0.0,0.0
5295,substation_5295.png,1.0,0.0,0.0,0.0,2.0,0.0
5297,substation_5297.png,3.0,0.0,0.0,0.0,0.0,0.0
5294,substation_5294.png,1.0,0.0,3.0,0.0,0.0,0.0
5296,substation_5296.png,0.0,0.0,0.0,0.0,0.0,0.0
5298,substation_5298.png,1.0,0.0,1.0,0.0,0.0,0.0
5299,substation_5299.png,0.0,0.0,1.0,0.0,0.0,0.0
5301,substation_5301.png,3.0,2.0,1.0,0.0,0.0,0.0
5303,substation_5303.png,0.0,0.0,0.0,0.0,2.0,0.0
5300,substation_5300.png,0.0,0.0,0.0,1.0,0.0,0.0
5302,substation_5302.png,1.0,0.0,0.0,0.0,0.0,0.0
5305,substation_5305.png,1.0,0.0,0.0,0.0,0.0,0.0
5304,substation_5304.png,0.0,3.0,0.0,0.0,0.0,0.0
5306,substation_5306.png,0.0,0.0,0.0,0.0,0.0,0.0
5307,substation_5307.png,2.0,0.0,0.0,0.0,0.0,0.0
5308,substation_5308.png,0.0,0.0,0.0,0.0,0.0,0.0
5311,substation_5311.png,0.0,0.0,1.0,0.0,0.0,0.0
5309,substation_5309.png,1.0,0.0,0.0,0.0,0.0,0.0
5310,substation_5310.png,0.0,0.0,1.0,0.0,0.0,0.0
5312,substation_5312.png,1.0,0.0,1.0,0.0,0.0,0.0
5313,substation_5313.png,0.0,0.0,0.0,0.0,0.0,0.0
5314,substation_5314.png,0.0,0.0,0.0,1.0,0.0,0.0
5317,substation_5317.png,0.0,0.0,0.0,0.0,0.0,0.0
5316,substation_5316.png,0.0,0.0,0.0,0.0,0.0,0.0
5319,substation_5319.png,0.0,0.0,0.0,0.0,1.0,0.0
5315,substation_5315.png,0.0,2.0,1.0,0.0,0.0,0.0
5318,substation_5318.png,0.0,0.0,0.0,0.0,0.0,0.0
5320,substation_5320.png,0.0,0.0,0.0,0.0,0.0,0.0
5321,substation_5321.png,0.0,0.0,0.0,0.0,0.0,0.0
5322,substation_5322.png,0.0,0.0,0.0,0.0,0.0,0.0
5323,substation_5323.png,1.0,0.0,0.0,1.0,0.0,0.0
5325,substation_5325.png,2.0,0.0,0.0,0.0,0.0,0.0
5326,substation_5326.png,0.0,0.0,0.0,0.0,0.0,0.0
5324,substation_5324.png,1.0,0.0,0.0,0.0,0.0,0.0
5328,substation_5328.png,2.0,0.0,0.0,0.0,0.0,0.0
5329,substation_5329.png,0.0,0.0,1.0,0.0,0.0,0.0
5327,substation_5327.png,0.0,0.0,0.0,0.0,0.0,0.0
5331,substation_5331.png,2.0,0.0,0.0,0.0,0.0,0.0
5330,substation_5330.png,0.0,0.0,0.0,0.0,0.0,0.0
5333,substation_5333.png,2.0,0.0,0.0,0.0,0.0,0.0
5335,substation_5335.png,2.0,0.0,0.0,0.0,0.0,0.0
5334,substation_5334.png,0.0,0.0,0.0,2.0,0.0,0.0
5332,substation_5332.png,0.0,0.0,0.0,0.0,0.0,0.0
5336,substation_5336.png,0.0,0.0,0.0,0.0,0.0,0.0
5338,substation_5338.png,2.0,1.0,3.0,1.0,0.0,0.0
5339,substation_5339.png,0.0,0.0,0.0,0.0,1.0,0.0
5337,substation_5337.png,2.0,0.0,0.0,0.0,0.0,0.0
5342,substation_5342.png,0.0,0.0,0.0,0.0,0.0,0.0
5341,substation_5341.png,9.0,0.0,1.0,0.0,0.0,0.0
5340,substation_5340.png,0.0,0.0,0.0,0.0,1.0,0.0
5343,substation_5343.png,1.0,0.0,1.0,0.0,0.0,0.0
5344,substation_5344.png,3.0,0.0,0.0,0.0,1.0,0.0
5348,substation_5348.png,0.0,0.0,0.0,0.0,1.0,0.0
5345,substation_5345.png,0.0,0.0,0.0,0.0,0.0,0.0
5346,substation_5346.png,0.0,0.0,0.0,1.0,0.0,0.0
5347,substation_5347.png,1.0,0.0,0.0,1.0,0.0,0.0
5351,substation_5351.png,1.0,0.0,0.0,0.0,0.0,0.0
5349,substation_5349.png,0.0,0.0,0.0,0.0,1.0,0.0
5353,substation_5353.png,0.0,0.0,0.0,0.0,0.0,0.0
5352,substation_5352.png,0.0,0.0,0.0,0.0,0.0,0.0
5355,substation_5355.png,1.0,0.0,5.0,0.0,0.0,0.0
5350,substation_5350.png,0.0,0.0,0.0,0.0,0.0,0.0
5354,substation_5354.png,2.0,0.0,2.0,0.0,0.0,0.0
5357,substation_5357.png,1.0,0.0,0.0,0.0,0.0,0.0
5356,substation_5356.png,0.0,0.0,0.0,0.0,0.0,0.0
5362,substation_5362.png,0.0,0.0,0.0,0.0,0.0,0.0
5358,substation_5358.png,2.0,0.0,0.0,0.0,0.0,0.0
5359,substation_5359.png,1.0,0.0,1.0,0.0,0.0,0.0
5363,substation_5363.png,6.0,0.0,0.0,0.0,0.0,0.0
5360,substation_5360.png,0.0,0.0,0.0,0.0,0.0,0.0
5361,substation_5361.png,2.0,0.0,0.0,0.0,0.0,0.0
5366,substation_5366.png,1.0,0.0,0.0,0.0,0.0,0.0
5365,substation_5365.png,0.0,0.0,0.0,0.0,0.0,0.0
5367,substation_5367.png,0.0,0.0,0.0,0.0,0.0,0.0
5364,substation_5364.png,3.0,0.0,0.0,0.0,0.0,0.0
5368,substation_5368.png,1.0,0.0,2.0,0.0,0.0,0.0
5369,substation_5369.png,5.0,0.0,0.0,0.0,0.0,0.0
5371,substation_5371.png,0.0,2.0,0.0,0.0,0.0,0.0
5370,substation_5370.png,1.0,0.0,0.0,0.0,0.0,0.0
5373,substation_5373.png,0.0,0.0,0.0,0.0,0.0,0.0
5375,substation_5375.png,6.0,6.0,7.0,0.0,0.0,0.0
5374,substation_5374.png,1.0,0.0,0.0,1.0,0.0,0.0
5377,substation_5377.png,2.0,0.0,0.0,0.0,0.0,0.0
5376,substation_5376.png,0.0,1.0,1.0,0.0,0.0,0.0
5372,substation_5372.png,3.0,0.0,2.0,0.0,0.0,0.0
5378,substation_5378.png,0.0,0.0,0.0,0.0,0.0,0.0
5379,substation_5379.png,0.0,0.0,0.0,3.0,0.0,0.0
5380,substation_5380.png,0.0,0.0,0.0,0.0,0.0,0.0
5387,substation_5387.png,0.0,0.0,0.0,0.0,0.0,0.0
5384,substation_5384.png,1.0,0.0,3.0,0.0,0.0,0.0
5383,substation_5383.png,1.0,0.0,0.0,1.0,0.0,0.0
5385,substation_5385.png,1.0,0.0,8.0,0.0,0.0,0.0
5382,substation_5382.png,0.0,0.0,0.0,0.0,0.0,0.0
5381,substation_5381.png,0.0,0.0,0.0,0.0,0.0,0.0
5388,substation_5388.png,2.0,0.0,0.0,0.0,0.0,0.0
5390,substation_5390.png,1.0,0.0,0.0,0.0,0.0,0.0
5389,substation_5389.png,1.0,0.0,0.0,0.0,0.0,0.0
5391,substation_5391.png,0.0,0.0,0.0,0.0,0.0,0.0
5392,substation_5392.png,2.0,0.0,0.0,0.0,0.0,0.0
5386,substation_5386.png,2.0,0.0,0.0,0.0,0.0,0.0
5394,substation_5394.png,0.0,0.0,0.0,0.0,0.0,0.0
5395,substation_5395.png,0.0,0.0,0.0,0.0,0.0,0.0
5399,substation_5399.png,0.0,0.0,0.0,0.0,0.0,0.0
5397,substation_5397.png,0.0,0.0,0.0,0.0,0.0,0.0
5402,substation_5402.png,0.0,0.0,0.0,1.0,0.0,0.0
5401,substation_5401.png,0.0,0.0,1.0,0.0,0.0,0.0
5393,substation_5393.png,0.0,0.0,0.0,0.0,0.0,0.0
5400,substation_5400.png,0.0,0.0,0.0,1.0,0.0,0.0
5403,substation_5403.png,1.0,0.0,0.0,0.0,0.0,0.0
5398,substation_5398.png,2.0,0.0,0.0,0.0,0.0,0.0
5396,substation_5396.png,1.0,0.0,0.0,0.0,0.0,0.0
5405,substation_5405.png,0.0,0.0,0.0,0.0,0.0,0.0
5404,substation_5404.png,1.0,0.0,0.0,0.0,0.0,0.0
5406,substation_5406.png,0.0,1.0,6.0,0.0,0.0,0.0
5407,substation_5407.png,0.0,0.0,0.0,0.0,0.0,0.0
5412,substation_5412.png,1.0,0.0,0.0,0.0,0.0,0.0
5410,substation_5410.png,0.0,0.0,8.0,0.0,0.0,0.0
5413,substation_5413.png,0.0,0.0,1.0,0.0,0.0,0.0
5408,substation_5408.png,7.0,0.0,0.0,0.0,0.0,0.0
5411,substation_5411.png,0.0,0.0,1.0,0.0,0.0,0.0
5409,substation_5409.png,0.0,0.0,1.0,1.0,0.0,0.0
5414,substation_5414.png,0.0,0.0,4.0,0.0,0.0,0.0
5416,substation_5416.png,0.0,0.0,0.0,0.0,0.0,0.0
5415,substation_5415.png,4.0,2.0,0.0,0.0,0.0,0.0
5418,substation_5418.png,1.0,0.0,2.0,0.0,0.0,0.0
5419,substation_5419.png,0.0,0.0,0.0,0.0,0.0,0.0
5421,substation_5421.png,0.0,2.0,0.0,0.0,0.0,0.0
5417,substation_5417.png,0.0,0.0,0.0,0.0,0.0,0.0
5420,substation_5420.png,2.0,4.0,0.0,0.0,0.0,0.0
5425,substation_5425.png,3.0,0.0,0.0,1.0,0.0,0.0
5422,substation_5422.png,0.0,0.0,2.0,0.0,0.0,0.0
5423,substation_5423.png,7.0,0.0,0.0,0.0,0.0,0.0
5424,substation_5424.png,2.0,0.0,0.0,0.0,0.0,0.0
5426,substation_5426.png,4.0,0.0,0.0,0.0,0.0,0.0
5429,substation_5429.png,2.0,0.0,0.0,0.0,0.0,0.0
5428,substation_5428.png,0.0,0.0,4.0,0.0,0.0,0.0
5427,substation_5427.png,3.0,0.0,4.0,0.0,0.0,0.0
5430,substation_5430.png,0.0,0.0,5.0,1.0,0.0,0.0
5431,substation_5431.png,0.0,0.0,0.0,0.0,0.0,0.0
5432,substation_5432.png,0.0,0.0,0.0,0.0,0.0,0.0
5433,substation_5433.png,0.0,0.0,0.0,0.0,0.0,0.0
5434,substation_5434.png,0.0,0.0,2.0,0.0,0.0,0.0
5437,substation_5437.png,6.0,0.0,0.0,0.0,0.0,0.0
5440,substation_5440.png,0.0,0.0,0.0,0.0,0.0,0.0
5436,substation_5436.png,2.0,0.0,0.0,1.0,0.0,0.0
5435,substation_5435.png,1.0,0.0,0.0,0.0,1.0,0.0
5439,substation_5439.png,2.0,0.0,0.0,0.0,0.0,0.0
5438,substation_5438.png,0.0,0.0,2.0,0.0,0.0,0.0
5441,substation_5441.png,1.0,0.0,0.0,0.0,0.0,0.0
5443,substation_5443.png,0.0,0.0,0.0,0.0,1.0,0.0
5446,substation_5446.png,2.0,0.0,0.0,0.0,0.0,0.0
5442,substation_5442.png,2.0,0.0,0.0,0.0,0.0,0.0
5445,substation_5445.png,1.0,0.0,0.0,1.0,0.0,0.0
5447,substation_5447.png,1.0,0.0,1.0,0.0,0.0,0.0
5452,substation_5452.png,0.0,0.0,0.0,0.0,0.0,0.0
5448,substation_5448.png,2.0,0.0,0.0,0.0,0.0,0.0
5444,substation_5444.png,1.0,0.0,0.0,0.0,0.0,0.0
5450,substation_5450.png,1.0,0.0,4.0,0.0,0.0,0.0
5453,substation_5453.png,0.0,0.0,0.0,3.0,0.0,0.0
5451,substation_5451.png,0.0,0.0,1.0,0.0,0.0,0.0
5455,substation_5455.png,2.0,0.0,4.0,0.0,0.0,0.0
5449,substation_5449.png,2.0,0.0,1.0,0.0,0.0,0.0
5456,substation_5456.png,1.0,0.0,0.0,2.0,0.0,0.0
5457,substation_5457.png,1.0,0.0,1.0,0.0,0.0,0.0
5454,substation_5454.png,0.0,3.0,14.0,0.0,0.0,0.0
5458,substation_5458.png,1.0,0.0,0.0,0.0,0.0,0.0
5462,substation_5462.png,1.0,0.0,0.0,0.0,1.0,0.0
5459,substation_5459.png,2.0,2.0,1.0,2.0,0.0,0.0
5461,substation_5461.png,0.0,0.0,9.0,2.0,0.0,0.0
5464,substation_5464.png,5.0,0.0,0.0,0.0,0.0,0.0
5460,substation_5460.png,2.0,3.0,0.0,0.0,0.0,0.0
5468,substation_5468.png,1.0,0.0,0.0,0.0,0.0,0.0
5465,substation_5465.png,2.0,0.0,3.0,0.0,0.0,0.0
5463,substation_5463.png,3.0,0.0,0.0,1.0,0.0,0.0
5467,substation_5467.png,2.0,0.0,1.0,0.0,0.0,0.0
5469,substation_5469.png,3.0,0.0,1.0,0.0,0.0,0.0
5471,substation_5471.png,3.0,0.0,1.0,0.0,0.0,0.0
5466,substation_5466.png,5.0,0.0,11.0,0.0,1.0,0.0
5470,substation_5470.png,4.0,1.0,0.0,0.0,0.0,0.0
5472,substation_5472.png,3.0,1.0,3.0,0.0,0.0,0.0
5473,substation_5473.png,0.0,0.0,0.0,0.0,0.0,0.0
5475,substation_5475.png,0.0,0.0,0.0,0.0,0.0,0.0
5476,substation_5476.png,1.0,0.0,0.0,0.0,0.0,0.0
5474,substation_5474.png,0.0,6.0,0.0,1.0,0.0,0.0
5479,substation_5479.png,1.0,1.0,0.0,0.0,0.0,0.0
5480,substation_5480.png,2.0,0.0,6.0,0.0,0.0,0.0
5478,substation_5478.png,0.0,0.0,0.0,0.0,1.0,0.0
5477,substation_5477.png,0.0,0.0,0.0,1.0,0.0,0.0
5484,substation_5484.png,0.0,0.0,0.0,2.0,0.0,0.0
5481,substation_5481.png,0.0,0.0,0.0,0.0,0.0,0.0
5482,substation_5482.png,0.0,0.0,0.0,0.0,0.0,0.0
5483,substation_5483.png,0.0,0.0,0.0,0.0,1.0,0.0
5485,substation_5485.png,2.0,0.0,0.0,0.0,0.0,0.0
5487,substation_5487.png,0.0,0.0,0.0,0.0,0.0,0.0
5490,substation_5490.png,0.0,0.0,0.0,1.0,0.0,0.0
5488,substation_5488.png,0.0,0.0,0.0,0.0,0.0,0.0
5486,substation_5486.png,0.0,0.0,0.0,0.0,0.0,0.0
5489,substation_5489.png,1.0,0.0,7.0,0.0,0.0,0.0
5491,substation_5491.png,0.0,0.0,0.0,0.0,0.0,0.0
5492,substation_5492.png,1.0,0.0,0.0,1.0,0.0,0.0
5493,substation_5493.png,1.0,0.0,0.0,0.0,0.0,0.0
5496,substation_5496.png,0.0,0.0,0.0,0.0,1.0,0.0
5494,substation_5494.png,0.0,0.0,0.0,0.0,0.0,0.0
5495,substation_5495.png,0.0,0.0,1.0,0.0,0.0,0.0
5498,substation_5498.png,1.0,0.0,1.0,0.0,0.0,0.0
5497,substation_5497.png,1.0,0.0,0.0,0.0,0.0,0.0
5500,substation_5500.png,0.0,0.0,0.0,0.0,0.0,0.0
5504,substation_5504.png,0.0,0.0,0.0,0.0,1.0,0.0
5499,substation_5499.png,0.0,1.0,1.0,1.0,0.0,0.0
5503,substation_5503.png,0.0,0.0,0.0,0.0,1.0,0.0
5502,substation_5502.png,0.0,0.0,0.0,0.0,0.0,0.0
5505,substation_5505.png,0.0,0.0,0.0,0.0,0.0,0.0
5507,substation_5507.png,0.0,0.0,0.0,0.0,0.0,0.0
5501,substation_5501.png,1.0,0.0,0.0,0.0,1.0,0.0
5510,substation_5510.png,2.0,0.0,4.0,0.0,0.0,0.0
5509,substation_5509.png,3.0,0.0,0.0,0.0,0.0,0.0
5506,substation_5506.png,1.0,2.0,0.0,0.0,0.0,0.0
5512,substation_5512.png,1.0,0.0,0.0,0.0,0.0,0.0
5508,substation_5508.png,0.0,0.0,4.0,0.0,0.0,0.0
5511,substation_5511.png,0.0,0.0,1.0,0.0,0.0,0.0
5514,substation_5514.png,3.0,0.0,0.0,1.0,0.0,0.0
5515,substation_5515.png,0.0,0.0,0.0,0.0,0.0,0.0
5516,substation_5516.png,1.0,1.0,0.0,0.0,1.0,0.0
5513,substation_5513.png,1.0,0.0,5.0,0.0,0.0,0.0
5520,substation_5520.png,3.0,0.0,0.0,1.0,0.0,0.0
5517,substation_5517.png,0.0,0.0,2.0,0.0,0.0,0.0
5519,substation_5519.png,0.0,0.0,0.0,0.0,0.0,0.0
5518,substation_5518.png,0.0,0.0,4.0,0.0,0.0,0.0
5521,substation_5521.png,1.0,0.0,1.0,0.0,0.0,0.0
5522,substation_5522.png,2.0,0.0,0.0,0.0,0.0,0.0
5523,substation_5523.png,2.0,0.0,0.0,0.0,0.0,0.0
5524,substation_5524.png,1.0,0.0,0.0,0.0,0.0,0.0
5530,substation_5530.png,2.0,0.0,11.0,0.0,0.0,0.0
5529,substation_5529.png,2.0,0.0,0.0,0.0,0.0,0.0
5531,substation_5531.png,0.0,0.0,0.0,0.0,0.0,0.0
5527,substation_5527.png,2.0,0.0,0.0,0.0,0.0,0.0
5525,substation_5525.png,0.0,0.0,0.0,0.0,0.0,0.0
5534,substation_5534.png,3.0,0.0,0.0,5.0,1.0,0.0
5526,substation_5526.png,0.0,0.0,0.0,0.0,0.0,0.0
5528,substation_5528.png,0.0,0.0,4.0,0.0,0.0,0.0
5532,substation_5532.png,0.0,0.0,11.0,0.0,0.0,0.0
5535,substation_5535.png,2.0,0.0,0.0,1.0,0.0,0.0
5533,substation_5533.png,3.0,2.0,3.0,0.0,0.0,0.0
5544,substation_5544.png,0.0,0.0,2.0,0.0,1.0,0.0
5536,substation_5536.png,0.0,0.0,3.0,0.0,0.0,0.0
5539,substation_5539.png,0.0,0.0,0.0,0.0,0.0,0.0
5538,substation_5538.png,2.0,0.0,1.0,0.0,0.0,0.0
5542,substation_5542.png,0.0,0.0,0.0,0.0,0.0,0.0
5541,substation_5541.png,1.0,0.0,0.0,0.0,0.0,0.0
5537,substation_5537.png,0.0,0.0,0.0,0.0,0.0,0.0
5543,substation_5543.png,0.0,0.0,1.0,0.0,1.0,0.0
5540,substation_5540.png,1.0,0.0,0.0,0.0,0.0,0.0
5545,substation_5545.png,1.0,0.0,1.0,0.0,0.0,0.0
5546,substation_5546.png,9.0,0.0,2.0,0.0,0.0,0.0
5548,substation_5548.png,0.0,0.0,0.0,0.0,0.0,0.0
5551,substation_5551.png,0.0,1.0,0.0,0.0,0.0,0.0
5549,substation_5549.png,1.0,0.0,0.0,0.0,0.0,0.0
5552,substation_5552.png,3.0,0.0,0.0,0.0,0.0,0.0
5550,substation_5550.png,2.0,0.0,16.0,0.0,0.0,0.0
5547,substation_5547.png,0.0,0.0,2.0,0.0,0.0,0.0
5555,substation_5555.png,0.0,0.0,0.0,0.0,0.0,0.0
5554,substation_5554.png,0.0,0.0,0.0,0.0,0.0,0.0
5553,substation_5553.png,1.0,1.0,0.0,0.0,0.0,0.0
5556,substation_5556.png,0.0,0.0,0.0,0.0,0.0,0.0
5557,substation_5557.png,0.0,0.0,0.0,0.0,0.0,0.0
5558,substation_5558.png,2.0,0.0,0.0,0.0,0.0,0.0
5559,substation_5559.png,0.0,0.0,2.0,0.0,0.0,0.0
5561,substation_5561.png,1.0,0.0,0.0,0.0,0.0,0.0
5562,substation_5562.png,0.0,2.0,6.0,0.0,0.0,0.0
5560,substation_5560.png,0.0,0.0,0.0,0.0,0.0,0.0
5569,substation_5569.png,0.0,0.0,1.0,0.0,0.0,0.0
5568,substation_5568.png,0.0,0.0,3.0,0.0,0.0,0.0
5563,substation_5563.png,0.0,0.0,0.0,0.0,0.0,0.0
5565,substation_5565.png,1.0,0.0,12.0,0.0,0.0,0.0
5566,substation_5566.png,0.0,0.0,0.0,0.0,0.0,0.0
5573,substation_5573.png,0.0,0.0,0.0,0.0,0.0,0.0
5567,substation_5567.png,0.0,0.0,0.0,0.0,0.0,0.0
5571,substation_5571.png,2.0,0.0,0.0,0.0,0.0,0.0
5572,substation_5572.png,0.0,0.0,0.0,0.0,0.0,0.0
5564,substation_5564.png,0.0,0.0,0.0,0.0,0.0,0.0
5570,substation_5570.png,0.0,0.0,6.0,0.0,0.0,0.0
5574,substation_5574.png,0.0,0.0,0.0,0.0,2.0,0.0
5575,substation_5575.png,0.0,0.0,0.0,0.0,0.0,0.0
5576,substation_5576.png,0.0,0.0,0.0,0.0,0.0,0.0
5580,substation_5580.png,1.0,0.0,0.0,0.0,0.0,0.0
5578,substation_5578.png,1.0,0.0,0.0,0.0,0.0,0.0
5577,substation_5577.png,0.0,0.0,0.0,0.0,0.0,0.0
5584,substation_5584.png,0.0,0.0,0.0,0.0,0.0,0.0
5579,substation_5579.png,0.0,0.0,0.0,1.0,0.0,0.0
5583,substation_5583.png,2.0,0.0,0.0,0.0,0.0,0.0
5582,substation_5582.png,0.0,1.0,0.0,0.0,0.0,0.0
5585,substation_5585.png,1.0,0.0,0.0,0.0,0.0,0.0
5581,substation_5581.png,0.0,1.0,0.0,2.0,0.0,0.0
5586,substation_5586.png,2.0,0.0,0.0,0.0,0.0,0.0
5587,substation_5587.png,1.0,0.0,0.0,0.0,0.0,0.0
5588,substation_5588.png,1.0,0.0,2.0,0.0,0.0,0.0
5591,substation_5591.png,1.0,2.0,0.0,0.0,0.0,0.0
5590,substation_5590.png,3.0,0.0,0.0,0.0,0.0,0.0
5592,substation_5592.png,0.0,0.0,0.0,0.0,0.0,0.0
5593,substation_5593.png,1.0,2.0,5.0,0.0,1.0,0.0
5589,substation_5589.png,0.0,0.0,0.0,0.0,0.0,0.0
5596,substation_5596.png,0.0,0.0,0.0,0.0,0.0,0.0
5595,substation_5595.png,0.0,0.0,3.0,0.0,0.0,0.0
5594,substation_5594.png,0.0,0.0,0.0,0.0,0.0,0.0
5597,substation_5597.png,0.0,0.0,0.0,0.0,1.0,0.0
5598,substation_5598.png,0.0,6.0,0.0,1.0,0.0,0.0
5599,substation_5599.png,0.0,0.0,0.0,3.0,0.0,0.0
5600,substation_5600.png,0.0,0.0,0.0,0.0,0.0,0.0
5604,substation_5604.png,0.0,0.0,0.0,0.0,0.0,0.0
5603,substation_5603.png,1.0,0.0,0.0,0.0,1.0,0.0
5602,substation_5602.png,0.0,0.0,0.0,1.0,0.0,0.0
5605,substation_5605.png,0.0,0.0,0.0,0.0,0.0,0.0
5601,substation_5601.png,2.0,0.0,0.0,0.0,0.0,0.0
5606,substation_5606.png,0.0,0.0,0.0,0.0,0.0,0.0
5607,substation_5607.png,0.0,0.0,1.0,0.0,0.0,0.0
5608,substation_5608.png,0.0,0.0,0.0,1.0,0.0,0.0
5616,substation_5616.png,0.0,0.0,4.0,0.0,0.0,0.0
5609,substation_5609.png,0.0,0.0,0.0,0.0,0.0,0.0
5613,substation_5613.png,0.0,0.0,0.0,0.0,0.0,0.0
5615,substation_5615.png,2.0,0.0,1.0,0.0,0.0,0.0
5617,substation_5617.png,3.0,0.0,6.0,0.0,0.0,0.0
5611,substation_5611.png,0.0,0.0,0.0,0.0,0.0,0.0
5610,substation_5610.png,0.0,0.0,0.0,0.0,0.0,0.0
5612,substation_5612.png,0.0,0.0,0.0,0.0,0.0,0.0
5614,substation_5614.png,0.0,0.0,1.0,0.0,0.0,0.0
5618,substation_5618.png,1.0,0.0,4.0,0.0,0.0,0.0
5620,substation_5620.png,0.0,0.0,0.0,0.0,0.0,0.0
5619,substation_5619.png,0.0,0.0,5.0,0.0,0.0,0.0
5622,substation_5622.png,1.0,0.0,0.0,1.0,0.0,0.0
5623,substation_5623.png,0.0,0.0,0.0,0.0,0.0,0.0
5621,substation_5621.png,1.0,0.0,0.0,0.0,1.0,0.0
5624,substation_5624.png,0.0,0.0,0.0,0.0,1.0,0.0
5628,substation_5628.png,1.0,5.0,2.0,1.0,0.0,0.0
5629,substation_5629.png,2.0,0.0,5.0,0.0,0.0,0.0
5626,substation_5626.png,0.0,0.0,0.0,0.0,0.0,0.0
5625,substation_5625.png,2.0,0.0,0.0,3.0,0.0,0.0
5627,substation_5627.png,0.0,0.0,0.0,0.0,0.0,0.0
5630,substation_5630.png,1.0,1.0,0.0,1.0,0.0,0.0
5631,substation_5631.png,1.0,0.0,2.0,0.0,0.0,0.0
5632,substation_5632.png,0.0,0.0,0.0,0.0,0.0,0.0
5640,substation_5640.png,0.0,0.0,0.0,0.0,1.0,0.0
5637,substation_5637.png,0.0,0.0,0.0,0.0,0.0,0.0
5638,substation_5638.png,0.0,0.0,0.0,0.0,0.0,0.0
5634,substation_5634.png,1.0,0.0,3.0,0.0,0.0,0.0
5635,substation_5635.png,3.0,0.0,1.0,0.0,0.0,0.0
5633,substation_5633.png,1.0,0.0,0.0,0.0,0.0,0.0
5636,substation_5636.png,2.0,0.0,0.0,0.0,0.0,0.0
5641,substation_5641.png,0.0,0.0,1.0,0.0,0.0,0.0
5642,substation_5642.png,0.0,0.0,0.0,0.0,0.0,0.0
5639,substation_5639.png,0.0,0.0,0.0,0.0,0.0,0.0
5643,substation_5643.png,4.0,0.0,0.0,0.0,0.0,0.0
5649,substation_5649.png,0.0,0.0,0.0,0.0,0.0,0.0
5646,substation_5646.png,3.0,0.0,1.0,0.0,0.0,0.0
5644,substation_5644.png,1.0,0.0,0.0,0.0,0.0,0.0
5647,substation_5647.png,3.0,0.0,0.0,0.0,0.0,0.0
5652,substation_5652.png,0.0,1.0,3.0,0.0,0.0,0.0
5645,substation_5645.png,3.0,0.0,0.0,0.0,0.0,0.0
5650,substation_5650.png,1.0,0.0,0.0,0.0,0.0,0.0
5648,substation_5648.png,0.0,0.0,0.0,0.0,0.0,0.0
5653,substation_5653.png,1.0,0.0,0.0,0.0,0.0,0.0
5654,substation_5654.png,1.0,0.0,0.0,0.0,0.0,0.0
5651,substation_5651.png,1.0,0.0,0.0,0.0,0.0,0.0
5656,substation_5656.png,0.0,0.0,0.0,0.0,0.0,0.0
5659,substation_5659.png,1.0,0.0,1.0,0.0,0.0,0.0
5662,substation_5662.png,2.0,0.0,8.0,0.0,0.0,0.0
5657,substation_5657.png,3.0,0.0,4.0,0.0,0.0,0.0
5658,substation_5658.png,2.0,0.0,3.0,0.0,0.0,0.0
5661,substation_5661.png,0.0,0.0,11.0,0.0,0.0,0.0
5655,substation_5655.png,0.0,0.0,0.0,3.0,0.0,0.0
5663,substation_5663.png,2.0,0.0,0.0,0.0,0.0,0.0
5660,substation_5660.png,0.0,0.0,2.0,0.0,0.0,0.0
5664,substation_5664.png,0.0,0.0,0.0,0.0,0.0,0.0
5667,substation_5667.png,1.0,0.0,0.0,0.0,1.0,0.0
5665,substation_5665.png,2.0,0.0,0.0,0.0,0.0,0.0
5671,substation_5671.png,0.0,0.0,0.0,0.0,0.0,0.0
5666,substation_5666.png,1.0,0.0,1.0,0.0,1.0,0.0
5672,substation_5672.png,1.0,0.0,0.0,0.0,0.0,0.0
5669,substation_5669.png,1.0,3.0,1.0,0.0,0.0,0.0
5668,substation_5668.png,0.0,0.0,0.0,0.0,0.0,0.0
5676,substation_5676.png,1.0,0.0,0.0,0.0,0.0,0.0
5674,substation_5674.png,3.0,1.0,0.0,2.0,0.0,0.0
5670,substation_5670.png,0.0,0.0,0.0,0.0,1.0,0.0
5673,substation_5673.png,3.0,0.0,3.0,0.0,0.0,0.0
5675,substation_5675.png,0.0,0.0,0.0,0.0,1.0,0.0
5679,substation_5679.png,0.0,0.0,0.0,0.0,0.0,0.0
5684,substation_5684.png,3.0,0.0,0.0,0.0,0.0,0.0
5680,substation_5680.png,4.0,0.0,2.0,0.0,0.0,0.0
5677,substation_5677.png,0.0,0.0,0.0,0.0,0.0,0.0
5678,substation_5678.png,0.0,0.0,0.0,0.0,0.0,0.0
5683,substation_5683.png,0.0,0.0,0.0,0.0,1.0,0.0
5681,substation_5681.png,0.0,0.0,0.0,1.0,0.0,0.0
5686,substation_5686.png,0.0,0.0,0.0,0.0,0.0,0.0
5685,substation_5685.png,0.0,0.0,0.0,0.0,0.0,0.0
5682,substation_5682.png,1.0,0.0,0.0,0.0,0.0,0.0
5687,substation_5687.png,0.0,0.0,0.0,0.0,0.0,0.0
5689,substation_5689.png,0.0,0.0,1.0,1.0,0.0,0.0
5688,substation_5688.png,1.0,0.0,8.0,0.0,0.0,0.0
5692,substation_5692.png,3.0,0.0,1.0,0.0,2.0,0.0
5690,substation_5690.png,1.0,0.0,0.0,0.0,0.0,0.0
5694,substation_5694.png,0.0,0.0,1.0,0.0,0.0,0.0
5693,substation_5693.png,0.0,0.0,4.0,0.0,0.0,0.0
5691,substation_5691.png,2.0,0.0,0.0,0.0,0.0,0.0
5695,substation_5695.png,0.0,0.0,1.0,0.0,0.0,0.0
5696,substation_5696.png,1.0,0.0,0.0,0.0,0.0,0.0
5698,substation_5698.png,0.0,0.0,0.0,0.0,0.0,0.0
5697,substation_5697.png,0.0,2.0,0.0,1.0,0.0,0.0
5700,substation_5700.png,5.0,0.0,10.0,0.0,0.0,0.0
5699,substation_5699.png,1.0,0.0,0.0,0.0,0.0,0.0
5701,substation_5701.png,1.0,0.0,4.0,0.0,0.0,0.0
5704,substation_5704.png,1.0,0.0,1.0,0.0,0.0,0.0
5702,substation_5702.png,4.0,0.0,0.0,0.0,0.0,0.0
5705,substation_5705.png,0.0,0.0,0.0,0.0,0.0,0.0
5706,substation_5706.png,1.0,0.0,3.0,0.0,0.0,0.0
5707,substation_5707.png,0.0,0.0,0.0,0.0,0.0,0.0
5703,substation_5703.png,0.0,0.0,0.0,0.0,0.0,0.0
5708,substation_5708.png,0.0,0.0,0.0,0.0,0.0,0.0
5709,substation_5709.png,3.0,0.0,0.0,0.0,0.0,0.0
5715,substation_5715.png,3.0,0.0,0.0,0.0,0.0,0.0
5711,substation_5711.png,0.0,0.0,0.0,1.0,0.0,0.0
5710,substation_5710.png,0.0,0.0,0.0,0.0,0.0,0.0
5714,substation_5714.png,1.0,0.0,1.0,3.0,0.0,0.0
5712,substation_5712.png,0.0,0.0,0.0,0.0,0.0,0.0
5713,substation_5713.png,1.0,0.0,0.0,0.0,1.0,0.0
5716,substation_5716.png,1.0,0.0,0.0,0.0,0.0,0.0
5718,substation_5718.png,0.0,0.0,0.0,0.0,0.0,0.0
5720,substation_5720.png,1.0,0.0,0.0,0.0,0.0,0.0
5719,substation_5719.png,0.0,0.0,0.0,0.0,0.0,0.0
5725,substation_5725.png,0.0,0.0,0.0,1.0,0.0,0.0
5722,substation_5722.png,0.0,0.0,0.0,0.0,1.0,0.0
5724,substation_5724.png,2.0,0.0,3.0,0.0,0.0,0.0
5721,substation_5721.png,0.0,1.0,0.0,0.0,0.0,0.0
5717,substation_5717.png,0.0,0.0,0.0,0.0,0.0,0.0
5726,substation_5726.png,0.0,0.0,0.0,0.0,1.0,0.0
5723,substation_5723.png,0.0,0.0,0.0,0.0,1.0,0.0
5727,substation_5727.png,0.0,0.0,0.0,0.0,1.0,0.0
5728,substation_5728.png,1.0,1.0,1.0,0.0,0.0,0.0
5729,substation_5729.png,0.0,0.0,1.0,0.0,0.0,0.0
5731,substation_5731.png,0.0,0.0,0.0,0.0,0.0,0.0
5730,substation_5730.png,1.0,3.0,5.0,0.0,0.0,0.0
5737,substation_5737.png,1.0,0.0,0.0,0.0,0.0,0.0
5733,substation_5733.png,2.0,0.0,0.0,0.0,0.0,0.0
5732,substation_5732.png,0.0,0.0,4.0,0.0,0.0,0.0
5736,substation_5736.png,2.0,0.0,0.0,0.0,0.0,0.0
5738,substation_5738.png,2.0,0.0,4.0,0.0,0.0,0.0
5735,substation_5735.png,0.0,0.0,0.0,0.0,0.0,0.0
5739,substation_5739.png,2.0,0.0,2.0,0.0,0.0,0.0
5734,substation_5734.png,2.0,0.0,0.0,0.0,0.0,0.0
5740,substation_5740.png,1.0,1.0,0.0,0.0,0.0,0.0
5742,substation_5742.png,1.0,0.0,1.0,0.0,0.0,0.0
5743,substation_5743.png,0.0,0.0,0.0,0.0,0.0,0.0
5741,substation_5741.png,1.0,0.0,0.0,0.0,0.0,0.0
5744,substation_5744.png,1.0,0.0,0.0,0.0,0.0,0.0
5746,substation_5746.png,0.0,0.0,0.0,0.0,0.0,0.0
5747,substation_5747.png,0.0,0.0,0.0,0.0,0.0,0.0
5750,substation_5750.png,1.0,1.0,3.0,0.0,0.0,0.0
5745,substation_5745.png,1.0,0.0,1.0,0.0,0.0,0.0
5748,substation_5748.png,0.0,0.0,14.0,0.0,0.0,0.0
5749,substation_5749.png,1.0,0.0,0.0,1.0,0.0,0.0
5751,substation_5751.png,0.0,0.0,22.0,0.0,0.0,0.0
5753,substation_5753.png,1.0,0.0,0.0,1.0,0.0,0.0
5752,substation_5752.png,1.0,0.0,0.0,0.0,0.0,0.0
5755,substation_5755.png,2.0,0.0,0.0,0.0,0.0,0.0
5756,substation_5756.png,0.0,1.0,0.0,0.0,0.0,0.0
5759,substation_5759.png,0.0,0.0,0.0,0.0,0.0,0.0
5754,substation_5754.png,3.0,0.0,0.0,0.0,0.0,0.0
5762,substation_5762.png,0.0,0.0,0.0,0.0,0.0,0.0
5760,substation_5760.png,0.0,0.0,1.0,0.0,0.0,0.0
5758,substation_5758.png,0.0,0.0,2.0,1.0,0.0,0.0
5757,substation_5757.png,1.0,0.0,0.0,2.0,0.0,0.0
5761,substation_5761.png,0.0,0.0,0.0,0.0,0.0,0.0
5765,substation_5765.png,1.0,2.0,4.0,0.0,0.0,0.0
5763,substation_5763.png,0.0,0.0,0.0,0.0,0.0,0.0
5764,substation_5764.png,0.0,0.0,0.0,0.0,0.0,0.0
5766,substation_5766.png,4.0,0.0,0.0,0.0,0.0,0.0
5767,substation_5767.png,5.0,0.0,2.0,0.0,0.0,0.0
5773,substation_5773.png,0.0,3.0,2.0,0.0,0.0,0.0
5769,substation_5769.png,0.0,0.0,0.0,0.0,0.0,0.0
5771,substation_5771.png,0.0,0.0,0.0,0.0,0.0,0.0
5768,substation_5768.png,0.0,0.0,0.0,0.0,0.0,0.0
5776,substation_5776.png,0.0,0.0,0.0,0.0,0.0,0.0
5772,substation_5772.png,0.0,0.0,4.0,0.0,0.0,0.0
5770,substation_5770.png,0.0,0.0,0.0,0.0,0.0,0.0
5774,substation_5774.png,1.0,0.0,0.0,0.0,0.0,0.0
5775,substation_5775.png,1.0,0.0,7.0,3.0,0.0,0.0
5781,substation_5781.png,1.0,2.0,20.0,6.0,0.0,0.0
5778,substation_5778.png,0.0,0.0,0.0,1.0,0.0,0.0
5779,substation_5779.png,0.0,0.0,0.0,0.0,0.0,0.0
5782,substation_5782.png,0.0,0.0,3.0,0.0,0.0,0.0
5777,substation_5777.png,2.0,0.0,0.0,0.0,0.0,0.0
5784,substation_5784.png,0.0,0.0,0.0,0.0,0.0,0.0
5785,substation_5785.png,0.0,0.0,0.0,0.0,1.0,0.0
5783,substation_5783.png,0.0,0.0,0.0,0.0,0.0,0.0
5780,substation_5780.png,0.0,0.0,0.0,1.0,1.0,0.0
5786,substation_5786.png,1.0,1.0,0.0,0.0,0.0,0.0
5789,substation_5789.png,1.0,0.0,0.0,0.0,0.0,0.0
5792,substation_5792.png,3.0,0.0,0.0,0.0,0.0,0.0
5787,substation_5787.png,6.0,0.0,2.0,0.0,0.0,0.0
5788,substation_5788.png,4.0,0.0,5.0,0.0,0.0,0.0
5793,substation_5793.png,1.0,0.0,0.0,4.0,0.0,0.0
5790,substation_5790.png,1.0,0.0,0.0,0.0,0.0,0.0
5791,substation_5791.png,0.0,0.0,0.0,0.0,0.0,0.0
5798,substation_5798.png,0.0,0.0,0.0,0.0,0.0,0.0
5796,substation_5796.png,0.0,0.0,0.0,0.0,0.0,0.0
5795,substation_5795.png,0.0,0.0,0.0,1.0,0.0,0.0
5797,substation_5797.png,0.0,0.0,0.0,0.0,1.0,0.0
5794,substation_5794.png,0.0,0.0,0.0,0.0,0.0,0.0
5800,substation_5800.png,0.0,0.0,0.0,0.0,0.0,0.0
5804,substation_5804.png,3.0,0.0,4.0,0.0,0.0,0.0
5799,substation_5799.png,0.0,0.0,0.0,0.0,1.0,0.0
5802,substation_5802.png,0.0,0.0,0.0,0.0,0.0,0.0
5801,substation_5801.png,0.0,0.0,0.0,0.0,0.0,0.0
5803,substation_5803.png,1.0,0.0,1.0,0.0,0.0,0.0
5805,substation_5805.png,0.0,1.0,4.0,0.0,0.0,0.0
5806,substation_5806.png,0.0,0.0,0.0,0.0,0.0,0.0
5808,substation_5808.png,2.0,0.0,1.0,0.0,0.0,0.0
5807,substation_5807.png,0.0,0.0,0.0,0.0,0.0,0.0
5810,substation_5810.png,0.0,0.0,2.0,0.0,0.0,0.0
5811,substation_5811.png,0.0,0.0,0.0,0.0,0.0,0.0
5813,substation_5813.png,0.0,0.0,0.0,1.0,0.0,0.0
5809,substation_5809.png,0.0,0.0,1.0,0.0,0.0,0.0
5812,substation_5812.png,1.0,1.0,0.0,0.0,0.0,0.0
5815,substation_5815.png,1.0,6.0,0.0,7.0,0.0,0.0
5814,substation_5814.png,0.0,0.0,5.0,0.0,0.0,0.0
5816,substation_5816.png,0.0,0.0,6.0,0.0,0.0,0.0
5820,substation_5820.png,0.0,0.0,0.0,2.0,0.0,0.0
5817,substation_5817.png,1.0,0.0,0.0,0.0,0.0,0.0
5818,substation_5818.png,0.0,0.0,0.0,0.0,1.0,0.0
5824,substation_5824.png,1.0,0.0,0.0,0.0,0.0,0.0
5825,substation_5825.png,0.0,0.0,0.0,0.0,0.0,0.0
5821,substation_5821.png,0.0,7.0,1.0,0.0,0.0,0.0
5823,substation_5823.png,0.0,0.0,0.0,0.0,0.0,0.0
5819,substation_5819.png,0.0,0.0,0.0,1.0,0.0,0.0
5822,substation_5822.png,1.0,0.0,0.0,0.0,1.0,0.0
5827,substation_5827.png,0.0,0.0,0.0,0.0,0.0,0.0
5826,substation_5826.png,0.0,0.0,6.0,0.0,0.0,0.0
5828,substation_5828.png,1.0,0.0,0.0,1.0,0.0,0.0
5830,substation_5830.png,0.0,0.0,0.0,0.0,0.0,0.0
5829,substation_5829.png,2.0,0.0,0.0,0.0,0.0,0.0
5832,substation_5832.png,0.0,0.0,0.0,0.0,0.0,0.0
5833,substation_5833.png,0.0,0.0,0.0,0.0,0.0,0.0
5831,substation_5831.png,1.0,0.0,1.0,0.0,0.0,0.0
5837,substation_5837.png,1.0,0.0,0.0,0.0,0.0,0.0
5834,substation_5834.png,0.0,0.0,1.0,1.0,0.0,0.0
5835,substation_5835.png,0.0,0.0,0.0,0.0,0.0,0.0
5836,substation_5836.png,1.0,0.0,0.0,0.0,0.0,0.0
5844,substation_5844.png,2.0,0.0,0.0,0.0,0.0,0.0
5841,substation_5841.png,1.0,0.0,2.0,1.0,0.0,0.0
5839,substation_5839.png,2.0,0.0,0.0,0.0,0.0,0.0
5838,substation_5838.png,1.0,0.0,0.0,0.0,0.0,0.0
5842,substation_5842.png,2.0,0.0,0.0,0.0,0.0,0.0
5840,substation_5840.png,1.0,0.0,0.0,0.0,0.0,0.0
5845,substation_5845.png,0.0,0.0,0.0,1.0,0.0,0.0
5843,substation_5843.png,0.0,0.0,1.0,0.0,0.0,0.0
5847,substation_5847.png,1.0,0.0,13.0,0.0,0.0,0.0
5848,substation_5848.png,1.0,0.0,0.0,2.0,0.0,0.0
5849,substation_5849.png,0.0,0.0,0.0,0.0,0.0,0.0
5846,substation_5846.png,0.0,0.0,0.0,1.0,0.0,0.0
5852,substation_5852.png,0.0,0.0,0.0,0.0,0.0,0.0
5851,substation_5851.png,0.0,0.0,0.0,0.0,1.0,0.0
5850,substation_5850.png,1.0,0.0,0.0,0.0,0.0,0.0
5853,substation_5853.png,1.0,0.0,0.0,0.0,0.0,0.0
5856,substation_5856.png,0.0,0.0,0.0,0.0,0.0,0.0
5854,substation_5854.png,0.0,1.0,0.0,0.0,0.0,0.0
5857,substation_5857.png,3.0,0.0,0.0,0.0,0.0,0.0
5855,substation_5855.png,0.0,0.0,0.0,0.0,0.0,0.0
5860,substation_5860.png,2.0,2.0,0.0,0.0,0.0,0.0
5858,substation_5858.png,0.0,0.0,0.0,0.0,0.0,0.0
5863,substation_5863.png,5.0,0.0,0.0,0.0,0.0,0.0
5859,substation_5859.png,0.0,0.0,0.0,0.0,0.0,0.0
5869,substation_5869.png,1.0,0.0,0.0,0.0,0.0,0.0
5861,substation_5861.png,1.0,0.0,0.0,0.0,0.0,0.0
5862,substation_5862.png,3.0,0.0,0.0,0.0,0.0,0.0
5867,substation_5867.png,0.0,0.0,0.0,0.0,0.0,0.0
5866,substation_5866.png,0.0,0.0,0.0,0.0,0.0,0.0
5864,substation_5864.png,1.0,0.0,1.0,0.0,0.0,0.0
5870,substation_5870.png,1.0,0.0,0.0,0.0,0.0,0.0
5868,substation_5868.png,0.0,0.0,0.0,0.0,0.0,0.0
5878,substation_5878.png,1.0,0.0,5.0,1.0,0.0,0.0
5873,substation_5873.png,0.0,0.0,0.0,2.0,0.0,0.0
5877,substation_5877.png,4.0,0.0,3.0,0.0,0.0,0.0
5865,substation_5865.png,0.0,2.0,0.0,1.0,0.0,0.0
5871,substation_5871.png,1.0,0.0,0.0,0.0,0.0,0.0
5872,substation_5872.png,7.0,1.0,1.0,0.0,0.0,0.0
5875,substation_5875.png,0.0,0.0,0.0,0.0,0.0,0.0
5876,substation_5876.png,2.0,0.0,12.0,1.0,0.0,0.0
5882,substation_5882.png,1.0,0.0,0.0,0.0,0.0,0.0
5879,substation_5879.png,1.0,0.0,0.0,0.0,0.0,0.0
5874,substation_5874.png,2.0,0.0,0.0,0.0,0.0,0.0
5880,substation_5880.png,3.0,0.0,1.0,0.0,0.0,0.0
5881,substation_5881.png,0.0,0.0,8.0,0.0,0.0,0.0
5883,substation_5883.png,0.0,0.0,1.0,0.0,0.0,0.0
5884,substation_5884.png,0.0,0.0,0.0,0.0,0.0,0.0
5887,substation_5887.png,0.0,0.0,0.0,0.0,0.0,0.0
5885,substation_5885.png,0.0,0.0,0.0,0.0,0.0,0.0
5889,substation_5889.png,1.0,0.0,0.0,0.0,0.0,0.0
5888,substation_5888.png,0.0,0.0,0.0,0.0,0.0,0.0
5890,substation_5890.png,0.0,0.0,0.0,0.0,0.0,0.0
5894,substation_5894.png,1.0,0.0,0.0,0.0,0.0,0.0
5886,substation_5886.png,0.0,0.0,0.0,0.0,0.0,0.0
5895,substation_5895.png,0.0,0.0,0.0,0.0,0.0,0.0
5891,substation_5891.png,0.0,0.0,0.0,0.0,0.0,0.0
5892,substation_5892.png,0.0,0.0,0.0,0.0,0.0,0.0
5899,substation_5899.png,0.0,0.0,0.0,0.0,0.0,0.0
5893,substation_5893.png,3.0,0.0,0.0,0.0,0.0,0.0
5898,substation_5898.png,1.0,0.0,0.0,1.0,0.0,0.0
5896,substation_5896.png,0.0,0.0,0.0,0.0,0.0,0.0
5897,substation_5897.png,0.0,0.0,0.0,0.0,0.0,0.0
5900,substation_5900.png,0.0,0.0,0.0,0.0,0.0,0.0
5903,substation_5903.png,0.0,0.0,1.0,0.0,0.0,0.0
5906,substation_5906.png,5.0,1.0,0.0,0.0,0.0,0.0
5904,substation_5904.png,1.0,0.0,0.0,0.0,0.0,0.0
5905,substation_5905.png,0.0,0.0,3.0,0.0,0.0,0.0
5901,substation_5901.png,0.0,0.0,0.0,0.0,0.0,0.0
5910,substation_5910.png,0.0,0.0,0.0,0.0,0.0,0.0
5907,substation_5907.png,2.0,0.0,5.0,0.0,0.0,0.0
5908,substation_5908.png,2.0,0.0,0.0,0.0,0.0,0.0
5909,substation_5909.png,0.0,0.0,0.0,0.0,0.0,0.0
5902,substation_5902.png,0.0,0.0,7.0,0.0,0.0,0.0
5911,substation_5911.png,2.0,0.0,1.0,0.0,0.0,0.0
5912,substation_5912.png,0.0,1.0,0.0,0.0,0.0,0.0
5915,substation_5915.png,0.0,0.0,1.0,0.0,0.0,0.0
5913,substation_5913.png,1.0,0.0,0.0,0.0,1.0,0.0
5914,substation_5914.png,2.0,0.0,0.0,0.0,0.0,0.0
5921,substation_5921.png,0.0,0.0,0.0,0.0,1.0,0.0
5916,substation_5916.png,0.0,0.0,0.0,0.0,0.0,0.0
5920,substation_5920.png,2.0,2.0,0.0,0.0,0.0,0.0
5918,substation_5918.png,0.0,0.0,0.0,0.0,1.0,0.0
5919,substation_5919.png,0.0,0.0,2.0,0.0,0.0,0.0
5917,substation_5917.png,1.0,0.0,4.0,0.0,0.0,0.0
5925,substation_5925.png,0.0,0.0,0.0,0.0,1.0,0.0
5924,substation_5924.png,0.0,1.0,0.0,1.0,0.0,0.0
5923,substation_5923.png,0.0,0.0,0.0,0.0,0.0,0.0
5922,substation_5922.png,0.0,0.0,0.0,0.0,0.0,0.0
5926,substation_5926.png,1.0,0.0,0.0,0.0,0.0,0.0
5927,substation_5927.png,0.0,0.0,0.0,2.0,0.0,0.0
5932,substation_5932.png,0.0,0.0,0.0,0.0,0.0,0.0
5929,substation_5929.png,0.0,0.0,0.0,2.0,1.0,0.0
5931,substation_5931.png,4.0,0.0,0.0,0.0,0.0,0.0
5933,substation_5933.png,0.0,0.0,0.0,0.0,0.0,0.0
5930,substation_5930.png,1.0,0.0,0.0,0.0,0.0,0.0
5928,substation_5928.png,2.0,0.0,0.0,0.0,0.0,0.0
5934,substation_5934.png,0.0,0.0,0.0,0.0,0.0,0.0
5936,substation_5936.png,1.0,0.0,1.0,0.0,1.0,0.0
5935,substation_5935.png,0.0,0.0,0.0,0.0,0.0,0.0
5937,substation_5937.png,1.0,0.0,0.0,0.0,0.0,0.0
5946,substation_5946.png,0.0,0.0,3.0,0.0,0.0,0.0
5939,substation_5939.png,1.0,0.0,0.0,0.0,0.0,0.0
5940,substation_5940.png,3.0,0.0,0.0,0.0,0.0,0.0
5945,substation_5945.png,2.0,0.0,0.0,0.0,0.0,0.0
5941,substation_5941.png,0.0,0.0,1.0,0.0,0.0,0.0
5938,substation_5938.png,0.0,0.0,1.0,0.0,0.0,0.0
5944,substation_5944.png,0.0,0.0,0.0,0.0,0.0,0.0
5942,substation_5942.png,1.0,0.0,0.0,0.0,0.0,0.0
5947,substation_5947.png,0.0,0.0,0.0,0.0,1.0,0.0
5943,substation_5943.png,0.0,0.0,0.0,3.0,0.0,0.0
5953,substation_5953.png,2.0,0.0,0.0,0.0,0.0,0.0
5948,substation_5948.png,1.0,0.0,0.0,0.0,0.0,0.0
5955,substation_5955.png,0.0,0.0,0.0,0.0,0.0,0.0
5951,substation_5951.png,1.0,0.0,0.0,0.0,0.0,0.0
5950,substation_5950.png,4.0,0.0,1.0,1.0,0.0,0.0
5952,substation_5952.png,1.0,0.0,0.0,0.0,0.0,0.0
5949,substation_5949.png,1.0,0.0,4.0,0.0,0.0,0.0
5959,substation_5959.png,0.0,0.0,0.0,0.0,0.0,0.0
5960,substation_5960.png,0.0,0.0,3.0,1.0,0.0,0.0
5954,substation_5954.png,1.0,0.0,0.0,0.0,0.0,0.0
5958,substation_5958.png,0.0,0.0,0.0,0.0,0.0,0.0
5965,substation_5965.png,2.0,0.0,0.0,0.0,0.0,0.0
5961,substation_5961.png,2.0,0.0,0.0,0.0,0.0,0.0
5964,substation_5964.png,0.0,0.0,0.0,0.0,0.0,0.0
5963,substation_5963.png,3.0,0.0,0.0,0.0,0.0,0.0
5957,substation_5957.png,0.0,0.0,0.0,1.0,0.0,0.0
5966,substation_5966.png,2.0,0.0,0.0,0.0,0.0,0.0
5962,substation_5962.png,0.0,0.0,0.0,0.0,1.0,0.0
5967,substation_5967.png,0.0,0.0,0.0,0.0,0.0,0.0
5969,substation_5969.png,0.0,0.0,1.0,0.0,0.0,0.0
5970,substation_5970.png,0.0,0.0,0.0,0.0,0.0,0.0
5973,substation_5973.png,3.0,0.0,1.0,1.0,0.0,0.0
5976,substation_5976.png,0.0,0.0,0.0,0.0,0.0,0.0
5968,substation_5968.png,0.0,0.0,0.0,0.0,0.0,0.0
5974,substation_5974.png,1.0,0.0,0.0,0.0,0.0,0.0
5971,substation_5971.png,1.0,0.0,0.0,0.0,0.0,0.0
5972,substation_5972.png,0.0,0.0,1.0,0.0,0.0,0.0
5975,substation_5975.png,1.0,0.0,0.0,0.0,0.0,0.0
5977,substation_5977.png,0.0,0.0,0.0,0.0,0.0,0.0
5979,substation_5979.png,0.0,0.0,0.0,0.0,0.0,0.0
5978,substation_5978.png,0.0,0.0,0.0,0.0,0.0,0.0
5980,substation_5980.png,2.0,0.0,0.0,0.0,0.0,0.0
5983,substation_5983.png,1.0,0.0,0.0,0.0,0.0,0.0
5982,substation_5982.png,3.0,0.0,4.0,0.0,0.0,0.0
5981,substation_5981.png,1.0,0.0,0.0,0.0,0.0,0.0
5991,substation_5991.png,0.0,0.0,0.0,0.0,0.0,0.0
5984,substation_5984.png,0.0,0.0,0.0,1.0,0.0,0.0
5987,substation_5987.png,1.0,0.0,0.0,0.0,0.0,0.0
5988,substation_5988.png,0.0,0.0,0.0,0.0,0.0,0.0
5990,substation_5990.png,0.0,0.0,0.0,0.0,0.0,0.0
5986,substation_5986.png,0.0,0.0,0.0,0.0,0.0,0.0
5989,substation_5989.png,0.0,0.0,0.0,0.0,0.0,0.0
5993,substation_5993.png,0.0,0.0,0.0,0.0,1.0,0.0
5985,substation_5985.png,1.0,0.0,0.0,0.0,0.0,0.0
5994,substation_5994.png,0.0,0.0,1.0,0.0,0.0,0.0
5995,substation_5995.png,2.0,0.0,0.0,0.0,0.0,0.0
5997,substation_5997.png,0.0,0.0,0.0,0.0,0.0,0.0
5998,substation_5998.png,0.0,0.0,0.0,0.0,0.0,0.0
5992,substation_5992.png,1.0,0.0,0.0,0.0,0.0,0.0
6001,substation_6001.png,2.0,0.0,11.0,0.0,0.0,0.0
6003,substation_6003.png,0.0,0.0,3.0,0.0,1.0,0.0
5996,substation_5996.png,0.0,0.0,2.0,0.0,0.0,0.0
5999,substation_5999.png,0.0,0.0,0.0,0.0,0.0,0.0
6002,substation_6002.png,0.0,0.0,0.0,0.0,0.0,0.0
6007,substation_6007.png,1.0,0.0,1.0,0.0,0.0,0.0
6000,substation_6000.png,0.0,0.0,0.0,0.0,0.0,0.0
6010,substation_6010.png,3.0,0.0,0.0,0.0,0.0,0.0
6004,substation_6004.png,2.0,1.0,0.0,0.0,0.0,0.0
6006,substation_6006.png,0.0,0.0,1.0,0.0,0.0,0.0
6008,substation_6008.png,3.0,0.0,0.0,0.0,0.0,0.0
6012,substation_6012.png,3.0,0.0,0.0,0.0,0.0,0.0
6011,substation_6011.png,0.0,0.0,0.0,0.0,0.0,0.0
6009,substation_6009.png,4.0,0.0,0.0,0.0,0.0,0.0
6005,substation_6005.png,0.0,0.0,0.0,0.0,1.0,0.0
6013,substation_6013.png,2.0,0.0,3.0,0.0,0.0,0.0
6014,substation_6014.png,0.0,0.0,1.0,0.0,1.0,0.0
6017,substation_6017.png,2.0,1.0,4.0,0.0,0.0,0.0
6015,substation_6015.png,0.0,0.0,0.0,0.0,0.0,0.0
6019,substation_6019.png,2.0,8.0,0.0,0.0,0.0,0.0
6018,substation_6018.png,1.0,5.0,0.0,0.0,0.0,0.0
6016,substation_6016.png,1.0,1.0,2.0,0.0,0.0,0.0
6020,substation_6020.png,0.0,0.0,0.0,1.0,1.0,0.0
6024,substation_6024.png,0.0,0.0,3.0,0.0,0.0,0.0
6021,substation_6021.png,3.0,0.0,0.0,0.0,0.0,0.0
6022,substation_6022.png,0.0,0.0,0.0,2.0,0.0,0.0
6026,substation_6026.png,0.0,0.0,1.0,0.0,0.0,0.0
6023,substation_6023.png,0.0,0.0,0.0,0.0,2.0,0.0
6031,substation_6031.png,0.0,0.0,0.0,0.0,1.0,0.0
6028,substation_6028.png,1.0,0.0,0.0,0.0,0.0,0.0
6030,substation_6030.png,1.0,0.0,1.0,0.0,0.0,0.0
6025,substation_6025.png,0.0,0.0,0.0,0.0,1.0,0.0
6027,substation_6027.png,0.0,0.0,2.0,0.0,0.0,0.0
6029,substation_6029.png,0.0,0.0,0.0,0.0,0.0,0.0
6033,substation_6033.png,1.0,0.0,1.0,0.0,0.0,0.0
6034,substation_6034.png,0.0,0.0,4.0,0.0,0.0,0.0
6036,substation_6036.png,0.0,0.0,0.0,0.0,0.0,0.0
6032,substation_6032.png,0.0,0.0,0.0,1.0,0.0,0.0
6037,substation_6037.png,0.0,0.0,1.0,0.0,0.0,0.0
6038,substation_6038.png,0.0,0.0,0.0,0.0,0.0,0.0
6041,substation_6041.png,1.0,0.0,1.0,0.0,0.0,0.0
6040,substation_6040.png,1.0,0.0,0.0,0.0,0.0,0.0
6039,substation_6039.png,0.0,0.0,0.0,1.0,0.0,0.0
6044,substation_6044.png,0.0,0.0,0.0,0.0,0.0,0.0
6043,substation_6043.png,0.0,0.0,0.0,0.0,0.0,0.0
6035,substation_6035.png,0.0,0.0,2.0,0.0,0.0,0.0
6045,substation_6045.png,4.0,0.0,1.0,0.0,0.0,0.0
6042,substation_6042.png,1.0,0.0,0.0,0.0,0.0,0.0
6048,substation_6048.png,0.0,0.0,0.0,0.0,0.0,0.0
6047,substation_6047.png,1.0,0.0,0.0,0.0,0.0,0.0
6046,substation_6046.png,0.0,0.0,1.0,0.0,0.0,0.0
6050,substation_6050.png,0.0,0.0,0.0,0.0,0.0,0.0
6051,substation_6051.png,2.0,0.0,0.0,0.0,0.0,0.0
6049,substation_6049.png,0.0,0.0,0.0,0.0,0.0,0.0
6053,substation_6053.png,1.0,0.0,0.0,0.0,1.0,0.0
6052,substation_6052.png,0.0,0.0,0.0,0.0,0.0,0.0
6055,substation_6055.png,0.0,0.0,0.0,0.0,0.0,0.0
6056,substation_6056.png,0.0,0.0,0.0,0.0,0.0,0.0
6054,substation_6054.png,0.0,0.0,0.0,0.0,0.0,0.0
6057,substation_6057.png,0.0,0.0,6.0,0.0,0.0,0.0
6060,substation_6060.png,1.0,0.0,0.0,0.0,0.0,0.0
6059,substation_6059.png,0.0,0.0,0.0,0.0,0.0,0.0
6061,substation_6061.png,0.0,0.0,5.0,0.0,0.0,0.0
6058,substation_6058.png,6.0,0.0,1.0,0.0,0.0,0.0
6062,substation_6062.png,2.0,1.0,5.0,0.0,0.0,0.0
6064,substation_6064.png,1.0,0.0,0.0,0.0,0.0,0.0
6065,substation_6065.png,0.0,0.0,0.0,0.0,0.0,0.0
6069,substation_6069.png,0.0,0.0,0.0,0.0,0.0,0.0
6068,substation_6068.png,1.0,0.0,2.0,0.0,0.0,0.0
6063,substation_6063.png,1.0,2.0,5.0,0.0,1.0,0.0
6066,substation_6066.png,0.0,0.0,0.0,0.0,0.0,0.0
6067,substation_6067.png,1.0,0.0,0.0,0.0,0.0,0.0
6073,substation_6073.png,0.0,0.0,2.0,0.0,0.0,0.0
6071,substation_6071.png,0.0,0.0,0.0,0.0,0.0,0.0
6074,substation_6074.png,0.0,0.0,0.0,0.0,1.0,0.0
6072,substation_6072.png,0.0,0.0,0.0,0.0,0.0,0.0
6076,substation_6076.png,0.0,0.0,0.0,0.0,0.0,0.0
6075,substation_6075.png,3.0,0.0,0.0,0.0,0.0,0.0
6070,substation_6070.png,0.0,0.0,0.0,0.0,0.0,0.0
6079,substation_6079.png,1.0,0.0,1.0,0.0,0.0,0.0
6081,substation_6081.png,1.0,0.0,2.0,0.0,0.0,0.0
6077,substation_6077.png,0.0,1.0,4.0,0.0,0.0,0.0
6078,substation_6078.png,1.0,0.0,0.0,0.0,0.0,0.0
6080,substation_6080.png,2.0,0.0,4.0,0.0,0.0,0.0
6082,substation_6082.png,2.0,0.0,1.0,1.0,0.0,0.0
6083,substation_6083.png,0.0,0.0,0.0,1.0,0.0,0.0
6087,substation_6087.png,0.0,0.0,2.0,2.0,0.0,0.0
6086,substation_6086.png,1.0,0.0,0.0,0.0,0.0,0.0
6085,substation_6085.png,1.0,0.0,1.0,0.0,0.0,0.0
6088,substation_6088.png,0.0,0.0,0.0,0.0,0.0,0.0
6084,substation_6084.png,1.0,0.0,0.0,0.0,0.0,0.0
4091,substation_4091.png,0.0,0.0,5.0,0.0,0.0,0.0
4088,substation_4088.png,0.0,0.0,1.0,0.0,0.0,0.0
4089,substation_4089.png,1.0,0.0,4.0,0.0,0.0,0.0
4090,substation_4090.png,1.0,0.0,1.0,0.0,0.0,0.0
4094,substation_4094.png,3.0,0.0,4.0,0.0,0.0,0.0
4095,substation_4095.png,0.0,0.0,0.0,1.0,0.0,0.0
4098,substation_4098.png,0.0,0.0,3.0,0.0,1.0,0.0
4093,substation_4093.png,1.0,0.0,2.0,0.0,0.0,0.0
4092,substation_4092.png,0.0,0.0,1.0,0.0,0.0,0.0
4096,substation_4096.png,0.0,0.0,4.0,0.0,0.0,0.0
4097,substation_4097.png,0.0,0.0,1.0,0.0,0.0,0.0
4099,substation_4099.png,0.0,0.0,0.0,0.0,0.0,0.0
4100,substation_4100.png,0.0,0.0,0.0,0.0,1.0,0.0
4101,substation_4101.png,0.0,0.0,2.0,0.0,0.0,0.0
4102,substation_4102.png,3.0,0.0,1.0,0.0,0.0,0.0
4103,substation_4103.png,0.0,0.0,0.0,0.0,0.0,0.0
4104,substation_4104.png,0.0,0.0,0.0,0.0,0.0,0.0
4108,substation_4108.png,1.0,0.0,0.0,0.0,0.0,0.0
4105,substation_4105.png,0.0,0.0,0.0,0.0,0.0,0.0
4106,substation_4106.png,0.0,1.0,5.0,1.0,0.0,0.0
4107,substation_4107.png,0.0,0.0,0.0,0.0,0.0,0.0
4111,substation_4111.png,0.0,0.0,0.0,0.0,0.0,0.0
4109,substation_4109.png,1.0,0.0,6.0,0.0,0.0,0.0
4110,substation_4110.png,1.0,0.0,0.0,0.0,0.0,0.0
4112,substation_4112.png,0.0,0.0,1.0,0.0,0.0,0.0
4114,substation_4114.png,1.0,0.0,0.0,0.0,0.0,0.0
4113,substation_4113.png,1.0,0.0,1.0,0.0,0.0,0.0
4116,substation_4116.png,0.0,0.0,0.0,0.0,0.0,0.0
4117,substation_4117.png,0.0,0.0,0.0,0.0,0.0,0.0
4120,substation_4120.png,1.0,0.0,2.0,0.0,0.0,0.0
4124,substation_4124.png,3.0,0.0,4.0,0.0,0.0,0.0
4122,substation_4122.png,0.0,0.0,4.0,0.0,0.0,0.0
4119,substation_4119.png,2.0,0.0,0.0,0.0,0.0,0.0
4118,substation_4118.png,2.0,0.0,1.0,0.0,0.0,0.0
4115,substation_4115.png,0.0,0.0,0.0,0.0,0.0,0.0
4123,substation_4123.png,1.0,0.0,0.0,0.0,0.0,0.0
4121,substation_4121.png,2.0,0.0,0.0,0.0,0.0,0.0
4125,substation_4125.png,0.0,0.0,0.0,0.0,1.0,0.0
4129,substation_4129.png,2.0,0.0,3.0,0.0,0.0,0.0
4133,substation_4133.png,2.0,0.0,3.0,0.0,0.0,0.0
4131,substation_4131.png,2.0,0.0,0.0,0.0,0.0,0.0
4128,substation_4128.png,1.0,0.0,0.0,0.0,1.0,0.0
4126,substation_4126.png,0.0,0.0,0.0,0.0,0.0,0.0
4127,substation_4127.png,0.0,0.0,0.0,0.0,0.0,0.0
4132,substation_4132.png,1.0,1.0,2.0,0.0,0.0,0.0
4136,substation_4136.png,1.0,0.0,0.0,0.0,0.0,0.0
4130,substation_4130.png,0.0,0.0,0.0,0.0,0.0,0.0
4138,substation_4138.png,0.0,0.0,2.0,0.0,0.0,0.0
4135,substation_4135.png,0.0,0.0,0.0,1.0,0.0,0.0
4137,substation_4137.png,0.0,0.0,1.0,0.0,0.0,0.0
4139,substation_4139.png,1.0,0.0,1.0,0.0,0.0,0.0
4140,substation_4140.png,3.0,0.0,0.0,0.0,0.0,0.0
4141,substation_4141.png,0.0,0.0,1.0,0.0,0.0,0.0
4134,substation_4134.png,0.0,0.0,1.0,0.0,0.0,0.0
4142,substation_4142.png,2.0,0.0,1.0,0.0,0.0,0.0
4143,substation_4143.png,0.0,1.0,2.0,0.0,0.0,0.0
4144,substation_4144.png,2.0,0.0,0.0,0.0,0.0,0.0
4145,substation_4145.png,1.0,0.0,0.0,0.0,0.0,0.0
4148,substation_4148.png,0.0,0.0,0.0,0.0,0.0,0.0
4151,substation_4151.png,0.0,0.0,0.0,0.0,0.0,0.0
4150,substation_4150.png,0.0,0.0,0.0,0.0,0.0,0.0
4154,substation_4154.png,0.0,0.0,0.0,0.0,0.0,0.0
4146,substation_4146.png,0.0,2.0,0.0,0.0,0.0,0.0
4147,substation_4147.png,2.0,0.0,0.0,0.0,0.0,0.0
4149,substation_4149.png,6.0,0.0,4.0,0.0,0.0,0.0
4152,substation_4152.png,0.0,0.0,0.0,0.0,0.0,0.0
4153,substation_4153.png,0.0,0.0,0.0,0.0,0.0,0.0
4155,substation_4155.png,0.0,0.0,0.0,0.0,0.0,0.0
4158,substation_4158.png,0.0,1.0,0.0,0.0,0.0,0.0
4156,substation_4156.png,0.0,0.0,1.0,0.0,0.0,0.0
4157,substation_4157.png,0.0,0.0,0.0,0.0,0.0,0.0
4160,substation_4160.png,0.0,0.0,1.0,0.0,0.0,0.0
4162,substation_4162.png,0.0,0.0,3.0,0.0,0.0,0.0
4159,substation_4159.png,0.0,0.0,0.0,0.0,0.0,0.0
4161,substation_4161.png,0.0,0.0,1.0,0.0,0.0,0.0
4164,substation_4164.png,3.0,0.0,0.0,0.0,0.0,0.0
4163,substation_4163.png,0.0,0.0,6.0,1.0,0.0,0.0
4165,substation_4165.png,1.0,0.0,2.0,2.0,0.0,0.0
4166,substation_4166.png,1.0,0.0,0.0,1.0,0.0,0.0
4167,substation_4167.png,1.0,0.0,0.0,0.0,0.0,0.0
4171,substation_4171.png,0.0,0.0,0.0,0.0,0.0,0.0
4170,substation_4170.png,0.0,1.0,0.0,0.0,0.0,0.0
4173,substation_4173.png,0.0,0.0,3.0,0.0,0.0,0.0
4168,substation_4168.png,0.0,0.0,0.0,0.0,0.0,0.0
4172,substation_4172.png,0.0,0.0,0.0,0.0,0.0,0.0
4175,substation_4175.png,1.0,0.0,0.0,0.0,1.0,0.0
4169,substation_4169.png,0.0,0.0,0.0,2.0,0.0,0.0
4176,substation_4176.png,0.0,0.0,3.0,0.0,0.0,0.0
4174,substation_4174.png,1.0,0.0,0.0,0.0,0.0,0.0
4177,substation_4177.png,4.0,0.0,5.0,0.0,0.0,0.0
4179,substation_4179.png,0.0,0.0,0.0,0.0,1.0,0.0
4178,substation_4178.png,0.0,0.0,0.0,0.0,0.0,0.0
4181,substation_4181.png,0.0,0.0,3.0,0.0,0.0,0.0
4180,substation_4180.png,0.0,0.0,0.0,0.0,1.0,0.0
4185,substation_4185.png,0.0,0.0,0.0,1.0,0.0,0.0
4182,substation_4182.png,2.0,0.0,0.0,0.0,0.0,0.0
4184,substation_4184.png,1.0,0.0,0.0,0.0,0.0,0.0
4189,substation_4189.png,1.0,0.0,0.0,0.0,0.0,0.0
4186,substation_4186.png,0.0,0.0,2.0,0.0,0.0,0.0
4188,substation_4188.png,0.0,0.0,0.0,0.0,0.0,0.0
4190,substation_4190.png,0.0,0.0,0.0,0.0,0.0,0.0
4187,substation_4187.png,0.0,0.0,0.0,0.0,0.0,0.0
4183,substation_4183.png,0.0,0.0,3.0,0.0,0.0,0.0
4193,substation_4193.png,0.0,0.0,0.0,0.0,0.0,0.0
4191,substation_4191.png,1.0,0.0,0.0,0.0,0.0,0.0
4196,substation_4196.png,1.0,0.0,0.0,0.0,0.0,0.0
4194,substation_4194.png,0.0,0.0,3.0,0.0,0.0,0.0
4199,substation_4199.png,9.0,0.0,0.0,0.0,0.0,0.0
4195,substation_4195.png,2.0,0.0,0.0,0.0,0.0,0.0
4197,substation_4197.png,0.0,0.0,0.0,0.0,0.0,0.0
4192,substation_4192.png,0.0,0.0,0.0,0.0,0.0,0.0
4200,substation_4200.png,1.0,0.0,0.0,1.0,0.0,0.0
4201,substation_4201.png,1.0,0.0,0.0,0.0,0.0,0.0
4204,substation_4204.png,4.0,0.0,3.0,0.0,0.0,0.0
4202,substation_4202.png,1.0,0.0,0.0,2.0,0.0,0.0
4206,substation_4206.png,0.0,0.0,1.0,0.0,0.0,0.0
4198,substation_4198.png,0.0,0.0,0.0,0.0,0.0,0.0
4203,substation_4203.png,1.0,0.0,0.0,0.0,0.0,0.0
4205,substation_4205.png,1.0,1.0,1.0,0.0,0.0,0.0
4208,substation_4208.png,1.0,0.0,0.0,0.0,1.0,0.0
4207,substation_4207.png,0.0,0.0,0.0,0.0,0.0,0.0
4210,substation_4210.png,0.0,0.0,0.0,0.0,1.0,0.0
4212,substation_4212.png,2.0,0.0,0.0,0.0,0.0,0.0
4211,substation_4211.png,1.0,1.0,0.0,0.0,0.0,0.0
4209,substation_4209.png,0.0,0.0,0.0,3.0,0.0,0.0
4216,substation_4216.png,1.0,0.0,0.0,1.0,0.0,0.0
4214,substation_4214.png,1.0,0.0,1.0,0.0,0.0,0.0
4213,substation_4213.png,0.0,0.0,1.0,1.0,1.0,0.0
4215,substation_4215.png,0.0,0.0,0.0,0.0,0.0,0.0
4218,substation_4218.png,0.0,0.0,0.0,1.0,0.0,0.0
4221,substation_4221.png,0.0,1.0,0.0,1.0,0.0,0.0
4220,substation_4220.png,1.0,0.0,0.0,0.0,0.0,0.0
4219,substation_4219.png,1.0,0.0,0.0,0.0,0.0,0.0
4223,substation_4223.png,0.0,0.0,4.0,2.0,0.0,0.0
4226,substation_4226.png,0.0,0.0,3.0,0.0,0.0,0.0
4224,substation_4224.png,4.0,0.0,0.0,0.0,0.0,0.0
4217,substation_4217.png,0.0,0.0,0.0,0.0,1.0,0.0
4227,substation_4227.png,0.0,0.0,0.0,0.0,0.0,0.0
4225,substation_4225.png,0.0,0.0,0.0,0.0,0.0,0.0
4228,substation_4228.png,0.0,0.0,0.0,0.0,0.0,0.0
4222,substation_4222.png,0.0,0.0,0.0,0.0,0.0,0.0
4231,substation_4231.png,0.0,0.0,0.0,0.0,0.0,0.0
4236,substation_4236.png,1.0,0.0,0.0,0.0,0.0,0.0
4229,substation_4229.png,3.0,0.0,0.0,0.0,0.0,0.0
4230,substation_4230.png,0.0,0.0,2.0,0.0,0.0,0.0
4232,substation_4232.png,0.0,1.0,0.0,1.0,0.0,0.0
4233,substation_4233.png,0.0,0.0,0.0,0.0,0.0,0.0
4237,substation_4237.png,0.0,0.0,0.0,0.0,0.0,0.0
4235,substation_4235.png,2.0,0.0,1.0,0.0,0.0,0.0
4239,substation_4239.png,0.0,0.0,0.0,0.0,0.0,0.0
4238,substation_4238.png,0.0,0.0,1.0,0.0,0.0,0.0
4240,substation_4240.png,0.0,0.0,0.0,0.0,0.0,0.0
4234,substation_4234.png,0.0,0.0,1.0,0.0,0.0,0.0
4242,substation_4242.png,1.0,0.0,0.0,0.0,0.0,0.0
4241,substation_4241.png,0.0,1.0,0.0,0.0,1.0,0.0
4244,substation_4244.png,0.0,0.0,6.0,0.0,0.0,0.0
4246,substation_4246.png,2.0,0.0,3.0,0.0,0.0,0.0
4247,substation_4247.png,0.0,0.0,17.0,0.0,0.0,0.0
4245,substation_4245.png,0.0,0.0,1.0,0.0,0.0,0.0
4243,substation_4243.png,0.0,0.0,0.0,0.0,0.0,0.0
4248,substation_4248.png,0.0,0.0,0.0,0.0,0.0,0.0
4249,substation_4249.png,1.0,0.0,0.0,0.0,0.0,0.0
4250,substation_4250.png,0.0,0.0,0.0,0.0,0.0,0.0
4252,substation_4252.png,0.0,0.0,0.0,0.0,0.0,0.0
4254,substation_4254.png,0.0,0.0,0.0,1.0,0.0,0.0
4253,substation_4253.png,1.0,0.0,1.0,0.0,0.0,0.0
4251,substation_4251.png,0.0,0.0,0.0,0.0,0.0,0.0
4257,substation_4257.png,0.0,0.0,1.0,0.0,0.0,0.0
4256,substation_4256.png,0.0,0.0,0.0,3.0,0.0,0.0
4258,substation_4258.png,0.0,0.0,0.0,2.0,0.0,0.0
4255,substation_4255.png,0.0,0.0,0.0,0.0,0.0,0.0
4260,substation_4260.png,1.0,0.0,1.0,0.0,0.0,0.0
4259,substation_4259.png,0.0,0.0,2.0,0.0,0.0,0.0
4261,substation_4261.png,0.0,1.0,4.0,0.0,1.0,0.0
4267,substation_4267.png,0.0,0.0,0.0,1.0,1.0,0.0
4263,substation_4263.png,0.0,0.0,0.0,0.0,0.0,0.0
4262,substation_4262.png,0.0,0.0,4.0,0.0,0.0,0.0
4265,substation_4265.png,0.0,0.0,0.0,0.0,0.0,0.0
4264,substation_4264.png,0.0,0.0,0.0,0.0,0.0,0.0
4269,substation_4269.png,0.0,0.0,3.0,0.0,1.0,0.0
4270,substation_4270.png,1.0,0.0,0.0,0.0,1.0,0.0
4266,substation_4266.png,1.0,0.0,0.0,0.0,0.0,0.0
4272,substation_4272.png,1.0,0.0,1.0,0.0,0.0,0.0
4268,substation_4268.png,1.0,0.0,8.0,0.0,0.0,0.0
4273,substation_4273.png,0.0,0.0,0.0,0.0,0.0,0.0
4271,substation_4271.png,1.0,0.0,0.0,0.0,0.0,0.0
4278,substation_4278.png,1.0,0.0,0.0,0.0,0.0,0.0
4274,substation_4274.png,0.0,0.0,4.0,0.0,0.0,0.0
4275,substation_4275.png,0.0,0.0,0.0,0.0,0.0,0.0
4277,substation_4277.png,1.0,0.0,1.0,0.0,0.0,0.0
4279,substation_4279.png,0.0,0.0,3.0,0.0,0.0,0.0
4281,substation_4281.png,0.0,1.0,6.0,0.0,0.0,0.0
4276,substation_4276.png,0.0,0.0,0.0,0.0,0.0,0.0
4283,substation_4283.png,0.0,0.0,1.0,0.0,1.0,0.0
4280,substation_4280.png,1.0,0.0,0.0,0.0,1.0,0.0
4282,substation_4282.png,1.0,0.0,0.0,0.0,0.0,0.0
4284,substation_4284.png,0.0,1.0,0.0,0.0,0.0,0.0
4285,substation_4285.png,0.0,0.0,0.0,0.0,0.0,0.0
4288,substation_4288.png,0.0,0.0,4.0,0.0,0.0,0.0
4291,substation_4291.png,0.0,0.0,1.0,0.0,0.0,0.0
4293,substation_4293.png,1.0,0.0,2.0,0.0,0.0,0.0
4290,substation_4290.png,1.0,0.0,0.0,0.0,0.0,0.0
4294,substation_4294.png,0.0,0.0,0.0,0.0,0.0,0.0
4289,substation_4289.png,3.0,0.0,1.0,0.0,0.0,0.0
4286,substation_4286.png,0.0,0.0,0.0,0.0,0.0,0.0
4292,substation_4292.png,1.0,0.0,0.0,0.0,0.0,0.0
4295,substation_4295.png,2.0,0.0,1.0,0.0,0.0,0.0
4287,substation_4287.png,0.0,0.0,7.0,0.0,0.0,0.0
4298,substation_4298.png,0.0,0.0,0.0,0.0,0.0,0.0
4297,substation_4297.png,0.0,0.0,0.0,0.0,0.0,0.0
4300,substation_4300.png,0.0,0.0,4.0,0.0,0.0,0.0
4301,substation_4301.png,1.0,0.0,1.0,0.0,0.0,0.0
4296,substation_4296.png,0.0,0.0,0.0,0.0,1.0,0.0
4299,substation_4299.png,0.0,0.0,0.0,0.0,0.0,0.0
4304,substation_4304.png,0.0,1.0,0.0,1.0,0.0,0.0
4303,substation_4303.png,1.0,0.0,0.0,0.0,0.0,0.0
4306,substation_4306.png,2.0,0.0,0.0,0.0,0.0,0.0
4302,substation_4302.png,0.0,0.0,0.0,0.0,0.0,0.0
4305,substation_4305.png,2.0,0.0,4.0,0.0,0.0,0.0
4307,substation_4307.png,2.0,0.0,5.0,0.0,0.0,0.0
4308,substation_4308.png,0.0,0.0,8.0,0.0,0.0,0.0
4310,substation_4310.png,0.0,0.0,0.0,0.0,0.0,0.0
4309,substation_4309.png,1.0,0.0,1.0,0.0,0.0,0.0
4311,substation_4311.png,0.0,0.0,1.0,0.0,0.0,0.0
4313,substation_4313.png,0.0,0.0,0.0,0.0,0.0,0.0
4312,substation_4312.png,1.0,0.0,0.0,0.0,0.0,0.0
4317,substation_4317.png,1.0,0.0,1.0,0.0,0.0,0.0
4314,substation_4314.png,0.0,0.0,3.0,0.0,0.0,0.0
4318,substation_4318.png,1.0,0.0,0.0,0.0,0.0,0.0
4315,substation_4315.png,0.0,0.0,0.0,0.0,1.0,0.0
4319,substation_4319.png,0.0,0.0,8.0,1.0,0.0,0.0
4316,substation_4316.png,1.0,0.0,3.0,0.0,0.0,0.0
4320,substation_4320.png,0.0,0.0,3.0,1.0,0.0,0.0
4322,substation_4322.png,1.0,0.0,0.0,0.0,1.0,0.0
4323,substation_4323.png,0.0,0.0,0.0,0.0,0.0,0.0
4330,substation_4330.png,0.0,0.0,2.0,0.0,0.0,0.0
4324,substation_4324.png,0.0,0.0,0.0,0.0,0.0,0.0
4329,substation_4329.png,3.0,1.0,4.0,0.0,0.0,0.0
4325,substation_4325.png,0.0,0.0,0.0,0.0,0.0,0.0
4327,substation_4327.png,0.0,0.0,2.0,0.0,0.0,0.0
4326,substation_4326.png,0.0,0.0,1.0,0.0,0.0,0.0
4328,substation_4328.png,4.0,0.0,3.0,0.0,0.0,0.0
4321,substation_4321.png,0.0,0.0,0.0,0.0,0.0,0.0
4334,substation_4334.png,4.0,0.0,0.0,0.0,0.0,0.0
4332,substation_4332.png,0.0,0.0,1.0,0.0,0.0,0.0
4331,substation_4331.png,0.0,0.0,0.0,0.0,0.0,0.0
4335,substation_4335.png,0.0,0.0,0.0,0.0,0.0,0.0
4333,substation_4333.png,1.0,0.0,0.0,0.0,0.0,0.0
4338,substation_4338.png,0.0,0.0,0.0,2.0,0.0,0.0
4337,substation_4337.png,0.0,0.0,0.0,1.0,0.0,0.0
4336,substation_4336.png,1.0,0.0,0.0,0.0,0.0,0.0
4342,substation_4342.png,2.0,0.0,0.0,0.0,1.0,0.0
4340,substation_4340.png,2.0,0.0,0.0,0.0,0.0,0.0
4341,substation_4341.png,0.0,0.0,0.0,0.0,0.0,0.0
4344,substation_4344.png,0.0,0.0,2.0,0.0,0.0,0.0
4343,substation_4343.png,1.0,0.0,0.0,0.0,0.0,0.0
4339,substation_4339.png,0.0,0.0,0.0,0.0,0.0,0.0
4349,substation_4349.png,0.0,0.0,0.0,0.0,0.0,0.0
4345,substation_4345.png,0.0,0.0,0.0,0.0,0.0,0.0
4347,substation_4347.png,0.0,0.0,1.0,0.0,0.0,0.0
4348,substation_4348.png,0.0,0.0,2.0,0.0,0.0,0.0
4351,substation_4351.png,0.0,0.0,0.0,0.0,0.0,0.0
4346,substation_4346.png,3.0,0.0,0.0,0.0,0.0,0.0
4350,substation_4350.png,0.0,0.0,0.0,0.0,2.0,0.0
4353,substation_4353.png,0.0,1.0,1.0,0.0,0.0,0.0
4355,substation_4355.png,1.0,0.0,1.0,0.0,0.0,0.0
4352,substation_4352.png,0.0,1.0,0.0,0.0,1.0,0.0
4354,substation_4354.png,3.0,0.0,0.0,0.0,0.0,0.0
4356,substation_4356.png,1.0,0.0,0.0,0.0,1.0,0.0
4357,substation_4357.png,6.0,0.0,0.0,0.0,0.0,0.0
4359,substation_4359.png,3.0,1.0,0.0,0.0,0.0,0.0
4362,substation_4362.png,0.0,0.0,0.0,0.0,0.0,0.0
4358,substation_4358.png,0.0,0.0,0.0,1.0,0.0,0.0
4361,substation_4361.png,0.0,0.0,0.0,0.0,0.0,0.0
4360,substation_4360.png,0.0,0.0,1.0,0.0,0.0,0.0
4363,substation_4363.png,0.0,0.0,3.0,0.0,1.0,0.0
4367,substation_4367.png,4.0,0.0,1.0,0.0,0.0,0.0
4369,substation_4369.png,0.0,0.0,0.0,0.0,1.0,0.0
4365,substation_4365.png,0.0,0.0,5.0,0.0,0.0,0.0
4366,substation_4366.png,0.0,0.0,0.0,0.0,0.0,0.0
4364,substation_4364.png,2.0,0.0,6.0,0.0,0.0,0.0
4368,substation_4368.png,0.0,0.0,0.0,1.0,2.0,0.0
4373,substation_4373.png,1.0,0.0,0.0,0.0,0.0,0.0
4372,substation_4372.png,0.0,0.0,0.0,0.0,0.0,0.0
4374,substation_4374.png,0.0,0.0,0.0,0.0,0.0,0.0
4370,substation_4370.png,1.0,0.0,0.0,0.0,0.0,0.0
4371,substation_4371.png,0.0,0.0,1.0,0.0,0.0,0.0
4377,substation_4377.png,0.0,1.0,0.0,0.0,0.0,0.0
4376,substation_4376.png,0.0,0.0,0.0,0.0,0.0,0.0
4375,substation_4375.png,0.0,0.0,0.0,1.0,0.0,0.0
4379,substation_4379.png,0.0,0.0,0.0,0.0,0.0,0.0
4383,substation_4383.png,1.0,0.0,0.0,0.0,1.0,0.0
4380,substation_4380.png,1.0,0.0,4.0,0.0,0.0,0.0
4378,substation_4378.png,0.0,1.0,0.0,0.0,0.0,0.0
4382,substation_4382.png,0.0,0.0,0.0,0.0,1.0,0.0
4387,substation_4387.png,3.0,0.0,1.0,0.0,0.0,0.0
4385,substation_4385.png,2.0,0.0,1.0,0.0,0.0,0.0
4381,substation_4381.png,0.0,0.0,0.0,1.0,0.0,0.0
4386,substation_4386.png,0.0,0.0,2.0,0.0,0.0,0.0
4384,substation_4384.png,1.0,0.0,0.0,0.0,0.0,0.0
4389,substation_4389.png,0.0,0.0,0.0,0.0,0.0,0.0
4388,substation_4388.png,0.0,1.0,0.0,0.0,0.0,0.0
4391,substation_4391.png,1.0,0.0,3.0,0.0,0.0,0.0
4393,substation_4393.png,1.0,0.0,0.0,0.0,0.0,0.0
4396,substation_4396.png,0.0,0.0,0.0,0.0,0.0,0.0
4392,substation_4392.png,2.0,0.0,0.0,0.0,0.0,0.0
4398,substation_4398.png,1.0,0.0,0.0,1.0,1.0,0.0
4395,substation_4395.png,0.0,0.0,2.0,0.0,0.0,0.0
4397,substation_4397.png,0.0,0.0,2.0,0.0,0.0,0.0
4390,substation_4390.png,0.0,0.0,0.0,0.0,0.0,0.0
4399,substation_4399.png,2.0,0.0,5.0,0.0,0.0,0.0
4400,substation_4400.png,0.0,0.0,1.0,0.0,0.0,0.0
4394,substation_4394.png,0.0,0.0,0.0,0.0,0.0,0.0
4401,substation_4401.png,2.0,0.0,0.0,0.0,1.0,0.0
4402,substation_4402.png,2.0,0.0,0.0,0.0,0.0,0.0
4403,substation_4403.png,0.0,0.0,0.0,0.0,0.0,0.0
4405,substation_4405.png,0.0,0.0,2.0,0.0,0.0,0.0
4406,substation_4406.png,1.0,0.0,0.0,1.0,0.0,0.0
4413,substation_4413.png,0.0,1.0,0.0,2.0,0.0,0.0
4408,substation_4408.png,2.0,1.0,0.0,0.0,0.0,0.0
4411,substation_4411.png,2.0,0.0,2.0,0.0,0.0,0.0
4409,substation_4409.png,0.0,0.0,2.0,0.0,0.0,0.0
4414,substation_4414.png,3.0,4.0,1.0,1.0,0.0,0.0
4412,substation_4412.png,0.0,0.0,0.0,0.0,0.0,0.0
4407,substation_4407.png,1.0,1.0,1.0,0.0,0.0,0.0
4410,substation_4410.png,0.0,0.0,0.0,0.0,1.0,0.0
4416,substation_4416.png,1.0,0.0,0.0,0.0,0.0,0.0
4404,substation_4404.png,0.0,0.0,0.0,0.0,0.0,0.0
4417,substation_4417.png,1.0,0.0,0.0,1.0,0.0,0.0
4415,substation_4415.png,0.0,0.0,0.0,0.0,0.0,0.0
4419,substation_4419.png,0.0,0.0,2.0,0.0,0.0,0.0
4418,substation_4418.png,1.0,0.0,0.0,0.0,0.0,0.0
4422,substation_4422.png,0.0,0.0,0.0,0.0,0.0,0.0
4420,substation_4420.png,0.0,0.0,0.0,0.0,0.0,0.0
4421,substation_4421.png,0.0,0.0,0.0,0.0,0.0,0.0
4429,substation_4429.png,0.0,0.0,3.0,0.0,0.0,0.0
4425,substation_4425.png,2.0,1.0,0.0,0.0,0.0,0.0
4423,substation_4423.png,0.0,0.0,0.0,0.0,0.0,0.0
4426,substation_4426.png,1.0,0.0,0.0,0.0,0.0,0.0
4428,substation_4428.png,1.0,0.0,0.0,0.0,0.0,0.0
4427,substation_4427.png,0.0,0.0,0.0,0.0,1.0,0.0
4424,substation_4424.png,0.0,0.0,0.0,0.0,0.0,0.0
4430,substation_4430.png,2.0,0.0,0.0,0.0,0.0,0.0
4432,substation_4432.png,1.0,0.0,0.0,0.0,0.0,0.0
4434,substation_4434.png,2.0,1.0,5.0,0.0,0.0,0.0
4433,substation_4433.png,1.0,0.0,1.0,1.0,0.0,0.0
4431,substation_4431.png,0.0,0.0,2.0,0.0,0.0,0.0
4435,substation_4435.png,0.0,1.0,2.0,0.0,0.0,0.0
4436,substation_4436.png,1.0,0.0,2.0,0.0,0.0,0.0
4437,substation_4437.png,5.0,0.0,3.0,0.0,0.0,0.0
4439,substation_4439.png,0.0,0.0,0.0,0.0,0.0,0.0
4438,substation_4438.png,1.0,0.0,0.0,0.0,0.0,0.0
4442,substation_4442.png,0.0,0.0,1.0,0.0,0.0,0.0
4440,substation_4440.png,0.0,0.0,0.0,1.0,0.0,0.0
4441,substation_4441.png,2.0,0.0,0.0,0.0,0.0,0.0
4445,substation_4445.png,1.0,0.0,0.0,0.0,0.0,0.0
4449,substation_4449.png,1.0,0.0,2.0,0.0,0.0,0.0
4443,substation_4443.png,0.0,0.0,0.0,0.0,0.0,0.0
4447,substation_4447.png,0.0,2.0,0.0,0.0,1.0,0.0
4448,substation_4448.png,1.0,0.0,0.0,0.0,0.0,0.0
4444,substation_4444.png,1.0,3.0,0.0,1.0,0.0,0.0
4450,substation_4450.png,0.0,0.0,0.0,0.0,0.0,0.0
4451,substation_4451.png,0.0,0.0,0.0,0.0,0.0,0.0
4446,substation_4446.png,0.0,0.0,0.0,1.0,0.0,0.0
4452,substation_4452.png,3.0,0.0,1.0,0.0,1.0,0.0
4453,substation_4453.png,0.0,0.0,0.0,0.0,0.0,0.0
4454,substation_4454.png,0.0,0.0,0.0,0.0,0.0,0.0
4456,substation_4456.png,0.0,0.0,0.0,0.0,0.0,0.0
4455,substation_4455.png,1.0,0.0,0.0,0.0,0.0,0.0
4460,substation_4460.png,0.0,0.0,1.0,1.0,0.0,0.0
4458,substation_4458.png,0.0,0.0,0.0,0.0,0.0,0.0
4457,substation_4457.png,0.0,0.0,0.0,0.0,0.0,0.0
4459,substation_4459.png,1.0,0.0,0.0,0.0,0.0,0.0
4461,substation_4461.png,1.0,0.0,3.0,0.0,0.0,0.0
4463,substation_4463.png,0.0,0.0,1.0,0.0,0.0,0.0
4468,substation_4468.png,0.0,0.0,0.0,0.0,0.0,0.0
4464,substation_4464.png,3.0,0.0,0.0,0.0,0.0,0.0
4462,substation_4462.png,1.0,0.0,2.0,0.0,0.0,0.0
4465,substation_4465.png,1.0,0.0,5.0,0.0,0.0,0.0
4469,substation_4469.png,0.0,0.0,1.0,0.0,0.0,0.0
4471,substation_4471.png,1.0,1.0,3.0,0.0,0.0,0.0
4466,substation_4466.png,1.0,0.0,0.0,0.0,0.0,0.0
4474,substation_4474.png,2.0,0.0,0.0,0.0,0.0,0.0
4472,substation_4472.png,0.0,0.0,4.0,0.0,0.0,0.0
4470,substation_4470.png,0.0,0.0,0.0,0.0,1.0,0.0
4475,substation_4475.png,0.0,0.0,0.0,0.0,1.0,0.0
4473,substation_4473.png,1.0,0.0,0.0,0.0,0.0,0.0
4480,substation_4480.png,0.0,0.0,3.0,0.0,0.0,0.0
4477,substation_4477.png,0.0,0.0,0.0,0.0,0.0,0.0
4467,substation_4467.png,1.0,1.0,0.0,0.0,0.0,0.0
4478,substation_4478.png,3.0,0.0,0.0,0.0,0.0,0.0
4481,substation_4481.png,1.0,0.0,0.0,0.0,0.0,0.0
4479,substation_4479.png,0.0,0.0,0.0,1.0,0.0,0.0
4476,substation_4476.png,0.0,0.0,0.0,0.0,0.0,0.0
4484,substation_4484.png,0.0,0.0,10.0,0.0,0.0,0.0
4486,substation_4486.png,2.0,0.0,0.0,0.0,1.0,0.0
4482,substation_4482.png,4.0,0.0,0.0,0.0,0.0,0.0
4483,substation_4483.png,0.0,0.0,5.0,0.0,0.0,0.0
4487,substation_4487.png,6.0,0.0,0.0,0.0,0.0,0.0
4488,substation_4488.png,1.0,0.0,2.0,0.0,0.0,0.0
4485,substation_4485.png,0.0,0.0,0.0,0.0,0.0,0.0
4492,substation_4492.png,4.0,0.0,0.0,0.0,0.0,0.0
4490,substation_4490.png,1.0,0.0,1.0,0.0,0.0,0.0
4489,substation_4489.png,0.0,0.0,0.0,2.0,0.0,0.0
4491,substation_4491.png,0.0,0.0,0.0,0.0,0.0,0.0
4493,substation_4493.png,4.0,0.0,0.0,0.0,0.0,0.0
4494,substation_4494.png,0.0,0.0,3.0,0.0,0.0,0.0
4498,substation_4498.png,0.0,0.0,0.0,0.0,0.0,0.0
4503,substation_4503.png,0.0,0.0,0.0,1.0,0.0,0.0
4500,substation_4500.png,1.0,0.0,7.0,0.0,0.0,0.0
4499,substation_4499.png,0.0,0.0,0.0,0.0,0.0,0.0
4496,substation_4496.png,1.0,0.0,0.0,0.0,0.0,0.0
4501,substation_4501.png,0.0,0.0,0.0,0.0,0.0,0.0
4497,substation_4497.png,0.0,0.0,0.0,0.0,0.0,0.0
4502,substation_4502.png,0.0,0.0,1.0,0.0,1.0,0.0
4495,substation_4495.png,0.0,0.0,0.0,0.0,0.0,0.0
4504,substation_4504.png,0.0,0.0,5.0,0.0,2.0,0.0
4505,substation_4505.png,0.0,0.0,0.0,0.0,0.0,0.0
4508,substation_4508.png,0.0,0.0,6.0,0.0,0.0,0.0
4506,substation_4506.png,1.0,0.0,1.0,0.0,0.0,0.0
4507,substation_4507.png,1.0,0.0,0.0,0.0,0.0,0.0
4511,substation_4511.png,0.0,0.0,1.0,3.0,0.0,0.0
4509,substation_4509.png,1.0,0.0,1.0,0.0,0.0,0.0
4510,substation_4510.png,1.0,0.0,1.0,0.0,0.0,0.0
4513,substation_4513.png,1.0,0.0,0.0,0.0,0.0,0.0
4512,substation_4512.png,1.0,0.0,0.0,3.0,0.0,0.0
4515,substation_4515.png,0.0,0.0,0.0,0.0,0.0,0.0
4517,substation_4517.png,0.0,0.0,5.0,1.0,0.0,0.0
4518,substation_4518.png,0.0,0.0,0.0,0.0,0.0,0.0
4522,substation_4522.png,0.0,0.0,0.0,0.0,0.0,0.0
4514,substation_4514.png,0.0,0.0,0.0,0.0,0.0,0.0
4520,substation_4520.png,0.0,0.0,0.0,0.0,0.0,0.0
4521,substation_4521.png,2.0,0.0,0.0,0.0,0.0,0.0
4516,substation_4516.png,1.0,0.0,0.0,0.0,0.0,0.0
4525,substation_4525.png,1.0,0.0,1.0,0.0,0.0,0.0
4524,substation_4524.png,0.0,0.0,0.0,0.0,0.0,0.0
4523,substation_4523.png,0.0,0.0,0.0,0.0,0.0,0.0
4526,substation_4526.png,1.0,1.0,0.0,1.0,0.0,0.0
4527,substation_4527.png,0.0,0.0,0.0,0.0,0.0,0.0
4519,substation_4519.png,2.0,0.0,0.0,0.0,1.0,0.0
4530,substation_4530.png,0.0,0.0,0.0,0.0,0.0,0.0
4529,substation_4529.png,0.0,0.0,1.0,0.0,0.0,0.0
4528,substation_4528.png,2.0,0.0,4.0,1.0,0.0,0.0
4534,substation_4534.png,0.0,1.0,3.0,0.0,0.0,0.0
4536,substation_4536.png,0.0,0.0,0.0,1.0,0.0,0.0
4532,substation_4532.png,2.0,0.0,0.0,0.0,0.0,0.0
4533,substation_4533.png,0.0,0.0,3.0,0.0,0.0,0.0
4531,substation_4531.png,0.0,0.0,1.0,0.0,0.0,0.0
4535,substation_4535.png,0.0,1.0,0.0,0.0,0.0,0.0
4541,substation_4541.png,2.0,0.0,4.0,0.0,0.0,0.0
4539,substation_4539.png,0.0,0.0,0.0,0.0,0.0,0.0
4538,substation_4538.png,1.0,0.0,0.0,0.0,0.0,0.0
4542,substation_4542.png,0.0,0.0,0.0,0.0,0.0,0.0
4544,substation_4544.png,0.0,0.0,0.0,1.0,0.0,0.0
4537,substation_4537.png,0.0,0.0,0.0,0.0,0.0,0.0
4547,substation_4547.png,0.0,0.0,0.0,0.0,2.0,0.0
4540,substation_4540.png,0.0,0.0,0.0,0.0,1.0,0.0
4546,substation_4546.png,1.0,0.0,0.0,0.0,0.0,0.0
4543,substation_4543.png,1.0,0.0,0.0,0.0,1.0,0.0
4545,substation_4545.png,2.0,0.0,0.0,0.0,0.0,0.0
4548,substation_4548.png,1.0,0.0,0.0,0.0,0.0,0.0
4552,substation_4552.png,1.0,0.0,0.0,0.0,1.0,0.0
4556,substation_4556.png,0.0,0.0,0.0,0.0,0.0,0.0
4550,substation_4550.png,0.0,0.0,3.0,1.0,0.0,0.0
4549,substation_4549.png,0.0,0.0,0.0,0.0,0.0,0.0
4551,substation_4551.png,2.0,0.0,0.0,0.0,0.0,0.0
4555,substation_4555.png,0.0,0.0,0.0,0.0,0.0,0.0
4554,substation_4554.png,0.0,0.0,0.0,0.0,1.0,0.0
4553,substation_4553.png,0.0,0.0,0.0,1.0,0.0,0.0
4559,substation_4559.png,3.0,0.0,0.0,0.0,0.0,0.0
4557,substation_4557.png,0.0,0.0,0.0,0.0,0.0,0.0
4558,substation_4558.png,1.0,1.0,0.0,3.0,0.0,0.0
4562,substation_4562.png,0.0,0.0,3.0,0.0,0.0,0.0
4560,substation_4560.png,0.0,0.0,0.0,0.0,0.0,0.0
4561,substation_4561.png,0.0,0.0,2.0,0.0,0.0,0.0
4566,substation_4566.png,1.0,0.0,0.0,0.0,1.0,0.0
4564,substation_4564.png,0.0,0.0,0.0,0.0,1.0,0.0
4563,substation_4563.png,0.0,0.0,0.0,0.0,1.0,0.0
4565,substation_4565.png,0.0,0.0,0.0,0.0,0.0,0.0
4569,substation_4569.png,0.0,0.0,0.0,0.0,0.0,0.0
4568,substation_4568.png,0.0,0.0,0.0,0.0,0.0,0.0
4567,substation_4567.png,0.0,0.0,0.0,0.0,0.0,0.0
4570,substation_4570.png,2.0,0.0,0.0,0.0,0.0,0.0
4571,substation_4571.png,1.0,0.0,2.0,0.0,0.0,0.0
4573,substation_4573.png,2.0,0.0,0.0,0.0,0.0,0.0
4579,substation_4579.png,0.0,0.0,3.0,0.0,0.0,0.0
4578,substation_4578.png,3.0,0.0,0.0,0.0,0.0,0.0
4580,substation_4580.png,0.0,0.0,2.0,4.0,0.0,0.0
4577,substation_4577.png,1.0,0.0,0.0,0.0,0.0,0.0
4572,substation_4572.png,1.0,0.0,0.0,0.0,0.0,0.0
4576,substation_4576.png,0.0,0.0,0.0,0.0,1.0,0.0
4575,substation_4575.png,0.0,0.0,0.0,0.0,0.0,0.0
4581,substation_4581.png,0.0,0.0,0.0,1.0,0.0,0.0
4574,substation_4574.png,0.0,1.0,0.0,0.0,0.0,0.0
4583,substation_4583.png,0.0,0.0,0.0,0.0,0.0,0.0
4582,substation_4582.png,0.0,0.0,0.0,0.0,1.0,0.0
4584,substation_4584.png,0.0,0.0,0.0,0.0,0.0,0.0
4586,substation_4586.png,4.0,0.0,0.0,0.0,0.0,0.0
4588,substation_4588.png,2.0,1.0,1.0,0.0,0.0,0.0
4591,substation_4591.png,2.0,0.0,5.0,0.0,0.0,0.0
4585,substation_4585.png,2.0,0.0,0.0,0.0,0.0,0.0
4590,substation_4590.png,0.0,4.0,0.0,1.0,0.0,0.0
4587,substation_4587.png,0.0,0.0,0.0,0.0,0.0,0.0
4589,substation_4589.png,0.0,0.0,0.0,0.0,1.0,0.0
4595,substation_4595.png,0.0,0.0,3.0,0.0,0.0,0.0
4592,substation_4592.png,3.0,0.0,0.0,0.0,0.0,0.0
4596,substation_4596.png,0.0,0.0,0.0,0.0,0.0,0.0
4594,substation_4594.png,2.0,1.0,1.0,0.0,0.0,0.0
4593,substation_4593.png,1.0,0.0,0.0,0.0,0.0,0.0
4598,substation_4598.png,1.0,0.0,2.0,0.0,0.0,0.0
4600,substation_4600.png,0.0,0.0,0.0,0.0,0.0,0.0
4597,substation_4597.png,2.0,0.0,1.0,1.0,0.0,0.0
4599,substation_4599.png,1.0,0.0,2.0,0.0,0.0,0.0
4602,substation_4602.png,0.0,0.0,0.0,1.0,0.0,0.0
4601,substation_4601.png,1.0,0.0,0.0,0.0,0.0,0.0
4607,substation_4607.png,0.0,0.0,0.0,0.0,0.0,0.0
4605,substation_4605.png,0.0,0.0,0.0,0.0,1.0,0.0
4606,substation_4606.png,0.0,0.0,0.0,0.0,1.0,0.0
4603,substation_4603.png,2.0,0.0,0.0,0.0,0.0,0.0
4610,substation_4610.png,4.0,0.0,0.0,0.0,0.0,0.0
4604,substation_4604.png,0.0,0.0,0.0,0.0,0.0,0.0
4608,substation_4608.png,1.0,0.0,1.0,0.0,0.0,0.0
4609,substation_4609.png,1.0,2.0,0.0,5.0,0.0,0.0
4611,substation_4611.png,2.0,0.0,0.0,0.0,0.0,0.0
4613,substation_4613.png,0.0,0.0,0.0,1.0,0.0,0.0
4612,substation_4612.png,1.0,0.0,0.0,0.0,0.0,0.0
4614,substation_4614.png,2.0,1.0,0.0,0.0,0.0,0.0
4615,substation_4615.png,1.0,0.0,0.0,0.0,1.0,0.0
4617,substation_4617.png,0.0,0.0,0.0,0.0,0.0,0.0
4621,substation_4621.png,0.0,0.0,2.0,0.0,0.0,0.0
4618,substation_4618.png,0.0,0.0,0.0,1.0,0.0,0.0
4624,substation_4624.png,0.0,0.0,0.0,0.0,0.0,0.0
4616,substation_4616.png,0.0,0.0,0.0,2.0,0.0,0.0
4620,substation_4620.png,1.0,0.0,0.0,0.0,0.0,0.0
4623,substation_4623.png,0.0,0.0,1.0,0.0,0.0,0.0
4619,substation_4619.png,0.0,0.0,0.0,1.0,0.0,0.0
4627,substation_4627.png,0.0,1.0,0.0,0.0,0.0,0.0
4625,substation_4625.png,0.0,0.0,0.0,0.0,0.0,0.0
4626,substation_4626.png,0.0,0.0,0.0,0.0,0.0,0.0
4622,substation_4622.png,2.0,0.0,2.0,0.0,0.0,0.0
4628,substation_4628.png,0.0,4.0,1.0,0.0,0.0,0.0
4629,substation_4629.png,0.0,0.0,0.0,0.0,1.0,0.0
4632,substation_4632.png,0.0,0.0,0.0,0.0,0.0,0.0
4633,substation_4633.png,0.0,0.0,0.0,0.0,0.0,0.0
4637,substation_4637.png,0.0,0.0,3.0,0.0,0.0,0.0
4630,substation_4630.png,0.0,0.0,0.0,1.0,0.0,0.0
4631,substation_4631.png,0.0,0.0,0.0,0.0,0.0,0.0
4636,substation_4636.png,0.0,0.0,0.0,0.0,0.0,0.0
4639,substation_4639.png,0.0,0.0,0.0,0.0,0.0,0.0
4634,substation_4634.png,3.0,2.0,0.0,2.0,0.0,0.0
4635,substation_4635.png,2.0,0.0,0.0,0.0,0.0,0.0
4640,substation_4640.png,0.0,1.0,0.0,0.0,0.0,0.0
4638,substation_4638.png,0.0,0.0,0.0,0.0,0.0,0.0
4642,substation_4642.png,1.0,0.0,0.0,0.0,0.0,0.0
4644,substation_4644.png,5.0,0.0,1.0,0.0,0.0,0.0
4641,substation_4641.png,2.0,0.0,0.0,0.0,0.0,0.0
4643,substation_4643.png,0.0,0.0,6.0,0.0,0.0,0.0
4645,substation_4645.png,2.0,0.0,0.0,0.0,0.0,0.0
4647,substation_4647.png,0.0,0.0,0.0,0.0,0.0,0.0
4648,substation_4648.png,1.0,0.0,0.0,1.0,0.0,0.0
4650,substation_4650.png,2.0,0.0,5.0,0.0,0.0,0.0
4649,substation_4649.png,1.0,0.0,0.0,0.0,0.0,0.0
4646,substation_4646.png,0.0,0.0,0.0,0.0,0.0,0.0
4653,substation_4653.png,1.0,0.0,3.0,0.0,0.0,0.0
4651,substation_4651.png,1.0,0.0,0.0,0.0,0.0,0.0
4652,substation_4652.png,0.0,0.0,3.0,0.0,0.0,0.0
4655,substation_4655.png,0.0,0.0,3.0,0.0,0.0,0.0
4654,substation_4654.png,0.0,0.0,0.0,0.0,0.0,0.0
4659,substation_4659.png,1.0,0.0,0.0,0.0,0.0,0.0
4656,substation_4656.png,1.0,0.0,0.0,0.0,0.0,0.0
4662,substation_4662.png,0.0,0.0,2.0,0.0,0.0,0.0
4660,substation_4660.png,0.0,0.0,0.0,0.0,1.0,0.0
4658,substation_4658.png,0.0,0.0,0.0,0.0,1.0,0.0
4661,substation_4661.png,0.0,0.0,0.0,0.0,0.0,0.0
4657,substation_4657.png,0.0,0.0,3.0,0.0,0.0,0.0
4663,substation_4663.png,1.0,0.0,0.0,0.0,0.0,0.0
4665,substation_4665.png,1.0,0.0,0.0,0.0,0.0,0.0
4664,substation_4664.png,4.0,1.0,1.0,0.0,0.0,0.0
4667,substation_4667.png,2.0,0.0,4.0,0.0,0.0,0.0
4668,substation_4668.png,0.0,0.0,0.0,0.0,0.0,0.0
4672,substation_4672.png,0.0,0.0,0.0,0.0,0.0,0.0
4666,substation_4666.png,0.0,0.0,0.0,0.0,1.0,0.0
4673,substation_4673.png,3.0,0.0,0.0,1.0,0.0,0.0
4671,substation_4671.png,0.0,0.0,0.0,0.0,0.0,0.0
4670,substation_4670.png,2.0,0.0,5.0,0.0,0.0,0.0
4675,substation_4675.png,0.0,0.0,0.0,0.0,1.0,0.0
4677,substation_4677.png,2.0,0.0,1.0,0.0,0.0,0.0
4669,substation_4669.png,3.0,0.0,0.0,0.0,1.0,0.0
4676,substation_4676.png,3.0,0.0,3.0,0.0,0.0,0.0
4674,substation_4674.png,0.0,0.0,0.0,0.0,0.0,0.0
4681,substation_4681.png,0.0,0.0,0.0,0.0,0.0,0.0
4680,substation_4680.png,0.0,0.0,0.0,0.0,0.0,0.0
4679,substation_4679.png,0.0,0.0,0.0,0.0,0.0,0.0
4684,substation_4684.png,0.0,0.0,0.0,0.0,0.0,0.0
4683,substation_4683.png,0.0,0.0,0.0,0.0,1.0,0.0
4678,substation_4678.png,1.0,0.0,0.0,0.0,0.0,0.0
4685,substation_4685.png,2.0,0.0,2.0,0.0,0.0,0.0
4686,substation_4686.png,3.0,5.0,6.0,1.0,0.0,0.0
4687,substation_4687.png,0.0,0.0,0.0,2.0,0.0,0.0
4682,substation_4682.png,2.0,0.0,0.0,0.0,0.0,0.0
4688,substation_4688.png,1.0,0.0,0.0,0.0,0.0,0.0
4690,substation_4690.png,1.0,0.0,0.0,0.0,0.0,0.0
4689,substation_4689.png,0.0,0.0,0.0,0.0,0.0,0.0
4691,substation_4691.png,0.0,0.0,1.0,1.0,0.0,0.0
4692,substation_4692.png,0.0,0.0,1.0,0.0,0.0,0.0
4696,substation_4696.png,1.0,0.0,0.0,0.0,1.0,0.0
4694,substation_4694.png,0.0,0.0,0.0,1.0,0.0,0.0
4695,substation_4695.png,1.0,0.0,0.0,1.0,0.0,0.0
4697,substation_4697.png,2.0,0.0,0.0,0.0,0.0,0.0
4699,substation_4699.png,1.0,0.0,4.0,2.0,0.0,0.0
4700,substation_4700.png,0.0,0.0,0.0,0.0,0.0,0.0
4693,substation_4693.png,0.0,0.0,0.0,1.0,0.0,0.0
4698,substation_4698.png,0.0,1.0,0.0,0.0,0.0,0.0
4704,substation_4704.png,0.0,0.0,8.0,0.0,0.0,0.0
4702,substation_4702.png,1.0,0.0,0.0,0.0,0.0,0.0
4706,substation_4706.png,0.0,0.0,3.0,0.0,0.0,0.0
4701,substation_4701.png,1.0,0.0,0.0,0.0,0.0,0.0
4703,substation_4703.png,2.0,0.0,1.0,0.0,0.0,0.0
4707,substation_4707.png,1.0,0.0,0.0,0.0,0.0,0.0
4705,substation_4705.png,0.0,0.0,0.0,0.0,0.0,0.0
4710,substation_4710.png,2.0,0.0,0.0,0.0,0.0,0.0
4709,substation_4709.png,0.0,0.0,4.0,0.0,0.0,0.0
4711,substation_4711.png,1.0,0.0,0.0,0.0,0.0,0.0
4708,substation_4708.png,0.0,0.0,0.0,0.0,0.0,0.0
4714,substation_4714.png,2.0,0.0,1.0,0.0,0.0,0.0
4715,substation_4715.png,2.0,0.0,5.0,0.0,0.0,0.0
4712,substation_4712.png,0.0,0.0,0.0,0.0,0.0,0.0
4719,substation_4719.png,6.0,0.0,6.0,0.0,0.0,0.0
4713,substation_4713.png,1.0,0.0,0.0,0.0,0.0,0.0
4716,substation_4716.png,0.0,0.0,0.0,0.0,0.0,0.0
4718,substation_4718.png,0.0,0.0,0.0,0.0,0.0,0.0
4721,substation_4721.png,0.0,0.0,1.0,0.0,1.0,0.0
4720,substation_4720.png,2.0,0.0,0.0,0.0,0.0,0.0
4717,substation_4717.png,1.0,2.0,3.0,1.0,0.0,0.0
4722,substation_4722.png,1.0,0.0,7.0,0.0,1.0,0.0
4725,substation_4725.png,0.0,0.0,0.0,0.0,0.0,0.0
4726,substation_4726.png,0.0,0.0,0.0,0.0,1.0,0.0
4724,substation_4724.png,0.0,0.0,0.0,0.0,1.0,0.0
4728,substation_4728.png,0.0,1.0,0.0,1.0,0.0,0.0
4731,substation_4731.png,1.0,0.0,0.0,0.0,0.0,0.0
4723,substation_4723.png,1.0,2.0,0.0,0.0,0.0,0.0
4727,substation_4727.png,0.0,3.0,0.0,0.0,0.0,0.0
4730,substation_4730.png,1.0,0.0,0.0,0.0,0.0,0.0
4735,substation_4735.png,0.0,0.0,0.0,0.0,0.0,0.0
4736,substation_4736.png,1.0,0.0,1.0,0.0,0.0,0.0
4729,substation_4729.png,3.0,0.0,1.0,2.0,0.0,0.0
4732,substation_4732.png,1.0,0.0,2.0,0.0,0.0,0.0
4733,substation_4733.png,2.0,0.0,0.0,0.0,0.0,0.0
4734,substation_4734.png,0.0,0.0,0.0,0.0,1.0,0.0
4738,substation_4738.png,0.0,0.0,0.0,0.0,0.0,0.0
4739,substation_4739.png,1.0,0.0,11.0,0.0,0.0,0.0
4741,substation_4741.png,0.0,1.0,0.0,0.0,0.0,0.0
4737,substation_4737.png,0.0,0.0,0.0,0.0,0.0,0.0
4740,substation_4740.png,0.0,0.0,0.0,0.0,0.0,0.0
4744,substation_4744.png,0.0,0.0,1.0,1.0,0.0,0.0
4742,substation_4742.png,0.0,0.0,0.0,0.0,0.0,0.0
4743,substation_4743.png,2.0,1.0,0.0,0.0,0.0,0.0
4747,substation_4747.png,0.0,0.0,1.0,0.0,0.0,0.0
4748,substation_4748.png,1.0,0.0,0.0,0.0,0.0,0.0
4745,substation_4745.png,0.0,0.0,0.0,0.0,0.0,0.0
4749,substation_4749.png,0.0,0.0,0.0,0.0,0.0,0.0
4746,substation_4746.png,2.0,0.0,1.0,0.0,0.0,0.0
4750,substation_4750.png,3.0,3.0,0.0,2.0,0.0,0.0
4753,substation_4753.png,0.0,0.0,0.0,0.0,1.0,0.0
4751,substation_4751.png,0.0,0.0,0.0,0.0,0.0,0.0
4755,substation_4755.png,0.0,0.0,0.0,0.0,0.0,0.0
4757,substation_4757.png,2.0,0.0,0.0,0.0,0.0,0.0
4756,substation_4756.png,2.0,0.0,2.0,0.0,0.0,0.0
4760,substation_4760.png,1.0,0.0,1.0,0.0,1.0,0.0
4759,substation_4759.png,1.0,0.0,0.0,0.0,0.0,0.0
4758,substation_4758.png,0.0,0.0,2.0,0.0,0.0,0.0
4761,substation_4761.png,0.0,0.0,1.0,0.0,0.0,0.0
4752,substation_4752.png,1.0,0.0,3.0,0.0,0.0,0.0
4754,substation_4754.png,0.0,0.0,0.0,0.0,1.0,0.0
4764,substation_4764.png,0.0,0.0,1.0,0.0,0.0,0.0
4763,substation_4763.png,0.0,0.0,0.0,0.0,0.0,0.0
4766,substation_4766.png,0.0,0.0,0.0,0.0,0.0,0.0
4762,substation_4762.png,0.0,0.0,2.0,0.0,0.0,0.0
4767,substation_4767.png,4.0,0.0,3.0,0.0,0.0,0.0
4769,substation_4769.png,0.0,0.0,0.0,0.0,0.0,0.0
4768,substation_4768.png,0.0,0.0,0.0,0.0,0.0,0.0
4770,substation_4770.png,1.0,0.0,0.0,0.0,0.0,0.0
4771,substation_4771.png,2.0,0.0,0.0,0.0,0.0,0.0
4765,substation_4765.png,0.0,0.0,0.0,0.0,0.0,0.0
4772,substation_4772.png,3.0,0.0,10.0,0.0,0.0,0.0
4773,substation_4773.png,0.0,0.0,4.0,0.0,0.0,0.0
4775,substation_4775.png,1.0,2.0,0.0,0.0,0.0,0.0
4777,substation_4777.png,0.0,0.0,0.0,0.0,0.0,0.0
4774,substation_4774.png,1.0,0.0,0.0,0.0,0.0,0.0
4779,substation_4779.png,0.0,0.0,2.0,0.0,0.0,0.0
4778,substation_4778.png,1.0,0.0,0.0,2.0,0.0,0.0
4784,substation_4784.png,0.0,0.0,0.0,0.0,0.0,0.0
4776,substation_4776.png,1.0,1.0,0.0,0.0,0.0,0.0
4780,substation_4780.png,1.0,0.0,1.0,0.0,0.0,0.0
4782,substation_4782.png,1.0,0.0,0.0,0.0,0.0,0.0
4781,substation_4781.png,0.0,0.0,0.0,0.0,0.0,0.0
4787,substation_4787.png,0.0,0.0,0.0,1.0,0.0,0.0
4783,substation_4783.png,0.0,0.0,0.0,0.0,0.0,0.0
4789,substation_4789.png,0.0,0.0,0.0,0.0,0.0,0.0
4788,substation_4788.png,2.0,0.0,0.0,0.0,0.0,0.0
4786,substation_4786.png,0.0,0.0,0.0,0.0,0.0,0.0
4785,substation_4785.png,1.0,0.0,1.0,0.0,0.0,0.0
4790,substation_4790.png,0.0,0.0,0.0,1.0,0.0,0.0
4791,substation_4791.png,0.0,0.0,0.0,0.0,0.0,0.0
4794,substation_4794.png,0.0,0.0,0.0,0.0,0.0,0.0
4792,substation_4792.png,0.0,0.0,0.0,0.0,1.0,0.0
4793,substation_4793.png,0.0,0.0,0.0,1.0,1.0,0.0
4796,substation_4796.png,0.0,0.0,0.0,0.0,0.0,0.0
4797,substation_4797.png,0.0,0.0,0.0,0.0,0.0,0.0
4795,substation_4795.png,3.0,0.0,0.0,0.0,0.0,0.0
4798,substation_4798.png,2.0,0.0,5.0,0.0,0.0,0.0
4803,substation_4803.png,1.0,0.0,0.0,0.0,0.0,0.0
4802,substation_4802.png,0.0,0.0,3.0,0.0,0.0,0.0
4801,substation_4801.png,0.0,0.0,0.0,0.0,0.0,0.0
4804,substation_4804.png,0.0,0.0,14.0,0.0,0.0,0.0
4799,substation_4799.png,1.0,0.0,0.0,0.0,1.0,0.0
4800,substation_4800.png,2.0,0.0,0.0,0.0,0.0,0.0
4806,substation_4806.png,0.0,0.0,0.0,0.0,0.0,0.0
4807,substation_4807.png,1.0,0.0,0.0,0.0,1.0,0.0
4808,substation_4808.png,0.0,0.0,0.0,1.0,1.0,0.0
4811,substation_4811.png,1.0,0.0,0.0,0.0,0.0,0.0
4805,substation_4805.png,0.0,0.0,0.0,0.0,0.0,0.0
4810,substation_4810.png,0.0,0.0,5.0,0.0,1.0,0.0
4809,substation_4809.png,0.0,0.0,0.0,1.0,0.0,0.0
4812,substation_4812.png,0.0,0.0,0.0,0.0,0.0,0.0
4813,substation_4813.png,0.0,0.0,0.0,0.0,0.0,0.0
4817,substation_4817.png,1.0,0.0,1.0,0.0,0.0,0.0
4814,substation_4814.png,0.0,0.0,0.0,0.0,0.0,0.0
4815,substation_4815.png,1.0,0.0,0.0,1.0,1.0,0.0
4816,substation_4816.png,1.0,0.0,2.0,0.0,0.0,0.0
4820,substation_4820.png,0.0,0.0,0.0,0.0,0.0,0.0
4818,substation_4818.png,0.0,0.0,0.0,0.0,0.0,0.0
4821,substation_4821.png,0.0,0.0,2.0,0.0,0.0,0.0
4823,substation_4823.png,0.0,0.0,0.0,0.0,0.0,0.0
4822,substation_4822.png,1.0,0.0,0.0,0.0,0.0,0.0
4826,substation_4826.png,0.0,0.0,2.0,0.0,0.0,0.0
4824,substation_4824.png,0.0,0.0,0.0,0.0,0.0,0.0
4827,substation_4827.png,1.0,0.0,8.0,0.0,0.0,0.0
4819,substation_4819.png,0.0,0.0,0.0,0.0,0.0,0.0
4825,substation_4825.png,0.0,0.0,0.0,1.0,0.0,0.0
4828,substation_4828.png,0.0,0.0,0.0,1.0,0.0,0.0
4829,substation_4829.png,3.0,0.0,0.0,0.0,0.0,0.0
4837,substation_4837.png,1.0,1.0,0.0,0.0,0.0,0.0
4833,substation_4833.png,4.0,0.0,0.0,0.0,0.0,0.0
4834,substation_4834.png,2.0,0.0,0.0,0.0,1.0,0.0
4839,substation_4839.png,0.0,0.0,0.0,0.0,0.0,0.0
4830,substation_4830.png,2.0,0.0,0.0,1.0,0.0,0.0
4836,substation_4836.png,1.0,1.0,0.0,0.0,0.0,0.0
4831,substation_4831.png,1.0,0.0,0.0,0.0,0.0,0.0
4835,substation_4835.png,2.0,0.0,1.0,0.0,0.0,0.0
4832,substation_4832.png,1.0,0.0,0.0,0.0,0.0,0.0
4838,substation_4838.png,1.0,0.0,1.0,0.0,0.0,0.0
4840,substation_4840.png,0.0,0.0,0.0,0.0,1.0,0.0
4844,substation_4844.png,0.0,0.0,0.0,0.0,0.0,0.0
4841,substation_4841.png,2.0,0.0,0.0,0.0,0.0,0.0
4843,substation_4843.png,0.0,0.0,2.0,0.0,0.0,0.0
4842,substation_4842.png,0.0,0.0,0.0,0.0,0.0,0.0
4846,substation_4846.png,4.0,0.0,0.0,0.0,0.0,0.0
4847,substation_4847.png,1.0,0.0,0.0,0.0,0.0,0.0
4845,substation_4845.png,0.0,0.0,0.0,0.0,0.0,0.0
4848,substation_4848.png,0.0,0.0,1.0,0.0,0.0,0.0
4850,substation_4850.png,1.0,0.0,0.0,0.0,0.0,0.0
4851,substation_4851.png,0.0,0.0,1.0,0.0,0.0,0.0
4852,substation_4852.png,1.0,0.0,2.0,0.0,0.0,0.0
4854,substation_4854.png,1.0,0.0,0.0,0.0,0.0,0.0
4849,substation_4849.png,0.0,0.0,0.0,0.0,0.0,0.0
4855,substation_4855.png,0.0,0.0,0.0,3.0,1.0,0.0
4856,substation_4856.png,0.0,0.0,0.0,0.0,1.0,0.0
4859,substation_4859.png,3.0,0.0,0.0,2.0,0.0,0.0
4853,substation_4853.png,2.0,0.0,0.0,0.0,0.0,0.0
4857,substation_4857.png,0.0,0.0,0.0,0.0,1.0,0.0
4860,substation_4860.png,2.0,0.0,0.0,0.0,1.0,0.0
4863,substation_4863.png,1.0,0.0,0.0,0.0,0.0,0.0
4862,substation_4862.png,3.0,0.0,0.0,0.0,0.0,0.0
4858,substation_4858.png,2.0,0.0,0.0,0.0,0.0,0.0
4864,substation_4864.png,0.0,0.0,0.0,1.0,1.0,0.0
4861,substation_4861.png,0.0,0.0,0.0,0.0,0.0,0.0
4869,substation_4869.png,0.0,0.0,0.0,0.0,0.0,0.0
4865,substation_4865.png,0.0,0.0,0.0,0.0,1.0,0.0
4868,substation_4868.png,1.0,0.0,0.0,0.0,0.0,0.0
4867,substation_4867.png,0.0,0.0,0.0,0.0,0.0,0.0
4870,substation_4870.png,0.0,0.0,0.0,0.0,0.0,0.0
4866,substation_4866.png,3.0,2.0,0.0,0.0,0.0,0.0
4873,substation_4873.png,0.0,0.0,0.0,0.0,0.0,0.0
4874,substation_4874.png,1.0,0.0,0.0,0.0,0.0,0.0
4871,substation_4871.png,0.0,0.0,0.0,0.0,0.0,0.0
4872,substation_4872.png,0.0,0.0,0.0,0.0,0.0,0.0
4876,substation_4876.png,2.0,1.0,3.0,0.0,0.0,0.0
4875,substation_4875.png,0.0,0.0,1.0,0.0,0.0,0.0
4877,substation_4877.png,0.0,0.0,0.0,0.0,0.0,0.0
4879,substation_4879.png,1.0,0.0,4.0,0.0,0.0,0.0
4880,substation_4880.png,0.0,0.0,0.0,0.0,0.0,0.0
4878,substation_4878.png,1.0,0.0,0.0,2.0,0.0,0.0
4882,substation_4882.png,0.0,0.0,0.0,0.0,0.0,0.0
4883,substation_4883.png,0.0,0.0,0.0,0.0,0.0,0.0
4884,substation_4884.png,0.0,0.0,0.0,0.0,0.0,0.0
4881,substation_4881.png,0.0,0.0,0.0,0.0,0.0,0.0
4886,substation_4886.png,0.0,0.0,0.0,0.0,0.0,0.0
4888,substation_4888.png,1.0,0.0,0.0,0.0,0.0,0.0
4890,substation_4890.png,2.0,1.0,0.0,0.0,0.0,0.0
4887,substation_4887.png,3.0,0.0,0.0,0.0,0.0,0.0
4885,substation_4885.png,0.0,0.0,0.0,0.0,0.0,0.0
4889,substation_4889.png,0.0,0.0,4.0,0.0,1.0,0.0
4891,substation_4891.png,0.0,0.0,0.0,0.0,0.0,0.0
4894,substation_4894.png,2.0,0.0,0.0,0.0,0.0,0.0
4892,substation_4892.png,0.0,0.0,0.0,0.0,0.0,0.0
4895,substation_4895.png,0.0,0.0,0.0,1.0,0.0,0.0
4897,substation_4897.png,1.0,1.0,6.0,4.0,0.0,0.0
4898,substation_4898.png,1.0,0.0,0.0,1.0,0.0,0.0
4893,substation_4893.png,1.0,0.0,0.0,0.0,0.0,0.0
4896,substation_4896.png,1.0,0.0,3.0,1.0,0.0,0.0
4901,substation_4901.png,0.0,0.0,1.0,2.0,0.0,0.0
4905,substation_4905.png,2.0,5.0,1.0,0.0,0.0,0.0
4899,substation_4899.png,0.0,0.0,0.0,0.0,0.0,0.0
4902,substation_4902.png,0.0,0.0,0.0,0.0,0.0,0.0
4904,substation_4904.png,0.0,0.0,0.0,0.0,0.0,0.0
4900,substation_4900.png,0.0,0.0,0.0,4.0,0.0,0.0
4903,substation_4903.png,2.0,0.0,6.0,0.0,0.0,0.0
4906,substation_4906.png,0.0,0.0,0.0,0.0,0.0,0.0
4907,substation_4907.png,0.0,0.0,0.0,1.0,0.0,0.0
4913,substation_4913.png,0.0,0.0,6.0,0.0,0.0,0.0
4908,substation_4908.png,0.0,0.0,0.0,0.0,0.0,0.0
4918,substation_4918.png,1.0,0.0,1.0,0.0,0.0,0.0
4911,substation_4911.png,0.0,0.0,1.0,0.0,0.0,0.0
4910,substation_4910.png,0.0,0.0,0.0,0.0,1.0,0.0
4912,substation_4912.png,0.0,0.0,0.0,0.0,0.0,0.0
4915,substation_4915.png,0.0,0.0,1.0,0.0,0.0,0.0
4916,substation_4916.png,0.0,0.0,2.0,0.0,0.0,0.0
4917,substation_4917.png,0.0,0.0,6.0,0.0,0.0,0.0
4914,substation_4914.png,0.0,0.0,0.0,0.0,0.0,0.0
4909,substation_4909.png,1.0,0.0,0.0,0.0,0.0,0.0
4922,substation_4922.png,0.0,0.0,0.0,0.0,0.0,0.0
4919,substation_4919.png,0.0,0.0,0.0,0.0,0.0,0.0
4920,substation_4920.png,1.0,0.0,2.0,0.0,0.0,0.0
4926,substation_4926.png,1.0,0.0,0.0,0.0,0.0,0.0
4921,substation_4921.png,0.0,0.0,0.0,0.0,0.0,0.0
4923,substation_4923.png,0.0,0.0,0.0,0.0,0.0,0.0
4924,substation_4924.png,0.0,0.0,0.0,1.0,0.0,0.0
4925,substation_4925.png,3.0,2.0,1.0,0.0,0.0,0.0
4927,substation_4927.png,2.0,0.0,2.0,0.0,0.0,0.0
4930,substation_4930.png,0.0,0.0,0.0,0.0,0.0,0.0
4929,substation_4929.png,1.0,0.0,0.0,0.0,0.0,0.0
4928,substation_4928.png,0.0,0.0,0.0,0.0,0.0,0.0
4933,substation_4933.png,0.0,1.0,3.0,0.0,0.0,0.0
4932,substation_4932.png,0.0,0.0,0.0,4.0,0.0,0.0
4931,substation_4931.png,2.0,0.0,0.0,0.0,0.0,0.0
4936,substation_4936.png,1.0,0.0,0.0,0.0,0.0,0.0
4937,substation_4937.png,1.0,0.0,0.0,0.0,0.0,0.0
4934,substation_4934.png,1.0,0.0,0.0,0.0,0.0,0.0
4935,substation_4935.png,0.0,0.0,0.0,0.0,0.0,0.0
4939,substation_4939.png,0.0,0.0,0.0,0.0,1.0,0.0
4940,substation_4940.png,1.0,0.0,0.0,0.0,0.0,0.0
4938,substation_4938.png,0.0,0.0,0.0,0.0,0.0,0.0
4941,substation_4941.png,0.0,0.0,0.0,0.0,0.0,0.0
4943,substation_4943.png,1.0,0.0,0.0,0.0,0.0,0.0
4944,substation_4944.png,0.0,0.0,3.0,0.0,0.0,0.0
4946,substation_4946.png,1.0,0.0,3.0,0.0,0.0,0.0
4945,substation_4945.png,0.0,0.0,0.0,0.0,0.0,0.0
4947,substation_4947.png,0.0,1.0,0.0,0.0,0.0,0.0
4942,substation_4942.png,1.0,0.0,0.0,0.0,0.0,0.0
4948,substation_4948.png,0.0,0.0,1.0,0.0,0.0,0.0
4949,substation_4949.png,0.0,0.0,11.0,0.0,0.0,0.0
4950,substation_4950.png,4.0,0.0,1.0,0.0,0.0,0.0
4952,substation_4952.png,0.0,0.0,0.0,0.0,0.0,0.0
4951,substation_4951.png,3.0,0.0,2.0,0.0,0.0,0.0
4954,substation_4954.png,0.0,0.0,0.0,0.0,0.0,0.0
4953,substation_4953.png,1.0,0.0,0.0,0.0,0.0,0.0
4958,substation_4958.png,0.0,1.0,0.0,1.0,0.0,0.0
4956,substation_4956.png,0.0,0.0,0.0,1.0,0.0,0.0
4957,substation_4957.png,8.0,0.0,0.0,0.0,0.0,0.0
4955,substation_4955.png,2.0,0.0,0.0,0.0,0.0,0.0
4961,substation_4961.png,1.0,0.0,2.0,0.0,0.0,0.0
4959,substation_4959.png,0.0,0.0,0.0,0.0,0.0,0.0
4960,substation_4960.png,0.0,0.0,4.0,0.0,0.0,0.0
4962,substation_4962.png,1.0,0.0,4.0,0.0,0.0,0.0
4963,substation_4963.png,0.0,0.0,0.0,0.0,0.0,0.0
4965,substation_4965.png,0.0,0.0,0.0,0.0,1.0,0.0
4967,substation_4967.png,1.0,0.0,0.0,0.0,0.0,0.0
4966,substation_4966.png,0.0,0.0,2.0,1.0,0.0,0.0
4970,substation_4970.png,0.0,0.0,2.0,0.0,0.0,0.0
4968,substation_4968.png,3.0,0.0,0.0,0.0,0.0,0.0
4964,substation_4964.png,0.0,0.0,0.0,0.0,0.0,0.0
4972,substation_4972.png,0.0,0.0,0.0,0.0,0.0,0.0
4969,substation_4969.png,3.0,0.0,0.0,0.0,0.0,0.0
4976,substation_4976.png,1.0,0.0,3.0,0.0,0.0,0.0
4974,substation_4974.png,3.0,0.0,0.0,0.0,0.0,0.0
4971,substation_4971.png,3.0,0.0,0.0,0.0,0.0,0.0
4973,substation_4973.png,0.0,0.0,0.0,0.0,0.0,0.0
4975,substation_4975.png,1.0,1.0,0.0,0.0,0.0,0.0
4977,substation_4977.png,1.0,1.0,3.0,0.0,0.0,0.0
4978,substation_4978.png,1.0,1.0,3.0,0.0,0.0,0.0
4984,substation_4984.png,2.0,3.0,0.0,0.0,0.0,0.0
4981,substation_4981.png,4.0,0.0,0.0,0.0,0.0,0.0
4980,substation_4980.png,4.0,0.0,0.0,0.0,0.0,0.0
4982,substation_4982.png,0.0,0.0,0.0,0.0,0.0,0.0
4979,substation_4979.png,0.0,0.0,0.0,0.0,0.0,0.0
4986,substation_4986.png,1.0,0.0,0.0,0.0,0.0,0.0
4983,substation_4983.png,0.0,0.0,0.0,0.0,1.0,0.0
4987,substation_4987.png,2.0,0.0,0.0,0.0,0.0,0.0
4985,substation_4985.png,0.0,0.0,0.0,0.0,0.0,0.0
4989,substation_4989.png,0.0,0.0,3.0,0.0,0.0,0.0
4988,substation_4988.png,1.0,0.0,1.0,0.0,1.0,0.0
4990,substation_4990.png,2.0,0.0,0.0,0.0,0.0,0.0
4994,substation_4994.png,2.0,0.0,0.0,0.0,0.0,0.0
4992,substation_4992.png,0.0,0.0,0.0,0.0,0.0,0.0
4996,substation_4996.png,5.0,0.0,0.0,0.0,0.0,0.0
4991,substation_4991.png,0.0,0.0,0.0,0.0,0.0,0.0
4993,substation_4993.png,1.0,0.0,0.0,0.0,0.0,0.0
4995,substation_4995.png,0.0,0.0,0.0,0.0,0.0,0.0
4997,substation_4997.png,0.0,1.0,0.0,3.0,0.0,0.0
5000,substation_5000.png,1.0,0.0,0.0,0.0,0.0,0.0
4999,substation_4999.png,0.0,0.0,0.0,0.0,0.0,0.0
5001,substation_5001.png,0.0,0.0,1.0,0.0,0.0,0.0
4998,substation_4998.png,0.0,0.0,0.0,0.0,0.0,0.0
5008,substation_5008.png,2.0,0.0,0.0,0.0,0.0,0.0
5006,substation_5006.png,0.0,0.0,0.0,0.0,0.0,0.0
5002,substation_5002.png,1.0,0.0,0.0,0.0,0.0,0.0
5004,substation_5004.png,0.0,0.0,0.0,0.0,0.0,0.0
5005,substation_5005.png,0.0,0.0,0.0,0.0,0.0,0.0
5007,substation_5007.png,0.0,0.0,1.0,0.0,0.0,0.0
5003,substation_5003.png,0.0,0.0,0.0,0.0,0.0,0.0
5009,substation_5009.png,1.0,0.0,1.0,0.0,0.0,0.0
5010,substation_5010.png,0.0,0.0,0.0,0.0,0.0,0.0
5013,substation_5013.png,0.0,0.0,0.0,1.0,0.0,0.0
5011,substation_5011.png,0.0,0.0,0.0,0.0,0.0,0.0
5012,substation_5012.png,0.0,0.0,0.0,0.0,0.0,0.0
5015,substation_5015.png,1.0,0.0,0.0,0.0,0.0,0.0
5014,substation_5014.png,1.0,0.0,2.0,0.0,0.0,0.0
5017,substation_5017.png,2.0,0.0,0.0,0.0,0.0,0.0
5018,substation_5018.png,4.0,0.0,1.0,0.0,0.0,0.0
5016,substation_5016.png,5.0,0.0,1.0,0.0,0.0,0.0
5021,substation_5021.png,0.0,0.0,0.0,0.0,0.0,0.0
5019,substation_5019.png,0.0,0.0,1.0,0.0,0.0,0.0
5020,substation_5020.png,1.0,0.0,3.0,0.0,0.0,0.0
5025,substation_5025.png,0.0,0.0,1.0,0.0,0.0,0.0
5027,substation_5027.png,0.0,0.0,0.0,3.0,0.0,0.0
5024,substation_5024.png,0.0,0.0,2.0,0.0,0.0,0.0
5026,substation_5026.png,1.0,0.0,0.0,0.0,0.0,0.0
5028,substation_5028.png,0.0,0.0,0.0,0.0,0.0,0.0
5023,substation_5023.png,1.0,0.0,0.0,1.0,0.0,0.0
5029,substation_5029.png,1.0,0.0,0.0,0.0,1.0,0.0
5022,substation_5022.png,0.0,0.0,0.0,1.0,1.0,0.0
5032,substation_5032.png,2.0,0.0,0.0,0.0,1.0,0.0
5031,substation_5031.png,0.0,0.0,0.0,0.0,1.0,0.0
5030,substation_5030.png,0.0,0.0,0.0,0.0,0.0,0.0
5038,substation_5038.png,2.0,0.0,0.0,0.0,0.0,0.0
5034,substation_5034.png,0.0,0.0,0.0,0.0,0.0,0.0
5037,substation_5037.png,4.0,0.0,0.0,0.0,0.0,0.0
5035,substation_5035.png,2.0,0.0,0.0,0.0,0.0,0.0
5040,substation_5040.png,2.0,0.0,0.0,0.0,0.0,0.0
5041,substation_5041.png,0.0,0.0,0.0,0.0,0.0,0.0
5042,substation_5042.png,0.0,0.0,0.0,0.0,0.0,0.0
5033,substation_5033.png,1.0,0.0,0.0,0.0,0.0,0.0
5039,substation_5039.png,1.0,0.0,0.0,1.0,0.0,0.0
5043,substation_5043.png,1.0,0.0,0.0,0.0,0.0,0.0
5047,substation_5047.png,0.0,0.0,8.0,1.0,0.0,0.0
5036,substation_5036.png,0.0,0.0,0.0,1.0,0.0,0.0
5046,substation_5046.png,0.0,0.0,0.0,0.0,0.0,0.0
5044,substation_5044.png,3.0,0.0,0.0,0.0,0.0,0.0
5050,substation_5050.png,2.0,0.0,0.0,4.0,0.0,0.0
5045,substation_5045.png,0.0,0.0,0.0,0.0,1.0,0.0
5051,substation_5051.png,0.0,0.0,0.0,0.0,0.0,0.0
5048,substation_5048.png,0.0,0.0,0.0,0.0,0.0,0.0
5049,substation_5049.png,1.0,0.0,5.0,0.0,0.0,0.0
5052,substation_5052.png,1.0,0.0,0.0,0.0,0.0,0.0
5053,substation_5053.png,0.0,0.0,0.0,0.0,0.0,0.0
5057,substation_5057.png,0.0,0.0,1.0,0.0,0.0,0.0
5055,substation_5055.png,1.0,0.0,0.0,0.0,0.0,0.0
5058,substation_5058.png,1.0,0.0,0.0,0.0,0.0,0.0
5056,substation_5056.png,0.0,0.0,0.0,1.0,0.0,0.0
5059,substation_5059.png,0.0,0.0,1.0,0.0,0.0,0.0
5061,substation_5061.png,1.0,0.0,2.0,0.0,0.0,0.0
5060,substation_5060.png,0.0,0.0,0.0,2.0,0.0,0.0
5062,substation_5062.png,0.0,0.0,2.0,0.0,0.0,0.0
5065,substation_5065.png,8.0,0.0,0.0,0.0,0.0,0.0
5054,substation_5054.png,1.0,0.0,2.0,0.0,1.0,0.0
5064,substation_5064.png,0.0,0.0,1.0,0.0,1.0,0.0
5063,substation_5063.png,1.0,1.0,1.0,1.0,0.0,0.0
5071,substation_5071.png,0.0,6.0,0.0,2.0,0.0,0.0
5066,substation_5066.png,0.0,0.0,0.0,0.0,0.0,0.0
5067,substation_5067.png,3.0,0.0,1.0,0.0,0.0,0.0
5072,substation_5072.png,3.0,0.0,0.0,0.0,0.0,0.0
5069,substation_5069.png,5.0,0.0,0.0,0.0,0.0,0.0
5068,substation_5068.png,2.0,0.0,6.0,0.0,0.0,0.0
5075,substation_5075.png,2.0,0.0,0.0,0.0,0.0,0.0
5070,substation_5070.png,2.0,0.0,0.0,0.0,0.0,0.0
5074,substation_5074.png,3.0,0.0,0.0,0.0,0.0,0.0
5073,substation_5073.png,1.0,0.0,0.0,0.0,0.0,0.0
5076,substation_5076.png,0.0,0.0,0.0,0.0,0.0,0.0
5080,substation_5080.png,2.0,0.0,1.0,0.0,0.0,0.0
5079,substation_5079.png,1.0,0.0,0.0,0.0,0.0,0.0
5077,substation_5077.png,0.0,2.0,0.0,0.0,0.0,0.0
5082,substation_5082.png,0.0,0.0,3.0,0.0,1.0,0.0
5081,substation_5081.png,1.0,0.0,6.0,0.0,0.0,0.0
5086,substation_5086.png,1.0,0.0,0.0,1.0,0.0,0.0
5085,substation_5085.png,1.0,0.0,0.0,0.0,0.0,0.0
5083,substation_5083.png,0.0,0.0,0.0,0.0,0.0,0.0
5078,substation_5078.png,1.0,0.0,1.0,0.0,0.0,0.0
5089,substation_5089.png,1.0,2.0,0.0,2.0,0.0,0.0
5084,substation_5084.png,3.0,0.0,1.0,0.0,0.0,0.0
3084,substation_3084.png,0.0,0.0,0.0,1.0,0.0,0.0
3090,substation_3090.png,0.0,0.0,0.0,0.0,0.0,0.0
3088,substation_3088.png,1.0,0.0,0.0,0.0,0.0,0.0
3091,substation_3091.png,1.0,1.0,0.0,2.0,0.0,0.0
3092,substation_3092.png,0.0,0.0,0.0,0.0,1.0,0.0
3099,substation_3099.png,0.0,0.0,0.0,0.0,0.0,0.0
3098,substation_3098.png,2.0,0.0,0.0,0.0,0.0,0.0
3094,substation_3094.png,3.0,0.0,2.0,0.0,0.0,0.0
3095,substation_3095.png,2.0,0.0,2.0,0.0,0.0,0.0
3096,substation_3096.png,0.0,0.0,0.0,0.0,0.0,0.0
3097,substation_3097.png,2.0,0.0,6.0,0.0,0.0,0.0
3101,substation_3101.png,2.0,0.0,1.0,0.0,0.0,0.0
3104,substation_3104.png,1.0,0.0,0.0,0.0,0.0,0.0
3102,substation_3102.png,0.0,0.0,2.0,0.0,0.0,0.0
3100,substation_3100.png,0.0,0.0,0.0,0.0,0.0,0.0
3093,substation_3093.png,0.0,0.0,2.0,0.0,0.0,0.0
3107,substation_3107.png,0.0,0.0,1.0,0.0,0.0,0.0
3108,substation_3108.png,0.0,0.0,0.0,0.0,0.0,0.0
3105,substation_3105.png,3.0,0.0,0.0,0.0,0.0,0.0
3106,substation_3106.png,1.0,0.0,0.0,0.0,0.0,0.0
3103,substation_3103.png,1.0,0.0,12.0,0.0,0.0,0.0
3109,substation_3109.png,0.0,0.0,0.0,0.0,0.0,0.0
3110,substation_3110.png,0.0,0.0,5.0,0.0,0.0,0.0
3111,substation_3111.png,2.0,0.0,1.0,0.0,0.0,0.0
3114,substation_3114.png,2.0,0.0,0.0,0.0,0.0,0.0
3112,substation_3112.png,1.0,0.0,1.0,0.0,0.0,0.0
3115,substation_3115.png,0.0,3.0,0.0,0.0,1.0,0.0
3117,substation_3117.png,3.0,0.0,0.0,0.0,0.0,0.0
3116,substation_3116.png,0.0,0.0,0.0,0.0,0.0,0.0
3121,substation_3121.png,0.0,0.0,2.0,0.0,0.0,0.0
3118,substation_3118.png,3.0,0.0,4.0,1.0,0.0,0.0
3113,substation_3113.png,0.0,0.0,0.0,0.0,0.0,0.0
3120,substation_3120.png,7.0,0.0,0.0,0.0,0.0,0.0
3119,substation_3119.png,0.0,0.0,3.0,0.0,0.0,0.0
3123,substation_3123.png,0.0,0.0,0.0,0.0,0.0,0.0
3126,substation_3126.png,1.0,0.0,1.0,0.0,0.0,0.0
3131,substation_3131.png,0.0,0.0,1.0,0.0,0.0,0.0
3124,substation_3124.png,1.0,0.0,1.0,0.0,0.0,0.0
3122,substation_3122.png,0.0,0.0,0.0,1.0,0.0,0.0
3127,substation_3127.png,0.0,0.0,0.0,0.0,0.0,0.0
3125,substation_3125.png,2.0,0.0,0.0,0.0,1.0,0.0
3132,substation_3132.png,0.0,2.0,1.0,0.0,0.0,0.0
3129,substation_3129.png,0.0,0.0,0.0,0.0,0.0,0.0
3130,substation_3130.png,1.0,0.0,0.0,0.0,0.0,0.0
3133,substation_3133.png,0.0,0.0,0.0,0.0,0.0,0.0
3128,substation_3128.png,2.0,0.0,0.0,0.0,0.0,0.0
3134,substation_3134.png,0.0,0.0,2.0,0.0,0.0,0.0
3137,substation_3137.png,0.0,0.0,0.0,0.0,0.0,0.0
3140,substation_3140.png,1.0,0.0,2.0,0.0,0.0,0.0
3136,substation_3136.png,0.0,0.0,0.0,1.0,0.0,0.0
3139,substation_3139.png,0.0,0.0,0.0,0.0,0.0,0.0
3135,substation_3135.png,0.0,0.0,2.0,0.0,1.0,0.0
3138,substation_3138.png,0.0,0.0,0.0,0.0,0.0,0.0
3146,substation_3146.png,0.0,0.0,3.0,0.0,0.0,0.0
3141,substation_3141.png,0.0,0.0,4.0,0.0,0.0,0.0
3143,substation_3143.png,1.0,0.0,9.0,0.0,0.0,0.0
3142,substation_3142.png,1.0,0.0,0.0,1.0,1.0,0.0
3144,substation_3144.png,1.0,0.0,1.0,0.0,0.0,0.0
3145,substation_3145.png,0.0,0.0,0.0,0.0,0.0,0.0
3147,substation_3147.png,2.0,0.0,0.0,0.0,0.0,0.0
3150,substation_3150.png,1.0,0.0,4.0,0.0,0.0,0.0
3151,substation_3151.png,2.0,0.0,5.0,0.0,0.0,0.0
3148,substation_3148.png,2.0,0.0,0.0,0.0,0.0,0.0
3152,substation_3152.png,1.0,0.0,2.0,0.0,0.0,0.0
3153,substation_3153.png,5.0,3.0,1.0,1.0,0.0,0.0
3149,substation_3149.png,1.0,0.0,0.0,0.0,0.0,0.0
3155,substation_3155.png,0.0,0.0,0.0,0.0,0.0,0.0
3154,substation_3154.png,0.0,0.0,0.0,0.0,0.0,0.0
3158,substation_3158.png,4.0,0.0,1.0,0.0,0.0,0.0
3157,substation_3157.png,0.0,0.0,0.0,0.0,1.0,0.0
3156,substation_3156.png,0.0,0.0,0.0,0.0,0.0,0.0
3159,substation_3159.png,4.0,0.0,0.0,1.0,0.0,0.0
3163,substation_3163.png,2.0,0.0,0.0,0.0,0.0,0.0
3162,substation_3162.png,5.0,0.0,0.0,0.0,0.0,0.0
3164,substation_3164.png,0.0,0.0,0.0,0.0,0.0,0.0
3166,substation_3166.png,1.0,0.0,2.0,0.0,1.0,0.0
3161,substation_3161.png,3.0,0.0,0.0,0.0,0.0,0.0
3167,substation_3167.png,3.0,0.0,6.0,0.0,0.0,0.0
3168,substation_3168.png,0.0,0.0,0.0,3.0,0.0,0.0
3160,substation_3160.png,6.0,4.0,1.0,0.0,0.0,0.0
3165,substation_3165.png,0.0,0.0,0.0,0.0,0.0,0.0
3170,substation_3170.png,1.0,0.0,1.0,0.0,0.0,0.0
3169,substation_3169.png,0.0,0.0,0.0,0.0,0.0,0.0
3171,substation_3171.png,0.0,0.0,4.0,0.0,0.0,0.0
3173,substation_3173.png,3.0,0.0,0.0,0.0,1.0,0.0
3172,substation_3172.png,2.0,0.0,2.0,0.0,0.0,0.0
3177,substation_3177.png,2.0,0.0,0.0,0.0,0.0,0.0
3179,substation_3179.png,0.0,0.0,0.0,0.0,0.0,0.0
3180,substation_3180.png,2.0,0.0,2.0,0.0,0.0,0.0
3174,substation_3174.png,3.0,0.0,0.0,0.0,0.0,0.0
3181,substation_3181.png,2.0,0.0,0.0,0.0,0.0,0.0
3176,substation_3176.png,1.0,0.0,5.0,0.0,0.0,0.0
3178,substation_3178.png,0.0,0.0,0.0,1.0,0.0,0.0
3182,substation_3182.png,1.0,0.0,1.0,0.0,0.0,0.0
3184,substation_3184.png,0.0,0.0,2.0,0.0,0.0,0.0
3183,substation_3183.png,0.0,3.0,0.0,0.0,1.0,0.0
3185,substation_3185.png,1.0,0.0,0.0,0.0,0.0,0.0
3175,substation_3175.png,3.0,0.0,0.0,0.0,0.0,0.0
3190,substation_3190.png,2.0,0.0,2.0,0.0,0.0,0.0
3189,substation_3189.png,1.0,0.0,1.0,0.0,0.0,0.0
3186,substation_3186.png,1.0,0.0,16.0,2.0,0.0,0.0
3192,substation_3192.png,0.0,0.0,0.0,0.0,0.0,0.0
3193,substation_3193.png,1.0,2.0,3.0,0.0,0.0,0.0
3187,substation_3187.png,3.0,0.0,0.0,0.0,2.0,0.0
3188,substation_3188.png,2.0,0.0,0.0,0.0,0.0,0.0
3191,substation_3191.png,6.0,0.0,5.0,0.0,0.0,0.0
3195,substation_3195.png,4.0,0.0,0.0,0.0,0.0,1.0
3194,substation_3194.png,1.0,0.0,0.0,0.0,0.0,0.0
3196,substation_3196.png,0.0,0.0,0.0,0.0,0.0,0.0
3199,substation_3199.png,2.0,0.0,0.0,0.0,0.0,0.0
3198,substation_3198.png,3.0,0.0,1.0,0.0,0.0,0.0
3203,substation_3203.png,3.0,0.0,2.0,0.0,0.0,0.0
3201,substation_3201.png,0.0,0.0,0.0,0.0,1.0,0.0
3197,substation_3197.png,5.0,0.0,0.0,0.0,1.0,0.0
3200,substation_3200.png,0.0,0.0,3.0,0.0,0.0,0.0
3202,substation_3202.png,1.0,0.0,4.0,0.0,0.0,0.0
3204,substation_3204.png,1.0,0.0,1.0,0.0,0.0,0.0
3206,substation_3206.png,1.0,0.0,0.0,0.0,0.0,0.0
3205,substation_3205.png,5.0,0.0,7.0,0.0,0.0,0.0
3208,substation_3208.png,2.0,0.0,0.0,0.0,0.0,0.0
3207,substation_3207.png,0.0,0.0,0.0,0.0,0.0,0.0
3212,substation_3212.png,1.0,0.0,1.0,0.0,0.0,0.0
3215,substation_3215.png,3.0,0.0,0.0,1.0,0.0,0.0
3211,substation_3211.png,1.0,0.0,0.0,0.0,0.0,0.0
3213,substation_3213.png,0.0,0.0,0.0,0.0,0.0,0.0
3216,substation_3216.png,1.0,0.0,0.0,0.0,0.0,0.0
3214,substation_3214.png,2.0,0.0,5.0,0.0,0.0,0.0
3217,substation_3217.png,0.0,0.0,3.0,0.0,0.0,0.0
3210,substation_3210.png,3.0,0.0,0.0,0.0,0.0,0.0
3209,substation_3209.png,0.0,0.0,0.0,0.0,0.0,0.0
3218,substation_3218.png,0.0,0.0,0.0,0.0,0.0,0.0
3219,substation_3219.png,0.0,0.0,1.0,0.0,0.0,0.0
3220,substation_3220.png,2.0,0.0,0.0,0.0,0.0,0.0
3222,substation_3222.png,0.0,0.0,0.0,0.0,0.0,0.0
3223,substation_3223.png,0.0,0.0,0.0,0.0,0.0,0.0
3221,substation_3221.png,0.0,0.0,1.0,0.0,0.0,0.0
3224,substation_3224.png,0.0,0.0,0.0,0.0,0.0,0.0
3226,substation_3226.png,0.0,0.0,0.0,0.0,0.0,0.0
3227,substation_3227.png,0.0,1.0,0.0,0.0,0.0,0.0
3229,substation_3229.png,4.0,8.0,1.0,0.0,0.0,0.0
3228,substation_3228.png,0.0,0.0,0.0,0.0,0.0,0.0
3225,substation_3225.png,2.0,1.0,2.0,0.0,0.0,0.0
3233,substation_3233.png,2.0,0.0,1.0,0.0,0.0,0.0
3232,substation_3232.png,2.0,0.0,1.0,0.0,0.0,0.0
3231,substation_3231.png,2.0,0.0,0.0,0.0,0.0,0.0
3230,substation_3230.png,0.0,0.0,0.0,0.0,0.0,0.0
3235,substation_3235.png,1.0,0.0,0.0,0.0,0.0,0.0
3236,substation_3236.png,0.0,0.0,0.0,0.0,0.0,0.0
3237,substation_3237.png,2.0,0.0,0.0,0.0,0.0,0.0
3234,substation_3234.png,0.0,0.0,0.0,0.0,0.0,0.0
3238,substation_3238.png,0.0,2.0,0.0,1.0,0.0,0.0
3242,substation_3242.png,1.0,0.0,0.0,0.0,0.0,0.0
3239,substation_3239.png,1.0,0.0,0.0,0.0,0.0,0.0
3241,substation_3241.png,1.0,0.0,0.0,0.0,0.0,0.0
3243,substation_3243.png,1.0,0.0,0.0,0.0,0.0,0.0
3246,substation_3246.png,0.0,0.0,0.0,0.0,0.0,0.0
3240,substation_3240.png,1.0,0.0,0.0,1.0,0.0,0.0
3245,substation_3245.png,0.0,0.0,0.0,0.0,0.0,0.0
3248,substation_3248.png,4.0,2.0,0.0,1.0,0.0,0.0
3251,substation_3251.png,0.0,0.0,0.0,0.0,0.0,0.0
3244,substation_3244.png,0.0,0.0,0.0,0.0,1.0,0.0
3247,substation_3247.png,0.0,0.0,0.0,0.0,0.0,0.0
3249,substation_3249.png,2.0,0.0,0.0,0.0,1.0,0.0
3253,substation_3253.png,4.0,0.0,0.0,0.0,0.0,0.0
3252,substation_3252.png,4.0,0.0,0.0,0.0,0.0,0.0
3259,substation_3259.png,0.0,0.0,0.0,0.0,0.0,0.0
3261,substation_3261.png,2.0,2.0,0.0,0.0,0.0,0.0
3258,substation_3258.png,0.0,0.0,0.0,0.0,0.0,0.0
3250,substation_3250.png,2.0,0.0,2.0,0.0,0.0,0.0
3256,substation_3256.png,0.0,0.0,0.0,0.0,0.0,0.0
3254,substation_3254.png,2.0,0.0,0.0,0.0,0.0,0.0
3262,substation_3262.png,0.0,0.0,0.0,1.0,0.0,0.0
3255,substation_3255.png,0.0,0.0,0.0,0.0,0.0,0.0
3257,substation_3257.png,0.0,0.0,0.0,1.0,0.0,0.0
3263,substation_3263.png,0.0,0.0,0.0,0.0,0.0,0.0
3260,substation_3260.png,2.0,0.0,1.0,0.0,0.0,0.0
3265,substation_3265.png,0.0,0.0,0.0,0.0,0.0,0.0
3266,substation_3266.png,0.0,0.0,0.0,0.0,0.0,0.0
3264,substation_3264.png,1.0,0.0,0.0,0.0,0.0,0.0
3270,substation_3270.png,3.0,0.0,0.0,0.0,0.0,0.0
3271,substation_3271.png,0.0,0.0,0.0,1.0,1.0,0.0
3276,substation_3276.png,2.0,0.0,0.0,1.0,0.0,0.0
3269,substation_3269.png,0.0,0.0,0.0,0.0,1.0,0.0
3274,substation_3274.png,2.0,0.0,9.0,0.0,0.0,0.0
3273,substation_3273.png,0.0,0.0,0.0,0.0,0.0,0.0
3268,substation_3268.png,2.0,0.0,0.0,0.0,0.0,0.0
3272,substation_3272.png,1.0,0.0,0.0,0.0,0.0,0.0
3277,substation_3277.png,2.0,0.0,0.0,1.0,0.0,0.0
3275,substation_3275.png,1.0,0.0,0.0,0.0,0.0,0.0
3267,substation_3267.png,1.0,0.0,0.0,1.0,0.0,0.0
3278,substation_3278.png,3.0,0.0,0.0,0.0,1.0,0.0
3279,substation_3279.png,0.0,0.0,0.0,0.0,0.0,0.0
3283,substation_3283.png,0.0,0.0,0.0,0.0,0.0,0.0
3285,substation_3285.png,1.0,0.0,1.0,0.0,1.0,0.0
3286,substation_3286.png,0.0,0.0,5.0,0.0,0.0,0.0
3281,substation_3281.png,0.0,0.0,0.0,2.0,1.0,0.0
3284,substation_3284.png,1.0,0.0,1.0,0.0,0.0,0.0
3288,substation_3288.png,1.0,0.0,0.0,0.0,0.0,0.0
3282,substation_3282.png,0.0,0.0,0.0,0.0,0.0,0.0
3280,substation_3280.png,0.0,0.0,0.0,0.0,0.0,0.0
3290,substation_3290.png,0.0,1.0,0.0,0.0,0.0,0.0
3287,substation_3287.png,0.0,0.0,0.0,0.0,1.0,0.0
3289,substation_3289.png,1.0,0.0,0.0,0.0,0.0,0.0
3292,substation_3292.png,0.0,0.0,4.0,0.0,0.0,0.0
3293,substation_3293.png,0.0,0.0,0.0,0.0,0.0,0.0
3291,substation_3291.png,0.0,0.0,0.0,0.0,0.0,0.0
3296,substation_3296.png,3.0,0.0,3.0,0.0,0.0,0.0
3295,substation_3295.png,0.0,1.0,0.0,0.0,0.0,0.0
3294,substation_3294.png,0.0,0.0,0.0,0.0,0.0,0.0
3297,substation_3297.png,2.0,0.0,2.0,0.0,1.0,0.0
3300,substation_3300.png,0.0,0.0,0.0,0.0,0.0,0.0
3298,substation_3298.png,1.0,0.0,1.0,0.0,0.0,0.0
3299,substation_3299.png,2.0,0.0,2.0,0.0,0.0,0.0
3302,substation_3302.png,1.0,0.0,6.0,0.0,0.0,0.0
3303,substation_3303.png,2.0,0.0,4.0,0.0,0.0,0.0
3305,substation_3305.png,0.0,0.0,9.0,0.0,0.0,0.0
3304,substation_3304.png,2.0,0.0,2.0,0.0,0.0,0.0
3301,substation_3301.png,1.0,0.0,1.0,0.0,0.0,0.0
3306,substation_3306.png,3.0,0.0,0.0,0.0,0.0,0.0
3308,substation_3308.png,1.0,0.0,0.0,0.0,0.0,0.0
3307,substation_3307.png,2.0,0.0,6.0,0.0,0.0,0.0
3309,substation_3309.png,1.0,0.0,0.0,0.0,0.0,0.0
3311,substation_3311.png,1.0,0.0,1.0,0.0,0.0,0.0
3310,substation_3310.png,1.0,0.0,2.0,0.0,0.0,0.0
3313,substation_3313.png,0.0,0.0,2.0,0.0,1.0,0.0
3312,substation_3312.png,0.0,0.0,5.0,0.0,0.0,0.0
3315,substation_3315.png,1.0,0.0,0.0,0.0,0.0,0.0
3316,substation_3316.png,0.0,1.0,4.0,0.0,0.0,0.0
3318,substation_3318.png,0.0,0.0,3.0,0.0,0.0,0.0
3317,substation_3317.png,1.0,0.0,1.0,0.0,0.0,0.0
3314,substation_3314.png,0.0,0.0,0.0,0.0,0.0,0.0
3321,substation_3321.png,1.0,0.0,0.0,0.0,0.0,0.0
3323,substation_3323.png,0.0,0.0,5.0,0.0,0.0,0.0
3320,substation_3320.png,2.0,0.0,0.0,0.0,0.0,0.0
3319,substation_3319.png,1.0,0.0,9.0,0.0,0.0,0.0
3322,substation_3322.png,1.0,0.0,1.0,0.0,0.0,0.0
3324,substation_3324.png,5.0,0.0,10.0,0.0,0.0,0.0
3326,substation_3326.png,1.0,0.0,3.0,0.0,0.0,0.0
3328,substation_3328.png,1.0,0.0,5.0,0.0,0.0,0.0
3327,substation_3327.png,1.0,0.0,1.0,0.0,0.0,0.0
3325,substation_3325.png,1.0,0.0,0.0,0.0,0.0,0.0
3329,substation_3329.png,2.0,0.0,5.0,0.0,0.0,0.0
3330,substation_3330.png,1.0,0.0,5.0,0.0,0.0,0.0
3334,substation_3334.png,3.0,0.0,5.0,0.0,0.0,0.0
3332,substation_3332.png,1.0,0.0,0.0,0.0,0.0,0.0
3331,substation_3331.png,2.0,0.0,1.0,1.0,0.0,0.0
3338,substation_3338.png,4.0,0.0,7.0,0.0,0.0,0.0
3333,substation_3333.png,1.0,0.0,5.0,1.0,0.0,0.0
3336,substation_3336.png,1.0,0.0,0.0,0.0,0.0,0.0
3337,substation_3337.png,2.0,0.0,1.0,0.0,0.0,0.0
3339,substation_3339.png,1.0,0.0,1.0,0.0,0.0,0.0
3340,substation_3340.png,1.0,0.0,0.0,0.0,0.0,0.0
3341,substation_3341.png,0.0,1.0,0.0,0.0,1.0,0.0
3335,substation_3335.png,1.0,0.0,0.0,0.0,0.0,0.0
3343,substation_3343.png,3.0,0.0,7.0,0.0,0.0,0.0
3347,substation_3347.png,1.0,0.0,6.0,2.0,0.0,0.0
3342,substation_3342.png,1.0,0.0,2.0,0.0,0.0,0.0
3344,substation_3344.png,2.0,0.0,2.0,0.0,0.0,0.0
3348,substation_3348.png,0.0,0.0,3.0,0.0,0.0,0.0
3345,substation_3345.png,0.0,0.0,2.0,1.0,0.0,0.0
3346,substation_3346.png,0.0,0.0,1.0,0.0,0.0,0.0
3353,substation_3353.png,0.0,0.0,0.0,0.0,0.0,0.0
3350,substation_3350.png,1.0,0.0,4.0,0.0,0.0,0.0
3349,substation_3349.png,2.0,0.0,5.0,0.0,0.0,0.0
3352,substation_3352.png,0.0,0.0,0.0,0.0,0.0,0.0
3354,substation_3354.png,1.0,0.0,3.0,0.0,0.0,0.0
3351,substation_3351.png,0.0,0.0,1.0,0.0,0.0,0.0
3356,substation_3356.png,1.0,0.0,4.0,0.0,0.0,0.0
3357,substation_3357.png,2.0,0.0,2.0,0.0,0.0,0.0
3358,substation_3358.png,2.0,0.0,0.0,0.0,0.0,0.0
3355,substation_3355.png,4.0,0.0,0.0,1.0,0.0,0.0
3359,substation_3359.png,5.0,0.0,3.0,0.0,0.0,0.0
3361,substation_3361.png,1.0,0.0,0.0,0.0,0.0,0.0
3360,substation_3360.png,0.0,0.0,3.0,0.0,0.0,0.0
3363,substation_3363.png,1.0,0.0,0.0,0.0,0.0,0.0
3367,substation_3367.png,2.0,0.0,0.0,0.0,1.0,0.0
3365,substation_3365.png,3.0,0.0,3.0,0.0,0.0,0.0
3362,substation_3362.png,3.0,1.0,4.0,0.0,0.0,0.0
3368,substation_3368.png,0.0,0.0,0.0,0.0,0.0,0.0
3370,substation_3370.png,1.0,0.0,0.0,0.0,0.0,0.0
3369,substation_3369.png,1.0,0.0,2.0,0.0,0.0,0.0
3366,substation_3366.png,2.0,0.0,1.0,0.0,0.0,0.0
3364,substation_3364.png,1.0,0.0,0.0,0.0,0.0,0.0
3371,substation_3371.png,0.0,0.0,0.0,0.0,0.0,0.0
3372,substation_3372.png,0.0,0.0,0.0,0.0,0.0,0.0
3375,substation_3375.png,1.0,0.0,1.0,0.0,0.0,0.0
3373,substation_3373.png,0.0,0.0,2.0,2.0,0.0,0.0
3374,substation_3374.png,0.0,0.0,4.0,0.0,0.0,0.0
3377,substation_3377.png,0.0,0.0,1.0,0.0,0.0,0.0
3376,substation_3376.png,0.0,0.0,0.0,0.0,0.0,0.0
3378,substation_3378.png,1.0,0.0,4.0,0.0,0.0,0.0
3379,substation_3379.png,1.0,0.0,4.0,0.0,0.0,0.0
3380,substation_3380.png,0.0,0.0,5.0,0.0,0.0,0.0
3381,substation_3381.png,2.0,0.0,0.0,0.0,0.0,0.0
3383,substation_3383.png,1.0,0.0,0.0,0.0,0.0,0.0
3385,substation_3385.png,0.0,0.0,0.0,0.0,0.0,0.0
3382,substation_3382.png,0.0,0.0,1.0,0.0,0.0,0.0
3384,substation_3384.png,0.0,1.0,1.0,0.0,0.0,0.0
3386,substation_3386.png,1.0,0.0,0.0,0.0,0.0,0.0
3392,substation_3392.png,4.0,0.0,7.0,0.0,0.0,0.0
3387,substation_3387.png,1.0,0.0,0.0,2.0,0.0,0.0
3391,substation_3391.png,0.0,1.0,1.0,0.0,0.0,0.0
3388,substation_3388.png,0.0,0.0,0.0,0.0,0.0,0.0
3389,substation_3389.png,0.0,0.0,4.0,0.0,0.0,0.0
3395,substation_3395.png,0.0,0.0,0.0,0.0,0.0,0.0
3390,substation_3390.png,0.0,0.0,0.0,0.0,0.0,0.0
3394,substation_3394.png,1.0,0.0,2.0,0.0,0.0,0.0
3397,substation_3397.png,1.0,0.0,9.0,0.0,0.0,0.0
3393,substation_3393.png,0.0,0.0,0.0,0.0,0.0,0.0
3396,substation_3396.png,0.0,0.0,13.0,0.0,0.0,0.0
3399,substation_3399.png,1.0,0.0,0.0,0.0,0.0,0.0
3402,substation_3402.png,1.0,0.0,0.0,0.0,0.0,0.0
3398,substation_3398.png,0.0,0.0,0.0,1.0,0.0,0.0
3400,substation_3400.png,2.0,0.0,6.0,0.0,0.0,0.0
3401,substation_3401.png,1.0,0.0,15.0,0.0,0.0,0.0
3407,substation_3407.png,1.0,0.0,0.0,0.0,0.0,0.0
3404,substation_3404.png,0.0,0.0,3.0,0.0,0.0,0.0
3403,substation_3403.png,0.0,0.0,0.0,0.0,0.0,0.0
3409,substation_3409.png,3.0,0.0,0.0,0.0,0.0,0.0
3406,substation_3406.png,4.0,0.0,1.0,1.0,0.0,0.0
3408,substation_3408.png,2.0,0.0,0.0,0.0,0.0,0.0
3405,substation_3405.png,0.0,0.0,0.0,0.0,1.0,0.0
3411,substation_3411.png,0.0,0.0,2.0,0.0,1.0,0.0
3413,substation_3413.png,0.0,0.0,0.0,0.0,0.0,0.0
3410,substation_3410.png,4.0,0.0,2.0,0.0,0.0,0.0
3412,substation_3412.png,0.0,0.0,1.0,0.0,0.0,0.0
3417,substation_3417.png,2.0,1.0,0.0,0.0,0.0,0.0
3414,substation_3414.png,0.0,0.0,0.0,0.0,0.0,0.0
3415,substation_3415.png,0.0,0.0,0.0,0.0,0.0,0.0
3416,substation_3416.png,2.0,0.0,1.0,0.0,0.0,0.0
3418,substation_3418.png,1.0,1.0,4.0,1.0,0.0,0.0
3419,substation_3419.png,0.0,0.0,0.0,0.0,1.0,0.0
3421,substation_3421.png,1.0,0.0,1.0,0.0,0.0,0.0
3423,substation_3423.png,0.0,0.0,0.0,0.0,0.0,0.0
3422,substation_3422.png,0.0,0.0,0.0,0.0,1.0,0.0
3420,substation_3420.png,1.0,0.0,2.0,0.0,0.0,0.0
3425,substation_3425.png,1.0,0.0,11.0,0.0,0.0,0.0
3424,substation_3424.png,0.0,3.0,1.0,0.0,0.0,0.0
3428,substation_3428.png,1.0,0.0,0.0,0.0,0.0,0.0
3427,substation_3427.png,0.0,1.0,1.0,0.0,1.0,0.0
3426,substation_3426.png,2.0,0.0,2.0,0.0,0.0,0.0
3430,substation_3430.png,0.0,0.0,2.0,0.0,2.0,0.0
3431,substation_3431.png,0.0,0.0,0.0,0.0,1.0,0.0
3429,substation_3429.png,0.0,0.0,0.0,0.0,1.0,0.0
3434,substation_3434.png,0.0,0.0,0.0,0.0,0.0,0.0
3435,substation_3435.png,0.0,0.0,1.0,0.0,0.0,0.0
3432,substation_3432.png,0.0,0.0,0.0,0.0,1.0,0.0
3436,substation_3436.png,0.0,0.0,0.0,0.0,1.0,0.0
3433,substation_3433.png,0.0,0.0,0.0,0.0,1.0,0.0
3437,substation_3437.png,2.0,0.0,9.0,0.0,0.0,0.0
3440,substation_3440.png,0.0,0.0,0.0,0.0,1.0,0.0
3439,substation_3439.png,0.0,0.0,0.0,0.0,0.0,0.0
3446,substation_3446.png,0.0,0.0,0.0,0.0,1.0,0.0
3441,substation_3441.png,0.0,0.0,0.0,0.0,0.0,0.0
3444,substation_3444.png,4.0,0.0,8.0,0.0,1.0,0.0
3442,substation_3442.png,0.0,0.0,0.0,0.0,0.0,0.0
3443,substation_3443.png,1.0,1.0,0.0,2.0,0.0,0.0
3447,substation_3447.png,0.0,0.0,0.0,0.0,1.0,0.0
3448,substation_3448.png,0.0,0.0,0.0,0.0,0.0,0.0
3449,substation_3449.png,0.0,0.0,0.0,2.0,1.0,0.0
3438,substation_3438.png,0.0,0.0,0.0,0.0,1.0,0.0
3450,substation_3450.png,0.0,0.0,0.0,0.0,1.0,0.0
3445,substation_3445.png,1.0,0.0,0.0,0.0,0.0,0.0
3451,substation_3451.png,0.0,0.0,0.0,0.0,1.0,0.0
3452,substation_3452.png,0.0,0.0,4.0,0.0,0.0,0.0
3456,substation_3456.png,1.0,0.0,0.0,0.0,0.0,0.0
3454,substation_3454.png,1.0,0.0,0.0,0.0,0.0,0.0
3455,substation_3455.png,3.0,1.0,9.0,1.0,0.0,0.0
3458,substation_3458.png,2.0,0.0,1.0,0.0,0.0,0.0
3453,substation_3453.png,1.0,0.0,0.0,0.0,0.0,0.0
3457,substation_3457.png,3.0,0.0,0.0,0.0,0.0,0.0
3464,substation_3464.png,1.0,0.0,0.0,0.0,0.0,0.0
3461,substation_3461.png,0.0,0.0,0.0,0.0,0.0,0.0
3465,substation_3465.png,0.0,0.0,0.0,0.0,1.0,0.0
3462,substation_3462.png,0.0,0.0,0.0,0.0,0.0,0.0
3466,substation_3466.png,0.0,0.0,0.0,0.0,1.0,0.0
3467,substation_3467.png,0.0,0.0,0.0,0.0,0.0,0.0
3460,substation_3460.png,0.0,0.0,0.0,0.0,1.0,0.0
3459,substation_3459.png,0.0,0.0,0.0,3.0,0.0,0.0
3468,substation_3468.png,0.0,0.0,0.0,0.0,0.0,0.0
3469,substation_3469.png,0.0,0.0,0.0,0.0,1.0,0.0
3463,substation_3463.png,0.0,0.0,0.0,0.0,0.0,0.0
3470,substation_3470.png,0.0,0.0,2.0,0.0,1.0,0.0
3471,substation_3471.png,0.0,0.0,0.0,0.0,1.0,0.0
3473,substation_3473.png,0.0,0.0,0.0,0.0,1.0,0.0
3472,substation_3472.png,0.0,0.0,0.0,0.0,1.0,0.0
3474,substation_3474.png,0.0,0.0,0.0,1.0,0.0,0.0
3479,substation_3479.png,0.0,0.0,0.0,1.0,1.0,0.0
3476,substation_3476.png,0.0,0.0,0.0,0.0,1.0,0.0
3475,substation_3475.png,0.0,0.0,0.0,0.0,0.0,0.0
3477,substation_3477.png,0.0,0.0,0.0,0.0,0.0,0.0
3483,substation_3483.png,0.0,0.0,0.0,0.0,0.0,0.0
3480,substation_3480.png,2.0,0.0,0.0,1.0,0.0,0.0
3478,substation_3478.png,0.0,0.0,0.0,0.0,1.0,0.0
3481,substation_3481.png,0.0,0.0,0.0,0.0,0.0,0.0
3482,substation_3482.png,3.0,0.0,0.0,0.0,0.0,0.0
3487,substation_3487.png,3.0,0.0,12.0,0.0,0.0,0.0
3484,substation_3484.png,0.0,0.0,0.0,0.0,0.0,0.0
3485,substation_3485.png,0.0,0.0,0.0,0.0,0.0,0.0
3486,substation_3486.png,4.0,0.0,0.0,3.0,0.0,0.0
3488,substation_3488.png,1.0,0.0,7.0,0.0,0.0,0.0
3489,substation_3489.png,2.0,0.0,0.0,0.0,0.0,0.0
3493,substation_3493.png,0.0,0.0,3.0,0.0,0.0,0.0
3492,substation_3492.png,0.0,0.0,0.0,0.0,0.0,0.0
3494,substation_3494.png,0.0,0.0,2.0,0.0,1.0,0.0
3496,substation_3496.png,0.0,0.0,1.0,1.0,0.0,0.0
3491,substation_3491.png,0.0,0.0,1.0,0.0,0.0,0.0
3490,substation_3490.png,4.0,0.0,6.0,0.0,0.0,0.0
3497,substation_3497.png,0.0,0.0,0.0,0.0,1.0,0.0
3495,substation_3495.png,0.0,0.0,1.0,0.0,1.0,0.0
3500,substation_3500.png,0.0,0.0,0.0,0.0,1.0,0.0
3499,substation_3499.png,0.0,0.0,0.0,0.0,1.0,0.0
3498,substation_3498.png,1.0,0.0,0.0,0.0,0.0,0.0
3509,substation_3509.png,0.0,0.0,0.0,0.0,0.0,0.0
3501,substation_3501.png,0.0,0.0,0.0,0.0,1.0,0.0
3502,substation_3502.png,0.0,0.0,0.0,0.0,1.0,0.0
3506,substation_3506.png,2.0,0.0,2.0,0.0,0.0,0.0
3507,substation_3507.png,0.0,0.0,2.0,0.0,0.0,0.0
3503,substation_3503.png,0.0,0.0,0.0,0.0,1.0,0.0
3504,substation_3504.png,0.0,0.0,0.0,0.0,1.0,0.0
3505,substation_3505.png,0.0,0.0,0.0,3.0,0.0,0.0
3510,substation_3510.png,1.0,0.0,0.0,0.0,0.0,0.0
3508,substation_3508.png,2.0,0.0,2.0,0.0,0.0,0.0
3511,substation_3511.png,4.0,0.0,0.0,0.0,0.0,0.0
3512,substation_3512.png,5.0,0.0,1.0,0.0,0.0,0.0
3515,substation_3515.png,0.0,0.0,0.0,0.0,0.0,0.0
3517,substation_3517.png,1.0,0.0,0.0,0.0,1.0,0.0
3520,substation_3520.png,0.0,0.0,4.0,0.0,0.0,0.0
3513,substation_3513.png,1.0,0.0,0.0,0.0,0.0,0.0
3518,substation_3518.png,1.0,0.0,0.0,0.0,0.0,0.0
3514,substation_3514.png,1.0,0.0,0.0,0.0,0.0,0.0
3516,substation_3516.png,0.0,1.0,2.0,0.0,0.0,0.0
3519,substation_3519.png,0.0,0.0,0.0,0.0,0.0,0.0
3522,substation_3522.png,1.0,0.0,1.0,0.0,0.0,0.0
3521,substation_3521.png,2.0,0.0,0.0,0.0,0.0,0.0
3523,substation_3523.png,1.0,3.0,1.0,0.0,0.0,0.0
3524,substation_3524.png,0.0,1.0,2.0,2.0,0.0,0.0
3527,substation_3527.png,0.0,0.0,2.0,0.0,0.0,0.0
3526,substation_3526.png,0.0,0.0,1.0,0.0,0.0,0.0
3528,substation_3528.png,1.0,0.0,0.0,1.0,0.0,0.0
3529,substation_3529.png,0.0,0.0,0.0,0.0,0.0,0.0
3525,substation_3525.png,0.0,0.0,4.0,0.0,0.0,0.0
3530,substation_3530.png,0.0,0.0,1.0,0.0,0.0,0.0
3532,substation_3532.png,0.0,0.0,0.0,0.0,0.0,0.0
3533,substation_3533.png,0.0,0.0,0.0,0.0,0.0,0.0
3531,substation_3531.png,0.0,0.0,2.0,0.0,0.0,0.0
3537,substation_3537.png,0.0,0.0,0.0,0.0,0.0,0.0
3534,substation_3534.png,1.0,0.0,0.0,0.0,0.0,0.0
3536,substation_3536.png,1.0,0.0,0.0,0.0,1.0,0.0
3535,substation_3535.png,1.0,0.0,0.0,0.0,0.0,0.0
3540,substation_3540.png,1.0,0.0,0.0,0.0,0.0,0.0
3542,substation_3542.png,2.0,0.0,0.0,0.0,0.0,0.0
3541,substation_3541.png,0.0,0.0,1.0,0.0,0.0,0.0
3539,substation_3539.png,0.0,0.0,2.0,0.0,0.0,0.0
3538,substation_3538.png,1.0,0.0,1.0,0.0,0.0,0.0
3544,substation_3544.png,2.0,0.0,0.0,0.0,0.0,0.0
3543,substation_3543.png,0.0,0.0,0.0,0.0,0.0,0.0
3545,substation_3545.png,0.0,0.0,0.0,0.0,2.0,0.0
3546,substation_3546.png,0.0,0.0,2.0,0.0,0.0,0.0
3553,substation_3553.png,1.0,0.0,1.0,0.0,0.0,0.0
3548,substation_3548.png,0.0,0.0,0.0,0.0,2.0,0.0
3547,substation_3547.png,0.0,0.0,0.0,0.0,0.0,0.0
3550,substation_3550.png,0.0,0.0,1.0,0.0,1.0,0.0
3551,substation_3551.png,0.0,0.0,0.0,1.0,0.0,0.0
3556,substation_3556.png,0.0,0.0,1.0,0.0,0.0,0.0
3554,substation_3554.png,0.0,0.0,1.0,0.0,0.0,0.0
3549,substation_3549.png,0.0,0.0,0.0,1.0,0.0,0.0
3555,substation_3555.png,0.0,0.0,1.0,0.0,0.0,0.0
3557,substation_3557.png,1.0,0.0,0.0,0.0,0.0,0.0
3552,substation_3552.png,0.0,0.0,0.0,0.0,0.0,0.0
3559,substation_3559.png,0.0,0.0,0.0,0.0,0.0,0.0
3558,substation_3558.png,1.0,0.0,0.0,0.0,0.0,0.0
3561,substation_3561.png,0.0,0.0,1.0,0.0,0.0,0.0
3567,substation_3567.png,4.0,0.0,0.0,0.0,0.0,0.0
3560,substation_3560.png,0.0,0.0,5.0,0.0,0.0,0.0
3562,substation_3562.png,0.0,0.0,0.0,0.0,0.0,0.0
3565,substation_3565.png,0.0,0.0,0.0,0.0,0.0,0.0
3564,substation_3564.png,0.0,0.0,0.0,0.0,0.0,0.0
3563,substation_3563.png,0.0,0.0,0.0,0.0,0.0,0.0
3568,substation_3568.png,0.0,0.0,2.0,0.0,0.0,0.0
3569,substation_3569.png,1.0,0.0,0.0,1.0,0.0,0.0
3571,substation_3571.png,2.0,0.0,0.0,0.0,0.0,0.0
3570,substation_3570.png,0.0,0.0,0.0,1.0,0.0,0.0
3566,substation_3566.png,3.0,0.0,1.0,1.0,0.0,0.0
3572,substation_3572.png,0.0,0.0,0.0,0.0,0.0,0.0
3573,substation_3573.png,0.0,0.0,1.0,0.0,0.0,0.0
3575,substation_3575.png,0.0,0.0,0.0,0.0,0.0,0.0
3576,substation_3576.png,0.0,0.0,0.0,1.0,0.0,0.0
3579,substation_3579.png,0.0,0.0,3.0,0.0,0.0,0.0
3577,substation_3577.png,1.0,0.0,0.0,0.0,0.0,0.0
3578,substation_3578.png,3.0,0.0,2.0,0.0,0.0,0.0
3574,substation_3574.png,0.0,0.0,4.0,0.0,0.0,0.0
3580,substation_3580.png,0.0,0.0,2.0,0.0,0.0,0.0
3582,substation_3582.png,0.0,0.0,0.0,0.0,0.0,0.0
3581,substation_3581.png,4.0,0.0,0.0,0.0,0.0,0.0
3589,substation_3589.png,1.0,0.0,0.0,0.0,0.0,0.0
3587,substation_3587.png,0.0,0.0,1.0,0.0,0.0,0.0
3592,substation_3592.png,0.0,0.0,0.0,0.0,0.0,0.0
3584,substation_3584.png,0.0,0.0,0.0,0.0,0.0,0.0
3586,substation_3586.png,0.0,0.0,0.0,0.0,0.0,0.0
3588,substation_3588.png,0.0,0.0,0.0,0.0,0.0,0.0
3583,substation_3583.png,2.0,0.0,0.0,0.0,0.0,0.0
3585,substation_3585.png,0.0,0.0,0.0,1.0,0.0,0.0
3593,substation_3593.png,0.0,0.0,0.0,0.0,2.0,0.0
3591,substation_3591.png,1.0,0.0,0.0,0.0,0.0,0.0
3594,substation_3594.png,0.0,0.0,0.0,0.0,0.0,0.0
3590,substation_3590.png,1.0,0.0,0.0,0.0,0.0,0.0
3595,substation_3595.png,2.0,0.0,0.0,0.0,0.0,0.0
3596,substation_3596.png,0.0,0.0,0.0,0.0,0.0,0.0
3598,substation_3598.png,0.0,1.0,0.0,0.0,0.0,0.0
3600,substation_3600.png,0.0,0.0,0.0,0.0,0.0,0.0
3597,substation_3597.png,1.0,0.0,0.0,0.0,0.0,0.0
3602,substation_3602.png,1.0,0.0,1.0,0.0,0.0,0.0
3604,substation_3604.png,0.0,0.0,0.0,0.0,0.0,0.0
3601,substation_3601.png,1.0,0.0,0.0,0.0,0.0,0.0
3608,substation_3608.png,0.0,0.0,0.0,0.0,0.0,0.0
3606,substation_3606.png,0.0,0.0,0.0,0.0,0.0,0.0
3599,substation_3599.png,0.0,0.0,0.0,0.0,1.0,0.0
3603,substation_3603.png,0.0,0.0,0.0,0.0,0.0,0.0
3605,substation_3605.png,0.0,0.0,1.0,0.0,0.0,0.0
3607,substation_3607.png,0.0,0.0,0.0,0.0,0.0,0.0
3614,substation_3614.png,2.0,0.0,1.0,0.0,0.0,0.0
3609,substation_3609.png,0.0,0.0,3.0,0.0,0.0,0.0
3611,substation_3611.png,0.0,0.0,2.0,0.0,0.0,0.0
3612,substation_3612.png,2.0,0.0,0.0,0.0,0.0,0.0
3613,substation_3613.png,1.0,0.0,0.0,0.0,0.0,0.0
3616,substation_3616.png,2.0,0.0,0.0,1.0,0.0,0.0
3610,substation_3610.png,0.0,0.0,0.0,0.0,0.0,0.0
3615,substation_3615.png,1.0,0.0,0.0,0.0,0.0,0.0
3618,substation_3618.png,3.0,0.0,3.0,0.0,0.0,0.0
3621,substation_3621.png,0.0,0.0,5.0,0.0,0.0,0.0
3619,substation_3619.png,0.0,0.0,2.0,0.0,0.0,0.0
3620,substation_3620.png,0.0,1.0,3.0,0.0,0.0,0.0
3617,substation_3617.png,0.0,0.0,0.0,0.0,0.0,0.0
3627,substation_3627.png,0.0,0.0,1.0,0.0,0.0,0.0
3622,substation_3622.png,0.0,1.0,3.0,0.0,0.0,0.0
3624,substation_3624.png,1.0,1.0,6.0,0.0,0.0,0.0
3623,substation_3623.png,1.0,0.0,4.0,0.0,0.0,0.0
3626,substation_3626.png,2.0,0.0,0.0,0.0,0.0,0.0
3629,substation_3629.png,0.0,0.0,0.0,0.0,0.0,0.0
3630,substation_3630.png,0.0,0.0,7.0,0.0,0.0,0.0
3628,substation_3628.png,2.0,1.0,2.0,1.0,0.0,0.0
3625,substation_3625.png,1.0,0.0,0.0,0.0,0.0,0.0
3632,substation_3632.png,0.0,0.0,0.0,0.0,1.0,0.0
3631,substation_3631.png,0.0,0.0,0.0,0.0,0.0,0.0
3633,substation_3633.png,1.0,0.0,0.0,0.0,0.0,0.0
3635,substation_3635.png,1.0,0.0,1.0,0.0,0.0,0.0
3636,substation_3636.png,1.0,0.0,1.0,1.0,0.0,0.0
3634,substation_3634.png,0.0,0.0,0.0,0.0,0.0,0.0
3643,substation_3643.png,0.0,0.0,10.0,0.0,0.0,0.0
3637,substation_3637.png,0.0,0.0,3.0,0.0,0.0,0.0
3638,substation_3638.png,0.0,0.0,17.0,0.0,0.0,0.0
3640,substation_3640.png,0.0,0.0,0.0,0.0,0.0,0.0
3642,substation_3642.png,0.0,0.0,0.0,0.0,0.0,0.0
3641,substation_3641.png,0.0,0.0,0.0,0.0,0.0,0.0
3644,substation_3644.png,0.0,0.0,0.0,0.0,1.0,0.0
3645,substation_3645.png,0.0,0.0,2.0,0.0,1.0,0.0
3639,substation_3639.png,0.0,0.0,0.0,1.0,0.0,0.0
3646,substation_3646.png,0.0,0.0,1.0,0.0,0.0,0.0
3647,substation_3647.png,1.0,0.0,0.0,0.0,0.0,0.0
3653,substation_3653.png,1.0,0.0,1.0,0.0,0.0,0.0
3652,substation_3652.png,0.0,0.0,4.0,0.0,0.0,0.0
3649,substation_3649.png,1.0,0.0,0.0,0.0,0.0,0.0
3654,substation_3654.png,1.0,1.0,7.0,0.0,0.0,0.0
3656,substation_3656.png,2.0,0.0,0.0,0.0,0.0,0.0
3658,substation_3658.png,2.0,0.0,3.0,0.0,0.0,0.0
3648,substation_3648.png,4.0,1.0,0.0,0.0,0.0,0.0
3655,substation_3655.png,0.0,0.0,15.0,1.0,0.0,0.0
3650,substation_3650.png,1.0,0.0,0.0,0.0,0.0,0.0
3651,substation_3651.png,1.0,0.0,0.0,0.0,0.0,0.0
3657,substation_3657.png,0.0,0.0,0.0,0.0,0.0,0.0
3659,substation_3659.png,0.0,0.0,0.0,0.0,0.0,0.0
3661,substation_3661.png,0.0,0.0,0.0,1.0,0.0,0.0
3660,substation_3660.png,2.0,0.0,0.0,0.0,0.0,0.0
3668,substation_3668.png,0.0,0.0,1.0,0.0,0.0,0.0
3662,substation_3662.png,0.0,0.0,0.0,0.0,0.0,0.0
3665,substation_3665.png,0.0,0.0,0.0,0.0,0.0,0.0
3663,substation_3663.png,0.0,0.0,0.0,0.0,0.0,0.0
3664,substation_3664.png,0.0,0.0,3.0,0.0,0.0,0.0
3667,substation_3667.png,0.0,2.0,0.0,0.0,0.0,0.0
3669,substation_3669.png,0.0,0.0,2.0,0.0,0.0,0.0
3670,substation_3670.png,0.0,0.0,0.0,2.0,0.0,0.0
3673,substation_3673.png,0.0,0.0,0.0,0.0,0.0,0.0
3666,substation_3666.png,1.0,0.0,0.0,0.0,0.0,0.0
3679,substation_3679.png,1.0,0.0,0.0,0.0,0.0,0.0
3676,substation_3676.png,0.0,0.0,0.0,0.0,0.0,0.0
3672,substation_3672.png,0.0,0.0,0.0,0.0,0.0,0.0
3675,substation_3675.png,0.0,0.0,2.0,0.0,0.0,0.0
3671,substation_3671.png,0.0,4.0,4.0,0.0,0.0,0.0
3677,substation_3677.png,1.0,0.0,0.0,0.0,0.0,0.0
3678,substation_3678.png,1.0,0.0,0.0,0.0,0.0,0.0
3680,substation_3680.png,1.0,0.0,0.0,1.0,0.0,0.0
3681,substation_3681.png,1.0,0.0,1.0,0.0,0.0,0.0
3674,substation_3674.png,0.0,0.0,0.0,0.0,0.0,0.0
3684,substation_3684.png,0.0,0.0,0.0,0.0,0.0,0.0
3690,substation_3690.png,0.0,0.0,0.0,0.0,0.0,0.0
3688,substation_3688.png,0.0,0.0,0.0,0.0,0.0,0.0
3687,substation_3687.png,0.0,0.0,0.0,0.0,1.0,0.0
3682,substation_3682.png,2.0,0.0,6.0,0.0,0.0,0.0
3683,substation_3683.png,1.0,0.0,0.0,1.0,0.0,0.0
3689,substation_3689.png,0.0,0.0,1.0,0.0,0.0,0.0
3685,substation_3685.png,0.0,0.0,1.0,0.0,0.0,0.0
3693,substation_3693.png,2.0,1.0,0.0,0.0,0.0,0.0
3692,substation_3692.png,0.0,1.0,5.0,1.0,0.0,0.0
3686,substation_3686.png,0.0,0.0,0.0,0.0,0.0,0.0
3691,substation_3691.png,0.0,0.0,0.0,0.0,0.0,0.0
3699,substation_3699.png,2.0,0.0,1.0,0.0,0.0,0.0
3694,substation_3694.png,0.0,0.0,1.0,0.0,0.0,0.0
3696,substation_3696.png,0.0,0.0,2.0,1.0,0.0,0.0
3698,substation_3698.png,1.0,0.0,0.0,0.0,0.0,0.0
3700,substation_3700.png,0.0,0.0,0.0,0.0,0.0,0.0
3695,substation_3695.png,1.0,0.0,0.0,0.0,0.0,0.0
3702,substation_3702.png,1.0,0.0,0.0,0.0,0.0,0.0
3704,substation_3704.png,2.0,0.0,0.0,0.0,0.0,0.0
3703,substation_3703.png,2.0,0.0,0.0,0.0,0.0,0.0
3701,substation_3701.png,0.0,0.0,2.0,0.0,0.0,0.0
3697,substation_3697.png,3.0,2.0,0.0,0.0,0.0,0.0
3706,substation_3706.png,1.0,0.0,4.0,0.0,0.0,0.0
3705,substation_3705.png,2.0,0.0,0.0,0.0,0.0,0.0
3710,substation_3710.png,1.0,0.0,0.0,0.0,0.0,0.0
3707,substation_3707.png,0.0,0.0,3.0,0.0,0.0,0.0
3711,substation_3711.png,4.0,0.0,0.0,0.0,0.0,0.0
3712,substation_3712.png,0.0,0.0,0.0,0.0,1.0,0.0
3713,substation_3713.png,0.0,0.0,1.0,0.0,0.0,0.0
3708,substation_3708.png,0.0,3.0,0.0,2.0,0.0,0.0
3709,substation_3709.png,2.0,0.0,0.0,0.0,0.0,0.0
3714,substation_3714.png,0.0,0.0,1.0,0.0,1.0,0.0
3716,substation_3716.png,0.0,0.0,0.0,0.0,0.0,0.0
3715,substation_3715.png,0.0,0.0,2.0,0.0,0.0,0.0
3720,substation_3720.png,0.0,3.0,3.0,0.0,0.0,0.0
3717,substation_3717.png,4.0,0.0,0.0,0.0,0.0,0.0
3719,substation_3719.png,0.0,0.0,4.0,0.0,0.0,0.0
3718,substation_3718.png,0.0,0.0,0.0,1.0,0.0,0.0
3724,substation_3724.png,0.0,0.0,0.0,0.0,0.0,0.0
3722,substation_3722.png,0.0,0.0,0.0,0.0,0.0,0.0
3721,substation_3721.png,0.0,0.0,0.0,0.0,0.0,0.0
3723,substation_3723.png,2.0,0.0,0.0,0.0,0.0,0.0
3726,substation_3726.png,1.0,0.0,0.0,0.0,0.0,0.0
3725,substation_3725.png,0.0,0.0,0.0,0.0,1.0,0.0
3729,substation_3729.png,0.0,0.0,0.0,1.0,0.0,0.0
3727,substation_3727.png,0.0,0.0,0.0,0.0,1.0,0.0
3728,substation_3728.png,0.0,0.0,0.0,0.0,0.0,0.0
3736,substation_3736.png,0.0,0.0,0.0,0.0,0.0,0.0
3731,substation_3731.png,1.0,0.0,0.0,0.0,0.0,0.0
3733,substation_3733.png,1.0,0.0,0.0,0.0,0.0,0.0
3730,substation_3730.png,0.0,0.0,0.0,0.0,0.0,0.0
3732,substation_3732.png,2.0,0.0,0.0,0.0,0.0,0.0
3734,substation_3734.png,0.0,0.0,2.0,0.0,0.0,0.0
3735,substation_3735.png,1.0,0.0,1.0,0.0,0.0,0.0
3739,substation_3739.png,0.0,0.0,0.0,0.0,0.0,0.0
3741,substation_3741.png,1.0,0.0,0.0,0.0,0.0,0.0
3740,substation_3740.png,0.0,0.0,3.0,0.0,0.0,0.0
3738,substation_3738.png,0.0,0.0,0.0,0.0,0.0,0.0
3746,substation_3746.png,2.0,0.0,0.0,0.0,0.0,0.0
3737,substation_3737.png,1.0,0.0,0.0,0.0,0.0,0.0
3749,substation_3749.png,0.0,0.0,0.0,0.0,0.0,0.0
3742,substation_3742.png,0.0,0.0,0.0,0.0,0.0,0.0
3748,substation_3748.png,0.0,0.0,0.0,0.0,0.0,0.0
3743,substation_3743.png,5.0,0.0,0.0,0.0,0.0,0.0
3745,substation_3745.png,2.0,0.0,0.0,0.0,0.0,0.0
3744,substation_3744.png,0.0,0.0,0.0,0.0,0.0,0.0
3747,substation_3747.png,0.0,0.0,0.0,0.0,0.0,0.0
3752,substation_3752.png,0.0,0.0,0.0,0.0,0.0,0.0
3750,substation_3750.png,0.0,3.0,0.0,0.0,0.0,0.0
3753,substation_3753.png,0.0,0.0,0.0,0.0,1.0,0.0
3755,substation_3755.png,0.0,0.0,0.0,0.0,0.0,0.0
3751,substation_3751.png,0.0,0.0,0.0,1.0,0.0,0.0
3761,substation_3761.png,0.0,0.0,0.0,0.0,0.0,0.0
3757,substation_3757.png,0.0,0.0,0.0,0.0,0.0,0.0
3758,substation_3758.png,2.0,0.0,0.0,0.0,1.0,0.0
3756,substation_3756.png,0.0,0.0,0.0,0.0,0.0,0.0
3762,substation_3762.png,2.0,0.0,1.0,0.0,0.0,0.0
3760,substation_3760.png,3.0,0.0,0.0,0.0,0.0,0.0
3759,substation_3759.png,3.0,0.0,0.0,0.0,0.0,0.0
3754,substation_3754.png,2.0,0.0,0.0,0.0,1.0,0.0
3763,substation_3763.png,2.0,0.0,0.0,0.0,0.0,0.0
3765,substation_3765.png,1.0,0.0,0.0,0.0,0.0,0.0
3773,substation_3773.png,0.0,0.0,0.0,0.0,0.0,0.0
3764,substation_3764.png,0.0,0.0,0.0,0.0,0.0,0.0
3767,substation_3767.png,0.0,0.0,0.0,0.0,0.0,0.0
3766,substation_3766.png,0.0,0.0,0.0,0.0,0.0,0.0
3768,substation_3768.png,0.0,0.0,3.0,0.0,0.0,0.0
3772,substation_3772.png,0.0,0.0,0.0,0.0,0.0,0.0
3771,substation_3771.png,2.0,0.0,0.0,1.0,0.0,0.0
3770,substation_3770.png,0.0,0.0,0.0,0.0,1.0,0.0
3769,substation_3769.png,0.0,0.0,0.0,0.0,1.0,0.0
3774,substation_3774.png,0.0,0.0,0.0,0.0,0.0,0.0
3775,substation_3775.png,0.0,0.0,1.0,1.0,0.0,0.0
3779,substation_3779.png,1.0,0.0,0.0,0.0,0.0,0.0
3777,substation_3777.png,0.0,0.0,0.0,0.0,0.0,0.0
3780,substation_3780.png,1.0,0.0,0.0,0.0,0.0,0.0
3778,substation_3778.png,1.0,0.0,1.0,0.0,0.0,0.0
3785,substation_3785.png,0.0,3.0,1.0,0.0,0.0,0.0
3776,substation_3776.png,0.0,0.0,0.0,0.0,0.0,0.0
3784,substation_3784.png,1.0,0.0,4.0,0.0,0.0,0.0
3782,substation_3782.png,2.0,0.0,0.0,0.0,0.0,0.0
3786,substation_3786.png,3.0,0.0,0.0,1.0,0.0,0.0
3783,substation_3783.png,2.0,0.0,1.0,0.0,0.0,0.0
3781,substation_3781.png,0.0,0.0,0.0,0.0,0.0,0.0
3787,substation_3787.png,0.0,0.0,2.0,0.0,0.0,0.0
3790,substation_3790.png,1.0,0.0,0.0,0.0,0.0,0.0
3794,substation_3794.png,0.0,0.0,0.0,0.0,0.0,0.0
3789,substation_3789.png,0.0,0.0,0.0,0.0,0.0,0.0
3796,substation_3796.png,1.0,0.0,0.0,0.0,0.0,0.0
3792,substation_3792.png,0.0,0.0,0.0,0.0,0.0,0.0
3791,substation_3791.png,2.0,0.0,0.0,0.0,0.0,0.0
3793,substation_3793.png,0.0,0.0,0.0,0.0,0.0,0.0
3798,substation_3798.png,0.0,0.0,1.0,0.0,0.0,0.0
3795,substation_3795.png,0.0,0.0,1.0,0.0,0.0,0.0
3788,substation_3788.png,2.0,0.0,2.0,0.0,0.0,0.0
3797,substation_3797.png,1.0,0.0,0.0,0.0,0.0,0.0
3799,substation_3799.png,0.0,0.0,0.0,1.0,0.0,0.0
3801,substation_3801.png,0.0,0.0,1.0,0.0,0.0,0.0
3802,substation_3802.png,0.0,0.0,6.0,0.0,0.0,0.0
3800,substation_3800.png,0.0,0.0,0.0,0.0,0.0,0.0
3803,substation_3803.png,0.0,0.0,5.0,0.0,0.0,0.0
3805,substation_3805.png,0.0,0.0,0.0,0.0,0.0,0.0
3807,substation_3807.png,1.0,0.0,0.0,0.0,0.0,0.0
3804,substation_3804.png,0.0,0.0,2.0,0.0,0.0,0.0
3809,substation_3809.png,1.0,0.0,1.0,0.0,0.0,0.0
3806,substation_3806.png,0.0,0.0,0.0,0.0,0.0,0.0
3810,substation_3810.png,0.0,0.0,0.0,0.0,0.0,0.0
3808,substation_3808.png,0.0,0.0,0.0,0.0,0.0,0.0
3811,substation_3811.png,1.0,0.0,1.0,0.0,0.0,0.0
3812,substation_3812.png,2.0,0.0,4.0,0.0,0.0,0.0
3820,substation_3820.png,3.0,0.0,1.0,0.0,0.0,0.0
3818,substation_3818.png,6.0,0.0,0.0,0.0,0.0,0.0
3819,substation_3819.png,4.0,0.0,0.0,0.0,0.0,0.0
3814,substation_3814.png,0.0,0.0,0.0,0.0,0.0,0.0
3817,substation_3817.png,3.0,0.0,1.0,0.0,0.0,0.0
3813,substation_3813.png,0.0,0.0,1.0,0.0,0.0,0.0
3816,substation_3816.png,0.0,0.0,0.0,0.0,0.0,0.0
3815,substation_3815.png,1.0,0.0,0.0,0.0,0.0,0.0
3821,substation_3821.png,4.0,0.0,0.0,0.0,0.0,0.0
3822,substation_3822.png,0.0,0.0,1.0,0.0,1.0,0.0
3823,substation_3823.png,0.0,0.0,5.0,0.0,1.0,0.0
3824,substation_3824.png,1.0,1.0,3.0,0.0,0.0,0.0
3831,substation_3831.png,1.0,0.0,0.0,0.0,0.0,0.0
3830,substation_3830.png,0.0,1.0,0.0,1.0,0.0,0.0
3825,substation_3825.png,1.0,0.0,0.0,0.0,0.0,0.0
3829,substation_3829.png,2.0,0.0,0.0,0.0,0.0,0.0
3826,substation_3826.png,0.0,0.0,0.0,0.0,0.0,0.0
3827,substation_3827.png,2.0,1.0,1.0,0.0,0.0,0.0
3828,substation_3828.png,1.0,0.0,0.0,0.0,0.0,0.0
3834,substation_3834.png,0.0,0.0,2.0,0.0,0.0,0.0
3835,substation_3835.png,11.0,0.0,0.0,0.0,0.0,0.0
3833,substation_3833.png,2.0,0.0,0.0,0.0,0.0,0.0
3832,substation_3832.png,1.0,0.0,0.0,0.0,0.0,0.0
3837,substation_3837.png,2.0,0.0,2.0,0.0,0.0,0.0
3836,substation_3836.png,1.0,2.0,2.0,0.0,0.0,0.0
3843,substation_3843.png,2.0,0.0,10.0,0.0,0.0,0.0
3838,substation_3838.png,2.0,0.0,0.0,0.0,0.0,0.0
3839,substation_3839.png,3.0,2.0,0.0,0.0,0.0,0.0
3841,substation_3841.png,1.0,0.0,0.0,0.0,0.0,0.0
3847,substation_3847.png,1.0,0.0,1.0,0.0,0.0,0.0
3840,substation_3840.png,1.0,0.0,0.0,0.0,0.0,0.0
3842,substation_3842.png,2.0,0.0,0.0,1.0,0.0,0.0
3845,substation_3845.png,1.0,0.0,0.0,0.0,0.0,0.0
3844,substation_3844.png,2.0,0.0,0.0,1.0,0.0,0.0
3846,substation_3846.png,0.0,2.0,0.0,0.0,0.0,0.0
3849,substation_3849.png,0.0,0.0,0.0,0.0,0.0,0.0
3850,substation_3850.png,0.0,0.0,0.0,0.0,0.0,0.0
3855,substation_3855.png,4.0,1.0,1.0,0.0,0.0,0.0
3851,substation_3851.png,0.0,0.0,0.0,0.0,0.0,0.0
3857,substation_3857.png,0.0,1.0,0.0,0.0,0.0,0.0
3848,substation_3848.png,3.0,0.0,0.0,0.0,0.0,0.0
3852,substation_3852.png,2.0,0.0,0.0,0.0,0.0,0.0
3858,substation_3858.png,0.0,2.0,0.0,0.0,0.0,0.0
3856,substation_3856.png,0.0,0.0,0.0,0.0,1.0,0.0
3853,substation_3853.png,0.0,1.0,0.0,0.0,0.0,0.0
3854,substation_3854.png,0.0,0.0,0.0,1.0,0.0,0.0
3859,substation_3859.png,3.0,0.0,0.0,0.0,0.0,0.0
3867,substation_3867.png,0.0,0.0,0.0,0.0,0.0,0.0
3861,substation_3861.png,2.0,0.0,0.0,0.0,0.0,0.0
3860,substation_3860.png,3.0,0.0,0.0,0.0,0.0,0.0
3862,substation_3862.png,2.0,0.0,0.0,0.0,0.0,0.0
3865,substation_3865.png,2.0,0.0,0.0,0.0,0.0,0.0
3864,substation_3864.png,0.0,0.0,3.0,0.0,0.0,0.0
3868,substation_3868.png,0.0,0.0,0.0,0.0,0.0,0.0
3866,substation_3866.png,2.0,0.0,0.0,0.0,0.0,0.0
3871,substation_3871.png,2.0,0.0,0.0,0.0,0.0,0.0
3870,substation_3870.png,4.0,0.0,0.0,0.0,0.0,0.0
3869,substation_3869.png,0.0,0.0,0.0,0.0,0.0,0.0
3863,substation_3863.png,0.0,0.0,0.0,0.0,0.0,0.0
3879,substation_3879.png,1.0,0.0,0.0,0.0,0.0,0.0
3874,substation_3874.png,1.0,0.0,0.0,0.0,0.0,0.0
3872,substation_3872.png,2.0,0.0,3.0,0.0,0.0,0.0
3876,substation_3876.png,0.0,0.0,0.0,2.0,0.0,0.0
3878,substation_3878.png,0.0,0.0,0.0,0.0,0.0,0.0
3873,substation_3873.png,1.0,0.0,5.0,0.0,0.0,0.0
3877,substation_3877.png,2.0,0.0,0.0,1.0,0.0,0.0
3875,substation_3875.png,0.0,0.0,0.0,1.0,0.0,0.0
3880,substation_3880.png,1.0,0.0,0.0,0.0,0.0,0.0
3881,substation_3881.png,0.0,0.0,0.0,0.0,0.0,0.0
3882,substation_3882.png,0.0,0.0,0.0,0.0,0.0,0.0
3887,substation_3887.png,0.0,0.0,0.0,2.0,0.0,0.0
3886,substation_3886.png,1.0,0.0,0.0,0.0,0.0,0.0
3885,substation_3885.png,1.0,1.0,1.0,0.0,0.0,0.0
3883,substation_3883.png,2.0,0.0,0.0,0.0,0.0,0.0
3890,substation_3890.png,0.0,0.0,0.0,0.0,0.0,0.0
3888,substation_3888.png,1.0,0.0,0.0,0.0,0.0,0.0
3884,substation_3884.png,1.0,0.0,0.0,0.0,1.0,0.0
3889,substation_3889.png,0.0,0.0,1.0,1.0,0.0,0.0
3891,substation_3891.png,1.0,0.0,0.0,0.0,0.0,0.0
3896,substation_3896.png,0.0,0.0,0.0,0.0,0.0,0.0
3895,substation_3895.png,4.0,0.0,0.0,0.0,0.0,0.0
3898,substation_3898.png,2.0,0.0,0.0,0.0,0.0,0.0
3893,substation_3893.png,0.0,0.0,1.0,0.0,0.0,0.0
3894,substation_3894.png,0.0,0.0,1.0,0.0,1.0,0.0
3892,substation_3892.png,2.0,0.0,6.0,0.0,0.0,0.0
3897,substation_3897.png,0.0,3.0,0.0,0.0,0.0,0.0
3901,substation_3901.png,3.0,0.0,5.0,0.0,0.0,0.0
3900,substation_3900.png,2.0,0.0,0.0,0.0,0.0,0.0
3899,substation_3899.png,0.0,0.0,1.0,0.0,0.0,0.0
3903,substation_3903.png,3.0,0.0,2.0,0.0,0.0,0.0
3902,substation_3902.png,0.0,0.0,0.0,1.0,0.0,0.0
3904,substation_3904.png,2.0,0.0,8.0,0.0,0.0,0.0
3905,substation_3905.png,0.0,0.0,4.0,0.0,0.0,0.0
3907,substation_3907.png,0.0,0.0,1.0,0.0,0.0,0.0
3908,substation_3908.png,0.0,0.0,0.0,0.0,0.0,0.0
3906,substation_3906.png,0.0,0.0,0.0,0.0,0.0,0.0
3909,substation_3909.png,0.0,0.0,0.0,0.0,0.0,0.0
3912,substation_3912.png,0.0,0.0,3.0,0.0,0.0,0.0
3913,substation_3913.png,0.0,0.0,0.0,0.0,0.0,0.0
3910,substation_3910.png,1.0,1.0,1.0,0.0,0.0,0.0
3914,substation_3914.png,0.0,0.0,1.0,0.0,0.0,0.0
3911,substation_3911.png,0.0,0.0,4.0,0.0,0.0,0.0
3915,substation_3915.png,0.0,0.0,0.0,0.0,0.0,2.0
3916,substation_3916.png,0.0,0.0,0.0,1.0,0.0,0.0
3923,substation_3923.png,0.0,0.0,1.0,1.0,0.0,0.0
3917,substation_3917.png,1.0,0.0,0.0,0.0,0.0,0.0
3921,substation_3921.png,0.0,0.0,0.0,0.0,0.0,0.0
3925,substation_3925.png,1.0,1.0,0.0,1.0,0.0,0.0
3919,substation_3919.png,0.0,0.0,0.0,0.0,0.0,0.0
3922,substation_3922.png,2.0,0.0,0.0,0.0,0.0,0.0
3918,substation_3918.png,3.0,0.0,0.0,2.0,0.0,0.0
3920,substation_3920.png,0.0,0.0,0.0,0.0,0.0,0.0
3924,substation_3924.png,0.0,0.0,0.0,1.0,0.0,0.0
3926,substation_3926.png,0.0,0.0,0.0,0.0,0.0,0.0
3927,substation_3927.png,2.0,0.0,0.0,0.0,0.0,0.0
3932,substation_3932.png,1.0,0.0,1.0,0.0,0.0,0.0
3931,substation_3931.png,0.0,0.0,0.0,0.0,0.0,0.0
3928,substation_3928.png,0.0,0.0,0.0,1.0,0.0,0.0
3933,substation_3933.png,1.0,0.0,7.0,0.0,0.0,0.0
3935,substation_3935.png,0.0,0.0,0.0,0.0,0.0,0.0
3930,substation_3930.png,2.0,0.0,0.0,0.0,0.0,0.0
3937,substation_3937.png,0.0,0.0,0.0,0.0,1.0,0.0
3929,substation_3929.png,0.0,0.0,0.0,0.0,0.0,0.0
3936,substation_3936.png,1.0,0.0,0.0,0.0,0.0,0.0
3938,substation_3938.png,0.0,0.0,2.0,0.0,0.0,0.0
3934,substation_3934.png,1.0,0.0,0.0,0.0,0.0,0.0
3940,substation_3940.png,0.0,0.0,0.0,0.0,0.0,0.0
3941,substation_3941.png,2.0,0.0,0.0,0.0,0.0,0.0
3939,substation_3939.png,0.0,0.0,0.0,0.0,0.0,0.0
3944,substation_3944.png,2.0,0.0,0.0,0.0,0.0,0.0
3945,substation_3945.png,0.0,0.0,2.0,0.0,0.0,0.0
3942,substation_3942.png,0.0,0.0,0.0,5.0,0.0,0.0
3943,substation_3943.png,0.0,1.0,2.0,0.0,0.0,0.0
3948,substation_3948.png,1.0,0.0,2.0,0.0,0.0,0.0
3950,substation_3950.png,0.0,0.0,1.0,0.0,0.0,0.0
3947,substation_3947.png,0.0,0.0,5.0,0.0,0.0,0.0
3946,substation_3946.png,0.0,0.0,1.0,0.0,1.0,0.0
3949,substation_3949.png,1.0,0.0,0.0,0.0,0.0,0.0
3952,substation_3952.png,0.0,0.0,0.0,0.0,0.0,0.0
3956,substation_3956.png,0.0,0.0,0.0,0.0,0.0,0.0
3955,substation_3955.png,1.0,0.0,0.0,0.0,0.0,0.0
3951,substation_3951.png,0.0,0.0,0.0,0.0,0.0,0.0
3959,substation_3959.png,0.0,0.0,0.0,0.0,0.0,0.0
3957,substation_3957.png,0.0,0.0,0.0,0.0,0.0,0.0
3953,substation_3953.png,1.0,0.0,0.0,0.0,0.0,0.0
3958,substation_3958.png,0.0,4.0,0.0,0.0,0.0,0.0
3960,substation_3960.png,1.0,0.0,0.0,0.0,0.0,0.0
3954,substation_3954.png,0.0,0.0,0.0,0.0,0.0,0.0
3962,substation_3962.png,0.0,0.0,0.0,0.0,1.0,0.0
3963,substation_3963.png,0.0,0.0,0.0,0.0,1.0,0.0
3961,substation_3961.png,0.0,0.0,0.0,0.0,0.0,0.0
3966,substation_3966.png,0.0,0.0,0.0,0.0,0.0,0.0
3964,substation_3964.png,0.0,0.0,0.0,0.0,0.0,0.0
3968,substation_3968.png,1.0,0.0,0.0,1.0,0.0,0.0
3969,substation_3969.png,1.0,0.0,0.0,0.0,0.0,0.0
3970,substation_3970.png,1.0,0.0,0.0,0.0,0.0,0.0
3971,substation_3971.png,2.0,0.0,0.0,0.0,0.0,0.0
3967,substation_3967.png,2.0,0.0,4.0,1.0,0.0,0.0
3973,substation_3973.png,3.0,0.0,1.0,0.0,0.0,0.0
3972,substation_3972.png,0.0,0.0,0.0,0.0,0.0,0.0
3965,substation_3965.png,1.0,0.0,0.0,0.0,0.0,0.0
3976,substation_3976.png,0.0,0.0,0.0,2.0,0.0,0.0
3974,substation_3974.png,2.0,0.0,0.0,0.0,0.0,0.0
3977,substation_3977.png,0.0,0.0,0.0,0.0,0.0,0.0
3975,substation_3975.png,3.0,0.0,2.0,0.0,0.0,0.0
3978,substation_3978.png,0.0,0.0,1.0,0.0,0.0,0.0
3982,substation_3982.png,0.0,0.0,0.0,1.0,0.0,0.0
3980,substation_3980.png,4.0,0.0,0.0,0.0,0.0,0.0
3981,substation_3981.png,0.0,0.0,0.0,0.0,0.0,0.0
3984,substation_3984.png,0.0,0.0,0.0,0.0,0.0,0.0
3983,substation_3983.png,0.0,1.0,0.0,0.0,0.0,0.0
3979,substation_3979.png,1.0,0.0,0.0,0.0,0.0,0.0
3985,substation_3985.png,0.0,0.0,0.0,0.0,0.0,0.0
3986,substation_3986.png,0.0,0.0,0.0,0.0,0.0,0.0
3987,substation_3987.png,0.0,0.0,1.0,0.0,0.0,0.0
3988,substation_3988.png,0.0,0.0,0.0,0.0,0.0,0.0
3993,substation_3993.png,3.0,0.0,2.0,0.0,0.0,0.0
3989,substation_3989.png,0.0,1.0,0.0,2.0,0.0,0.0
3990,substation_3990.png,0.0,0.0,0.0,0.0,0.0,0.0
3995,substation_3995.png,0.0,0.0,0.0,0.0,0.0,0.0
3992,substation_3992.png,3.0,0.0,4.0,0.0,0.0,0.0
3996,substation_3996.png,0.0,0.0,0.0,0.0,0.0,0.0
3991,substation_3991.png,1.0,0.0,0.0,0.0,0.0,0.0
3994,substation_3994.png,2.0,0.0,5.0,1.0,0.0,0.0
3997,substation_3997.png,1.0,0.0,0.0,0.0,0.0,0.0
3999,substation_3999.png,0.0,0.0,0.0,2.0,0.0,0.0
4001,substation_4001.png,0.0,1.0,1.0,1.0,0.0,0.0
4000,substation_4000.png,0.0,0.0,0.0,0.0,0.0,0.0
4003,substation_4003.png,3.0,0.0,0.0,0.0,0.0,0.0
4006,substation_4006.png,1.0,0.0,0.0,0.0,0.0,0.0
4004,substation_4004.png,0.0,0.0,2.0,0.0,0.0,0.0
3998,substation_3998.png,1.0,0.0,0.0,0.0,0.0,0.0
4002,substation_4002.png,0.0,0.0,0.0,0.0,0.0,0.0
4005,substation_4005.png,3.0,0.0,0.0,0.0,0.0,0.0
4011,substation_4011.png,0.0,0.0,0.0,0.0,0.0,0.0
4012,substation_4012.png,2.0,0.0,0.0,0.0,0.0,0.0
4014,substation_4014.png,0.0,0.0,0.0,0.0,0.0,0.0
4015,substation_4015.png,0.0,0.0,0.0,0.0,0.0,0.0
4008,substation_4008.png,1.0,0.0,0.0,0.0,0.0,0.0
4007,substation_4007.png,1.0,0.0,0.0,0.0,0.0,0.0
4009,substation_4009.png,1.0,0.0,0.0,0.0,0.0,0.0
4010,substation_4010.png,0.0,0.0,0.0,1.0,0.0,0.0
4016,substation_4016.png,0.0,0.0,0.0,0.0,0.0,0.0
4013,substation_4013.png,5.0,0.0,1.0,0.0,0.0,0.0
4017,substation_4017.png,0.0,0.0,0.0,0.0,0.0,0.0
4018,substation_4018.png,0.0,0.0,0.0,0.0,0.0,0.0
4024,substation_4024.png,0.0,0.0,0.0,0.0,0.0,0.0
4019,substation_4019.png,0.0,2.0,0.0,1.0,0.0,0.0
4020,substation_4020.png,0.0,0.0,0.0,0.0,1.0,0.0
4023,substation_4023.png,2.0,0.0,0.0,0.0,0.0,0.0
4025,substation_4025.png,0.0,0.0,0.0,0.0,0.0,0.0
4026,substation_4026.png,2.0,0.0,0.0,0.0,0.0,0.0
4021,substation_4021.png,1.0,1.0,0.0,0.0,0.0,0.0
4022,substation_4022.png,1.0,0.0,0.0,0.0,0.0,0.0
4028,substation_4028.png,1.0,0.0,2.0,0.0,0.0,0.0
4027,substation_4027.png,0.0,0.0,0.0,0.0,0.0,0.0
4029,substation_4029.png,1.0,0.0,0.0,0.0,0.0,0.0
4032,substation_4032.png,0.0,0.0,0.0,0.0,0.0,0.0
4033,substation_4033.png,0.0,0.0,0.0,0.0,0.0,0.0
4034,substation_4034.png,1.0,0.0,0.0,0.0,0.0,0.0
4030,substation_4030.png,0.0,0.0,0.0,1.0,0.0,0.0
4031,substation_4031.png,2.0,0.0,2.0,1.0,0.0,0.0
4038,substation_4038.png,0.0,0.0,0.0,1.0,0.0,0.0
4035,substation_4035.png,0.0,0.0,0.0,0.0,0.0,0.0
4036,substation_4036.png,0.0,0.0,0.0,0.0,0.0,0.0
4037,substation_4037.png,2.0,0.0,0.0,0.0,0.0,0.0
4039,substation_4039.png,0.0,0.0,0.0,0.0,0.0,0.0
4043,substation_4043.png,3.0,0.0,3.0,1.0,0.0,0.0
4044,substation_4044.png,2.0,2.0,0.0,0.0,0.0,0.0
4042,substation_4042.png,1.0,0.0,3.0,0.0,0.0,0.0
4046,substation_4046.png,1.0,0.0,0.0,0.0,0.0,0.0
4041,substation_4041.png,1.0,0.0,2.0,4.0,0.0,0.0
4045,substation_4045.png,1.0,0.0,0.0,0.0,0.0,0.0
4048,substation_4048.png,2.0,0.0,0.0,0.0,0.0,0.0
4049,substation_4049.png,1.0,0.0,0.0,0.0,0.0,0.0
4040,substation_4040.png,0.0,0.0,6.0,0.0,0.0,0.0
4052,substation_4052.png,0.0,0.0,0.0,0.0,0.0,0.0
4051,substation_4051.png,2.0,0.0,0.0,2.0,0.0,0.0
4050,substation_4050.png,4.0,0.0,0.0,0.0,0.0,0.0
4054,substation_4054.png,1.0,0.0,2.0,0.0,0.0,0.0
4056,substation_4056.png,1.0,0.0,0.0,0.0,0.0,0.0
4053,substation_4053.png,1.0,1.0,1.0,0.0,0.0,0.0
4055,substation_4055.png,0.0,0.0,0.0,0.0,0.0,0.0
4047,substation_4047.png,1.0,0.0,1.0,0.0,0.0,0.0
4057,substation_4057.png,1.0,1.0,0.0,0.0,0.0,0.0
4058,substation_4058.png,3.0,0.0,0.0,0.0,0.0,0.0
4059,substation_4059.png,1.0,0.0,2.0,0.0,0.0,0.0
4060,substation_4060.png,0.0,0.0,1.0,0.0,0.0,0.0
4062,substation_4062.png,2.0,0.0,0.0,0.0,0.0,0.0
4064,substation_4064.png,0.0,0.0,7.0,0.0,0.0,0.0
4061,substation_4061.png,0.0,0.0,1.0,0.0,0.0,0.0
4063,substation_4063.png,0.0,1.0,5.0,0.0,0.0,0.0
4066,substation_4066.png,0.0,0.0,12.0,0.0,0.0,0.0
4068,substation_4068.png,2.0,0.0,1.0,0.0,1.0,0.0
4067,substation_4067.png,7.0,0.0,4.0,0.0,0.0,0.0
4069,substation_4069.png,1.0,0.0,1.0,0.0,0.0,0.0
4070,substation_4070.png,2.0,0.0,0.0,0.0,0.0,0.0
4074,substation_4074.png,0.0,0.0,0.0,0.0,0.0,0.0
4071,substation_4071.png,0.0,0.0,0.0,1.0,0.0,0.0
4075,substation_4075.png,0.0,0.0,0.0,0.0,0.0,0.0
4065,substation_4065.png,1.0,0.0,0.0,1.0,0.0,0.0
4073,substation_4073.png,0.0,0.0,0.0,0.0,0.0,0.0
4072,substation_4072.png,1.0,0.0,3.0,0.0,0.0,0.0
4077,substation_4077.png,2.0,0.0,0.0,0.0,0.0,0.0
4078,substation_4078.png,0.0,0.0,0.0,0.0,0.0,0.0
4076,substation_4076.png,1.0,1.0,0.0,0.0,0.0,0.0
4079,substation_4079.png,1.0,0.0,0.0,0.0,0.0,0.0
4080,substation_4080.png,0.0,0.0,0.0,0.0,0.0,0.0
4084,substation_4084.png,1.0,0.0,1.0,0.0,0.0,0.0
4081,substation_4081.png,4.0,0.0,7.0,0.0,0.0,0.0
4082,substation_4082.png,0.0,0.0,0.0,0.0,0.0,0.0
4087,substation_4087.png,0.0,0.0,0.0,0.0,0.0,0.0
4085,substation_4085.png,0.0,0.0,0.0,0.0,0.0,0.0
4083,substation_4083.png,0.0,0.0,4.0,0.0,0.0,0.0
4086,substation_4086.png,2.0,0.0,0.0,0.0,0.0,0.0
2089,substation_2089.png,0.0,0.0,3.0,1.0,0.0,0.0
2086,substation_2086.png,0.0,0.0,0.0,0.0,0.0,0.0
2088,substation_2088.png,2.0,0.0,0.0,0.0,0.0,0.0
2082,substation_2082.png,4.0,0.0,0.0,4.0,0.0,0.0
2092,substation_2092.png,0.0,0.0,0.0,1.0,1.0,0.0
2090,substation_2090.png,1.0,0.0,0.0,0.0,0.0,0.0
2093,substation_2093.png,7.0,1.0,4.0,0.0,0.0,0.0
2097,substation_2097.png,0.0,0.0,0.0,0.0,0.0,0.0
2091,substation_2091.png,0.0,0.0,0.0,0.0,1.0,0.0
2095,substation_2095.png,0.0,0.0,0.0,0.0,0.0,0.0
2101,substation_2101.png,1.0,1.0,0.0,0.0,0.0,0.0
2094,substation_2094.png,0.0,0.0,0.0,0.0,0.0,0.0
2096,substation_2096.png,2.0,0.0,0.0,0.0,0.0,0.0
2099,substation_2099.png,0.0,0.0,0.0,0.0,0.0,0.0
2098,substation_2098.png,2.0,0.0,0.0,0.0,0.0,0.0
2102,substation_2102.png,2.0,0.0,0.0,1.0,1.0,0.0
2104,substation_2104.png,2.0,0.0,2.0,0.0,0.0,0.0
2100,substation_2100.png,3.0,0.0,0.0,0.0,0.0,0.0
2103,substation_2103.png,2.0,0.0,0.0,0.0,0.0,0.0
2107,substation_2107.png,0.0,0.0,0.0,0.0,0.0,0.0
2105,substation_2105.png,0.0,0.0,4.0,0.0,0.0,0.0
2106,substation_2106.png,3.0,0.0,4.0,0.0,0.0,0.0
2108,substation_2108.png,0.0,0.0,0.0,0.0,0.0,0.0
2109,substation_2109.png,0.0,0.0,0.0,0.0,0.0,0.0
2111,substation_2111.png,0.0,0.0,15.0,0.0,0.0,0.0
2116,substation_2116.png,0.0,0.0,0.0,0.0,0.0,0.0
2112,substation_2112.png,1.0,0.0,0.0,0.0,0.0,0.0
2113,substation_2113.png,0.0,0.0,0.0,0.0,0.0,0.0
2115,substation_2115.png,2.0,0.0,0.0,0.0,0.0,0.0
2110,substation_2110.png,3.0,0.0,0.0,0.0,0.0,0.0
2114,substation_2114.png,3.0,0.0,0.0,0.0,0.0,0.0
2118,substation_2118.png,0.0,0.0,0.0,0.0,0.0,0.0
2120,substation_2120.png,0.0,0.0,0.0,1.0,0.0,0.0
2117,substation_2117.png,2.0,5.0,0.0,0.0,0.0,0.0
2119,substation_2119.png,1.0,2.0,0.0,1.0,0.0,0.0
2123,substation_2123.png,0.0,0.0,0.0,0.0,0.0,0.0
2124,substation_2124.png,0.0,0.0,0.0,0.0,1.0,0.0
2121,substation_2121.png,0.0,0.0,2.0,0.0,0.0,0.0
2122,substation_2122.png,2.0,0.0,0.0,0.0,0.0,0.0
2125,substation_2125.png,0.0,0.0,0.0,1.0,0.0,0.0
2126,substation_2126.png,0.0,0.0,3.0,0.0,1.0,0.0
2128,substation_2128.png,1.0,1.0,10.0,0.0,0.0,0.0
2130,substation_2130.png,0.0,0.0,0.0,0.0,0.0,0.0
2127,substation_2127.png,3.0,0.0,0.0,0.0,0.0,0.0
2129,substation_2129.png,1.0,2.0,0.0,0.0,0.0,0.0
2133,substation_2133.png,0.0,2.0,0.0,0.0,0.0,0.0
2131,substation_2131.png,0.0,0.0,0.0,0.0,0.0,0.0
2132,substation_2132.png,0.0,1.0,0.0,0.0,0.0,0.0
2134,substation_2134.png,0.0,0.0,0.0,0.0,0.0,0.0
2136,substation_2136.png,0.0,0.0,0.0,0.0,0.0,0.0
2135,substation_2135.png,0.0,0.0,0.0,0.0,0.0,0.0
2137,substation_2137.png,4.0,0.0,4.0,0.0,0.0,0.0
2143,substation_2143.png,1.0,0.0,9.0,0.0,0.0,0.0
2139,substation_2139.png,0.0,0.0,1.0,1.0,0.0,0.0
2138,substation_2138.png,1.0,0.0,1.0,0.0,0.0,0.0
2142,substation_2142.png,3.0,0.0,0.0,0.0,0.0,0.0
2145,substation_2145.png,1.0,0.0,0.0,0.0,0.0,0.0
2140,substation_2140.png,1.0,0.0,1.0,0.0,0.0,0.0
2146,substation_2146.png,1.0,0.0,0.0,0.0,1.0,0.0
2144,substation_2144.png,0.0,0.0,0.0,1.0,0.0,0.0
2141,substation_2141.png,4.0,0.0,0.0,0.0,0.0,0.0
2149,substation_2149.png,0.0,0.0,0.0,0.0,0.0,0.0
2147,substation_2147.png,1.0,0.0,0.0,0.0,0.0,0.0
2148,substation_2148.png,2.0,0.0,0.0,0.0,0.0,0.0
2150,substation_2150.png,1.0,0.0,0.0,0.0,0.0,0.0
2152,substation_2152.png,0.0,0.0,0.0,0.0,0.0,0.0
2153,substation_2153.png,0.0,0.0,2.0,0.0,0.0,0.0
2155,substation_2155.png,1.0,0.0,0.0,0.0,0.0,0.0
2159,substation_2159.png,0.0,0.0,0.0,0.0,0.0,0.0
2158,substation_2158.png,4.0,0.0,2.0,0.0,0.0,0.0
2157,substation_2157.png,1.0,0.0,0.0,0.0,0.0,0.0
2156,substation_2156.png,0.0,0.0,0.0,0.0,0.0,0.0
2151,substation_2151.png,6.0,0.0,0.0,0.0,0.0,0.0
2154,substation_2154.png,0.0,0.0,0.0,0.0,0.0,0.0
2160,substation_2160.png,0.0,0.0,4.0,0.0,0.0,0.0
2162,substation_2162.png,1.0,0.0,0.0,4.0,0.0,0.0
2161,substation_2161.png,1.0,0.0,3.0,0.0,0.0,0.0
2165,substation_2165.png,1.0,0.0,0.0,0.0,0.0,0.0
2163,substation_2163.png,0.0,0.0,0.0,0.0,1.0,0.0
2164,substation_2164.png,1.0,0.0,2.0,0.0,0.0,0.0
2167,substation_2167.png,0.0,0.0,0.0,1.0,0.0,0.0
2166,substation_2166.png,2.0,0.0,2.0,4.0,0.0,0.0
2168,substation_2168.png,0.0,0.0,0.0,1.0,0.0,0.0
2169,substation_2169.png,2.0,0.0,0.0,0.0,0.0,0.0
2172,substation_2172.png,0.0,0.0,0.0,0.0,0.0,0.0
2170,substation_2170.png,0.0,0.0,0.0,0.0,1.0,0.0
2174,substation_2174.png,0.0,0.0,0.0,0.0,0.0,0.0
2171,substation_2171.png,0.0,0.0,0.0,1.0,0.0,0.0
2173,substation_2173.png,0.0,0.0,0.0,1.0,0.0,0.0
2179,substation_2179.png,3.0,1.0,0.0,0.0,0.0,0.0
2175,substation_2175.png,1.0,0.0,4.0,1.0,0.0,0.0
2181,substation_2181.png,0.0,0.0,0.0,1.0,0.0,0.0
2178,substation_2178.png,1.0,0.0,2.0,1.0,0.0,0.0
2176,substation_2176.png,4.0,1.0,0.0,0.0,0.0,0.0
2180,substation_2180.png,0.0,0.0,0.0,0.0,0.0,0.0
2177,substation_2177.png,2.0,0.0,0.0,0.0,0.0,0.0
2184,substation_2184.png,3.0,0.0,0.0,0.0,0.0,0.0
2183,substation_2183.png,2.0,0.0,0.0,0.0,0.0,0.0
2186,substation_2186.png,3.0,1.0,1.0,0.0,0.0,0.0
2182,substation_2182.png,1.0,1.0,2.0,0.0,1.0,0.0
2185,substation_2185.png,0.0,0.0,0.0,0.0,0.0,0.0
2187,substation_2187.png,0.0,0.0,0.0,0.0,0.0,0.0
2189,substation_2189.png,2.0,0.0,0.0,2.0,0.0,0.0
2192,substation_2192.png,1.0,1.0,0.0,0.0,1.0,0.0
2191,substation_2191.png,0.0,4.0,0.0,0.0,0.0,0.0
2188,substation_2188.png,0.0,0.0,0.0,0.0,0.0,0.0
2197,substation_2197.png,0.0,0.0,0.0,0.0,1.0,0.0
2190,substation_2190.png,4.0,0.0,2.0,0.0,0.0,0.0
2193,substation_2193.png,1.0,0.0,0.0,0.0,1.0,0.0
2194,substation_2194.png,0.0,0.0,0.0,0.0,0.0,0.0
2195,substation_2195.png,0.0,0.0,6.0,0.0,0.0,0.0
2196,substation_2196.png,0.0,0.0,0.0,0.0,1.0,0.0
2198,substation_2198.png,2.0,0.0,1.0,0.0,0.0,0.0
2204,substation_2204.png,1.0,0.0,0.0,0.0,0.0,0.0
2199,substation_2199.png,0.0,0.0,0.0,0.0,0.0,0.0
2206,substation_2206.png,2.0,0.0,0.0,0.0,0.0,0.0
2200,substation_2200.png,0.0,0.0,0.0,0.0,0.0,0.0
2202,substation_2202.png,0.0,0.0,0.0,0.0,0.0,0.0
2201,substation_2201.png,0.0,0.0,0.0,0.0,1.0,0.0
2203,substation_2203.png,1.0,0.0,0.0,0.0,0.0,0.0
2205,substation_2205.png,0.0,2.0,3.0,0.0,0.0,0.0
2210,substation_2210.png,2.0,0.0,0.0,0.0,0.0,0.0
2207,substation_2207.png,1.0,0.0,0.0,0.0,0.0,0.0
2209,substation_2209.png,1.0,0.0,3.0,0.0,0.0,0.0
2211,substation_2211.png,0.0,0.0,3.0,0.0,0.0,0.0
2208,substation_2208.png,2.0,0.0,0.0,0.0,0.0,0.0
2212,substation_2212.png,2.0,0.0,2.0,1.0,0.0,0.0
2215,substation_2215.png,1.0,0.0,1.0,0.0,0.0,0.0
2214,substation_2214.png,0.0,0.0,0.0,0.0,0.0,0.0
2213,substation_2213.png,2.0,0.0,0.0,0.0,0.0,0.0
2216,substation_2216.png,0.0,0.0,0.0,0.0,0.0,0.0
2218,substation_2218.png,0.0,0.0,0.0,0.0,0.0,0.0
2219,substation_2219.png,0.0,0.0,0.0,0.0,0.0,0.0
2225,substation_2225.png,0.0,0.0,0.0,0.0,0.0,0.0
2223,substation_2223.png,0.0,0.0,0.0,1.0,0.0,0.0
2217,substation_2217.png,2.0,0.0,0.0,0.0,0.0,0.0
2220,substation_2220.png,2.0,1.0,0.0,0.0,0.0,0.0
2222,substation_2222.png,0.0,0.0,0.0,0.0,0.0,0.0
2226,substation_2226.png,0.0,0.0,0.0,0.0,0.0,0.0
2227,substation_2227.png,0.0,0.0,0.0,0.0,0.0,0.0
2224,substation_2224.png,1.0,0.0,0.0,1.0,0.0,0.0
2221,substation_2221.png,1.0,0.0,0.0,0.0,0.0,0.0
2228,substation_2228.png,0.0,0.0,5.0,0.0,0.0,0.0
2231,substation_2231.png,2.0,0.0,1.0,0.0,0.0,0.0
2232,substation_2232.png,2.0,0.0,2.0,0.0,0.0,0.0
2229,substation_2229.png,1.0,0.0,0.0,0.0,1.0,0.0
2230,substation_2230.png,1.0,2.0,5.0,0.0,0.0,0.0
2234,substation_2234.png,6.0,0.0,0.0,0.0,0.0,0.0
2233,substation_2233.png,2.0,0.0,0.0,0.0,0.0,0.0
2235,substation_2235.png,0.0,0.0,7.0,0.0,0.0,0.0
2236,substation_2236.png,0.0,0.0,4.0,0.0,0.0,0.0
2239,substation_2239.png,0.0,0.0,1.0,0.0,0.0,0.0
2238,substation_2238.png,0.0,0.0,1.0,0.0,0.0,0.0
2240,substation_2240.png,1.0,0.0,0.0,2.0,0.0,0.0
2241,substation_2241.png,0.0,0.0,0.0,0.0,0.0,0.0
2237,substation_2237.png,0.0,3.0,0.0,1.0,0.0,0.0
2242,substation_2242.png,0.0,0.0,0.0,0.0,0.0,0.0
2243,substation_2243.png,0.0,0.0,0.0,0.0,0.0,0.0
2246,substation_2246.png,0.0,3.0,0.0,1.0,0.0,0.0
2247,substation_2247.png,0.0,0.0,1.0,0.0,0.0,0.0
2245,substation_2245.png,0.0,0.0,6.0,0.0,0.0,0.0
2248,substation_2248.png,0.0,0.0,1.0,0.0,0.0,0.0
2244,substation_2244.png,0.0,0.0,0.0,0.0,1.0,0.0
2251,substation_2251.png,2.0,0.0,3.0,0.0,0.0,0.0
2249,substation_2249.png,0.0,0.0,0.0,0.0,0.0,0.0
2252,substation_2252.png,2.0,0.0,0.0,0.0,0.0,0.0
2253,substation_2253.png,0.0,0.0,2.0,0.0,0.0,0.0
2254,substation_2254.png,0.0,0.0,3.0,0.0,0.0,0.0
2250,substation_2250.png,0.0,0.0,10.0,0.0,1.0,0.0
2260,substation_2260.png,0.0,0.0,0.0,0.0,0.0,0.0
2256,substation_2256.png,1.0,0.0,2.0,0.0,0.0,0.0
2255,substation_2255.png,1.0,0.0,1.0,0.0,0.0,0.0
2259,substation_2259.png,0.0,0.0,3.0,0.0,0.0,0.0
2258,substation_2258.png,0.0,0.0,0.0,0.0,0.0,0.0
2257,substation_2257.png,1.0,0.0,0.0,0.0,0.0,0.0
2263,substation_2263.png,2.0,0.0,2.0,0.0,0.0,0.0
2265,substation_2265.png,1.0,4.0,0.0,0.0,0.0,0.0
2268,substation_2268.png,2.0,0.0,3.0,0.0,0.0,0.0
2262,substation_2262.png,2.0,4.0,4.0,0.0,0.0,0.0
2261,substation_2261.png,2.0,0.0,6.0,0.0,0.0,0.0
2264,substation_2264.png,1.0,0.0,0.0,0.0,0.0,0.0
2270,substation_2270.png,0.0,0.0,0.0,0.0,0.0,0.0
2266,substation_2266.png,2.0,0.0,0.0,0.0,0.0,0.0
2272,substation_2272.png,0.0,1.0,0.0,1.0,0.0,0.0
2267,substation_2267.png,1.0,0.0,0.0,0.0,0.0,0.0
2269,substation_2269.png,0.0,0.0,1.0,0.0,0.0,0.0
2271,substation_2271.png,0.0,0.0,0.0,0.0,0.0,0.0
2273,substation_2273.png,2.0,0.0,0.0,0.0,0.0,0.0
2276,substation_2276.png,1.0,0.0,9.0,0.0,0.0,0.0
2275,substation_2275.png,1.0,0.0,0.0,0.0,0.0,0.0
2277,substation_2277.png,0.0,0.0,0.0,0.0,0.0,0.0
2279,substation_2279.png,1.0,0.0,0.0,0.0,0.0,0.0
2274,substation_2274.png,0.0,0.0,0.0,0.0,0.0,0.0
2282,substation_2282.png,1.0,0.0,2.0,0.0,0.0,0.0
2278,substation_2278.png,0.0,0.0,0.0,0.0,0.0,0.0
2281,substation_2281.png,1.0,0.0,0.0,0.0,0.0,0.0
2280,substation_2280.png,1.0,0.0,0.0,0.0,0.0,0.0
2283,substation_2283.png,1.0,0.0,0.0,0.0,0.0,0.0
2284,substation_2284.png,0.0,0.0,0.0,0.0,0.0,0.0
2287,substation_2287.png,4.0,0.0,6.0,0.0,0.0,0.0
2285,substation_2285.png,0.0,0.0,0.0,0.0,0.0,0.0
2286,substation_2286.png,1.0,0.0,0.0,0.0,0.0,0.0
2289,substation_2289.png,0.0,0.0,1.0,0.0,0.0,0.0
2293,substation_2293.png,1.0,0.0,7.0,0.0,0.0,0.0
2290,substation_2290.png,5.0,1.0,4.0,0.0,0.0,0.0
2288,substation_2288.png,0.0,0.0,4.0,0.0,0.0,0.0
2294,substation_2294.png,0.0,0.0,1.0,0.0,0.0,0.0
2295,substation_2295.png,3.0,1.0,0.0,0.0,0.0,0.0
2296,substation_2296.png,1.0,0.0,4.0,0.0,0.0,0.0
2291,substation_2291.png,0.0,0.0,0.0,0.0,0.0,0.0
2292,substation_2292.png,1.0,0.0,0.0,0.0,0.0,0.0
2297,substation_2297.png,1.0,0.0,5.0,1.0,0.0,0.0
2298,substation_2298.png,2.0,0.0,6.0,1.0,0.0,0.0
2299,substation_2299.png,0.0,0.0,1.0,0.0,0.0,0.0
2300,substation_2300.png,0.0,0.0,0.0,0.0,0.0,0.0
2306,substation_2306.png,0.0,1.0,0.0,0.0,1.0,0.0
2305,substation_2305.png,0.0,1.0,1.0,0.0,0.0,0.0
2302,substation_2302.png,0.0,0.0,0.0,0.0,0.0,0.0
2309,substation_2309.png,1.0,0.0,0.0,0.0,0.0,0.0
2303,substation_2303.png,0.0,0.0,0.0,0.0,0.0,0.0
2301,substation_2301.png,3.0,0.0,0.0,0.0,0.0,0.0
2308,substation_2308.png,0.0,0.0,0.0,0.0,0.0,0.0
2304,substation_2304.png,0.0,0.0,0.0,1.0,0.0,0.0
2307,substation_2307.png,0.0,0.0,5.0,0.0,0.0,0.0
2311,substation_2311.png,1.0,0.0,0.0,0.0,0.0,0.0
2316,substation_2316.png,0.0,0.0,0.0,0.0,1.0,0.0
2313,substation_2313.png,0.0,0.0,0.0,0.0,0.0,0.0
2314,substation_2314.png,2.0,1.0,0.0,1.0,0.0,0.0
2315,substation_2315.png,0.0,0.0,0.0,0.0,1.0,0.0
2312,substation_2312.png,0.0,0.0,0.0,0.0,0.0,0.0
2310,substation_2310.png,1.0,0.0,0.0,0.0,0.0,0.0
2322,substation_2322.png,0.0,0.0,0.0,0.0,0.0,0.0
2319,substation_2319.png,0.0,0.0,0.0,0.0,0.0,0.0
2317,substation_2317.png,0.0,0.0,0.0,0.0,1.0,0.0
2321,substation_2321.png,0.0,0.0,0.0,0.0,0.0,0.0
2320,substation_2320.png,0.0,0.0,2.0,0.0,0.0,0.0
2318,substation_2318.png,0.0,0.0,0.0,0.0,2.0,0.0
2325,substation_2325.png,0.0,0.0,1.0,0.0,1.0,0.0
2324,substation_2324.png,2.0,0.0,0.0,0.0,0.0,0.0
2327,substation_2327.png,2.0,0.0,1.0,0.0,0.0,0.0
2328,substation_2328.png,0.0,0.0,1.0,0.0,1.0,0.0
2331,substation_2331.png,0.0,0.0,0.0,0.0,0.0,0.0
2323,substation_2323.png,0.0,0.0,0.0,0.0,1.0,0.0
2332,substation_2332.png,0.0,1.0,6.0,1.0,0.0,0.0
2326,substation_2326.png,1.0,0.0,0.0,0.0,0.0,0.0
2334,substation_2334.png,0.0,0.0,0.0,0.0,0.0,0.0
2330,substation_2330.png,0.0,1.0,1.0,0.0,0.0,0.0
2329,substation_2329.png,2.0,0.0,3.0,1.0,0.0,0.0
2337,substation_2337.png,0.0,0.0,0.0,0.0,1.0,0.0
2333,substation_2333.png,1.0,0.0,0.0,1.0,0.0,0.0
2335,substation_2335.png,0.0,0.0,4.0,1.0,0.0,0.0
2336,substation_2336.png,0.0,0.0,4.0,0.0,1.0,0.0
2342,substation_2342.png,0.0,0.0,2.0,0.0,0.0,0.0
2338,substation_2338.png,3.0,1.0,0.0,0.0,0.0,0.0
2345,substation_2345.png,0.0,1.0,1.0,1.0,0.0,0.0
2340,substation_2340.png,0.0,0.0,4.0,0.0,0.0,0.0
2344,substation_2344.png,2.0,0.0,0.0,0.0,0.0,0.0
2341,substation_2341.png,5.0,0.0,0.0,0.0,0.0,0.0
2343,substation_2343.png,2.0,0.0,0.0,0.0,0.0,0.0
2339,substation_2339.png,0.0,0.0,9.0,0.0,0.0,0.0
2346,substation_2346.png,0.0,0.0,4.0,0.0,0.0,0.0
2347,substation_2347.png,0.0,0.0,0.0,0.0,0.0,0.0
2352,substation_2352.png,0.0,0.0,0.0,0.0,1.0,0.0
2348,substation_2348.png,1.0,0.0,0.0,0.0,0.0,0.0
2349,substation_2349.png,2.0,0.0,0.0,0.0,0.0,0.0
2356,substation_2356.png,1.0,3.0,0.0,1.0,0.0,0.0
2354,substation_2354.png,0.0,0.0,1.0,0.0,0.0,0.0
2351,substation_2351.png,1.0,0.0,0.0,0.0,0.0,0.0
2357,substation_2357.png,0.0,1.0,4.0,0.0,0.0,0.0
2358,substation_2358.png,1.0,0.0,1.0,0.0,0.0,0.0
2353,substation_2353.png,0.0,0.0,0.0,0.0,0.0,0.0
2355,substation_2355.png,0.0,0.0,0.0,0.0,1.0,0.0
2350,substation_2350.png,1.0,0.0,2.0,0.0,0.0,0.0
2359,substation_2359.png,0.0,0.0,0.0,0.0,1.0,0.0
2361,substation_2361.png,1.0,0.0,0.0,0.0,0.0,0.0
2362,substation_2362.png,2.0,0.0,1.0,0.0,0.0,0.0
2360,substation_2360.png,4.0,0.0,0.0,0.0,0.0,0.0
2363,substation_2363.png,0.0,0.0,0.0,1.0,0.0,0.0
2364,substation_2364.png,2.0,0.0,2.0,0.0,0.0,0.0
2365,substation_2365.png,0.0,0.0,0.0,0.0,0.0,0.0
2367,substation_2367.png,0.0,0.0,0.0,0.0,0.0,0.0
2366,substation_2366.png,0.0,0.0,1.0,0.0,0.0,0.0
2369,substation_2369.png,5.0,0.0,0.0,0.0,0.0,0.0
2370,substation_2370.png,1.0,0.0,1.0,0.0,0.0,0.0
2373,substation_2373.png,3.0,0.0,2.0,0.0,0.0,0.0
2372,substation_2372.png,0.0,0.0,0.0,0.0,0.0,0.0
2371,substation_2371.png,1.0,0.0,2.0,0.0,0.0,0.0
2374,substation_2374.png,4.0,0.0,1.0,0.0,0.0,0.0
2368,substation_2368.png,0.0,0.0,0.0,1.0,0.0,0.0
2377,substation_2377.png,0.0,0.0,0.0,0.0,0.0,0.0
2376,substation_2376.png,0.0,0.0,0.0,1.0,0.0,0.0
2375,substation_2375.png,0.0,0.0,0.0,0.0,1.0,0.0
2382,substation_2382.png,0.0,0.0,0.0,0.0,0.0,0.0
2380,substation_2380.png,0.0,0.0,1.0,0.0,0.0,0.0
2378,substation_2378.png,0.0,1.0,0.0,0.0,0.0,0.0
2379,substation_2379.png,0.0,0.0,0.0,0.0,0.0,0.0
2385,substation_2385.png,0.0,0.0,1.0,1.0,0.0,0.0
2381,substation_2381.png,1.0,0.0,1.0,0.0,0.0,0.0
2386,substation_2386.png,2.0,0.0,0.0,0.0,0.0,0.0
2389,substation_2389.png,1.0,0.0,0.0,0.0,0.0,0.0
2384,substation_2384.png,3.0,0.0,0.0,0.0,0.0,0.0
2383,substation_2383.png,7.0,0.0,0.0,0.0,0.0,0.0
2387,substation_2387.png,0.0,0.0,0.0,0.0,0.0,0.0
2391,substation_2391.png,4.0,0.0,1.0,0.0,0.0,0.0
2392,substation_2392.png,5.0,0.0,0.0,0.0,0.0,0.0
2394,substation_2394.png,2.0,0.0,0.0,0.0,0.0,0.0
2390,substation_2390.png,2.0,0.0,0.0,0.0,0.0,0.0
2388,substation_2388.png,0.0,0.0,0.0,0.0,0.0,0.0
2393,substation_2393.png,0.0,0.0,0.0,0.0,0.0,0.0
2395,substation_2395.png,0.0,0.0,3.0,0.0,0.0,0.0
2403,substation_2403.png,1.0,0.0,14.0,0.0,0.0,0.0
2396,substation_2396.png,0.0,0.0,0.0,1.0,1.0,0.0
2399,substation_2399.png,0.0,0.0,4.0,1.0,0.0,0.0
2404,substation_2404.png,2.0,0.0,0.0,0.0,0.0,0.0
2400,substation_2400.png,0.0,0.0,1.0,0.0,0.0,0.0
2401,substation_2401.png,1.0,0.0,0.0,0.0,0.0,0.0
2397,substation_2397.png,0.0,0.0,0.0,0.0,1.0,0.0
2398,substation_2398.png,2.0,0.0,0.0,0.0,0.0,0.0
2405,substation_2405.png,0.0,0.0,1.0,0.0,0.0,0.0
2402,substation_2402.png,0.0,0.0,0.0,0.0,0.0,0.0
2406,substation_2406.png,0.0,0.0,2.0,0.0,0.0,0.0
2407,substation_2407.png,0.0,0.0,0.0,0.0,0.0,0.0
2409,substation_2409.png,1.0,0.0,0.0,0.0,0.0,0.0
2408,substation_2408.png,0.0,0.0,0.0,0.0,0.0,0.0
2412,substation_2412.png,2.0,0.0,0.0,0.0,0.0,0.0
2410,substation_2410.png,2.0,0.0,0.0,0.0,0.0,0.0
2411,substation_2411.png,1.0,0.0,0.0,0.0,0.0,0.0
2413,substation_2413.png,1.0,0.0,0.0,0.0,0.0,0.0
2415,substation_2415.png,0.0,0.0,1.0,0.0,0.0,0.0
2414,substation_2414.png,2.0,0.0,0.0,0.0,1.0,0.0
2416,substation_2416.png,0.0,1.0,1.0,0.0,0.0,0.0
2417,substation_2417.png,0.0,0.0,0.0,0.0,1.0,0.0
2419,substation_2419.png,1.0,0.0,0.0,0.0,0.0,0.0
2420,substation_2420.png,1.0,0.0,0.0,0.0,0.0,0.0
2421,substation_2421.png,0.0,0.0,0.0,0.0,0.0,0.0
2423,substation_2423.png,0.0,0.0,0.0,0.0,0.0,0.0
2418,substation_2418.png,0.0,0.0,0.0,0.0,0.0,0.0
2426,substation_2426.png,2.0,0.0,0.0,0.0,0.0,0.0
2425,substation_2425.png,1.0,0.0,0.0,0.0,0.0,0.0
2424,substation_2424.png,2.0,0.0,0.0,0.0,0.0,0.0
2427,substation_2427.png,0.0,0.0,0.0,2.0,0.0,0.0
2422,substation_2422.png,0.0,0.0,1.0,0.0,1.0,0.0
2428,substation_2428.png,1.0,0.0,0.0,0.0,0.0,0.0
2430,substation_2430.png,0.0,0.0,2.0,0.0,0.0,0.0
2432,substation_2432.png,0.0,0.0,4.0,0.0,1.0,0.0
2431,substation_2431.png,0.0,1.0,0.0,0.0,0.0,0.0
2429,substation_2429.png,0.0,0.0,0.0,0.0,0.0,0.0
2433,substation_2433.png,2.0,0.0,0.0,1.0,0.0,0.0
2435,substation_2435.png,0.0,0.0,2.0,2.0,0.0,0.0
2436,substation_2436.png,0.0,0.0,12.0,0.0,0.0,0.0
2434,substation_2434.png,2.0,0.0,0.0,0.0,0.0,0.0
2438,substation_2438.png,0.0,0.0,4.0,0.0,0.0,0.0
2437,substation_2437.png,0.0,0.0,1.0,0.0,0.0,0.0
2441,substation_2441.png,0.0,0.0,5.0,0.0,0.0,0.0
2442,substation_2442.png,1.0,0.0,0.0,0.0,0.0,0.0
2440,substation_2440.png,0.0,0.0,0.0,2.0,0.0,0.0
2439,substation_2439.png,0.0,0.0,0.0,0.0,0.0,0.0
2443,substation_2443.png,1.0,0.0,0.0,0.0,0.0,0.0
2448,substation_2448.png,1.0,0.0,2.0,0.0,0.0,0.0
2445,substation_2445.png,0.0,0.0,1.0,0.0,0.0,0.0
2444,substation_2444.png,1.0,1.0,0.0,1.0,0.0,0.0
2446,substation_2446.png,1.0,0.0,0.0,0.0,0.0,0.0
2454,substation_2454.png,1.0,0.0,1.0,0.0,0.0,0.0
2447,substation_2447.png,0.0,0.0,0.0,2.0,0.0,0.0
2451,substation_2451.png,1.0,0.0,0.0,0.0,0.0,0.0
2449,substation_2449.png,1.0,0.0,0.0,1.0,0.0,0.0
2452,substation_2452.png,1.0,0.0,0.0,0.0,1.0,0.0
2450,substation_2450.png,0.0,0.0,0.0,0.0,0.0,0.0
2453,substation_2453.png,0.0,0.0,0.0,0.0,1.0,0.0
2455,substation_2455.png,0.0,0.0,0.0,0.0,0.0,0.0
2459,substation_2459.png,4.0,0.0,3.0,0.0,0.0,0.0
2456,substation_2456.png,3.0,0.0,6.0,0.0,0.0,0.0
2457,substation_2457.png,1.0,0.0,0.0,0.0,0.0,0.0
2460,substation_2460.png,0.0,0.0,0.0,0.0,0.0,0.0
2464,substation_2464.png,0.0,0.0,0.0,2.0,0.0,0.0
2462,substation_2462.png,0.0,0.0,0.0,0.0,1.0,0.0
2463,substation_2463.png,0.0,0.0,0.0,0.0,1.0,0.0
2465,substation_2465.png,0.0,0.0,0.0,2.0,0.0,0.0
2467,substation_2467.png,0.0,0.0,2.0,0.0,0.0,0.0
2466,substation_2466.png,1.0,0.0,0.0,1.0,0.0,0.0
2461,substation_2461.png,0.0,0.0,0.0,0.0,0.0,0.0
2468,substation_2468.png,0.0,0.0,0.0,0.0,0.0,0.0
2458,substation_2458.png,0.0,0.0,0.0,0.0,1.0,0.0
2469,substation_2469.png,0.0,0.0,0.0,0.0,0.0,0.0
2470,substation_2470.png,1.0,0.0,0.0,0.0,0.0,0.0
2473,substation_2473.png,0.0,0.0,0.0,0.0,0.0,0.0
2476,substation_2476.png,0.0,0.0,0.0,1.0,0.0,0.0
2472,substation_2472.png,0.0,0.0,0.0,0.0,0.0,0.0
2477,substation_2477.png,0.0,0.0,0.0,0.0,0.0,0.0
2471,substation_2471.png,0.0,0.0,0.0,0.0,0.0,0.0
2475,substation_2475.png,0.0,0.0,0.0,0.0,0.0,0.0
2474,substation_2474.png,0.0,0.0,0.0,0.0,0.0,0.0
2478,substation_2478.png,0.0,0.0,0.0,0.0,0.0,0.0
2481,substation_2481.png,0.0,0.0,1.0,0.0,0.0,0.0
2479,substation_2479.png,0.0,0.0,0.0,1.0,0.0,0.0
2480,substation_2480.png,2.0,0.0,0.0,0.0,0.0,0.0
2482,substation_2482.png,0.0,0.0,0.0,0.0,0.0,0.0
2483,substation_2483.png,1.0,0.0,1.0,0.0,0.0,0.0
2485,substation_2485.png,0.0,0.0,1.0,0.0,0.0,0.0
2488,substation_2488.png,0.0,0.0,0.0,0.0,1.0,0.0
2487,substation_2487.png,1.0,0.0,0.0,0.0,0.0,0.0
2484,substation_2484.png,0.0,0.0,0.0,0.0,1.0,0.0
2490,substation_2490.png,0.0,0.0,0.0,0.0,0.0,0.0
2486,substation_2486.png,0.0,0.0,1.0,0.0,0.0,0.0
2492,substation_2492.png,0.0,0.0,0.0,0.0,0.0,0.0
2489,substation_2489.png,0.0,0.0,0.0,0.0,1.0,0.0
2493,substation_2493.png,0.0,0.0,0.0,0.0,0.0,0.0
2491,substation_2491.png,0.0,0.0,0.0,0.0,0.0,0.0
2498,substation_2498.png,0.0,0.0,0.0,0.0,1.0,0.0
2494,substation_2494.png,2.0,1.0,0.0,5.0,0.0,0.0
2499,substation_2499.png,0.0,0.0,0.0,0.0,0.0,0.0
2497,substation_2497.png,0.0,0.0,0.0,0.0,1.0,0.0
2500,substation_2500.png,0.0,0.0,5.0,0.0,0.0,0.0
2495,substation_2495.png,1.0,0.0,0.0,0.0,0.0,0.0
2503,substation_2503.png,0.0,0.0,1.0,0.0,1.0,0.0
2496,substation_2496.png,1.0,0.0,0.0,0.0,0.0,0.0
2506,substation_2506.png,0.0,0.0,0.0,0.0,0.0,0.0
2501,substation_2501.png,0.0,0.0,0.0,0.0,1.0,0.0
2508,substation_2508.png,2.0,0.0,0.0,0.0,0.0,0.0
2502,substation_2502.png,0.0,0.0,0.0,0.0,0.0,0.0
2507,substation_2507.png,0.0,0.0,0.0,2.0,0.0,0.0
2504,substation_2504.png,0.0,0.0,0.0,0.0,0.0,0.0
2505,substation_2505.png,0.0,0.0,0.0,0.0,0.0,0.0
2510,substation_2510.png,1.0,0.0,0.0,0.0,0.0,0.0
2509,substation_2509.png,4.0,0.0,0.0,2.0,0.0,0.0
2514,substation_2514.png,0.0,0.0,0.0,0.0,0.0,0.0
2517,substation_2517.png,2.0,0.0,0.0,0.0,0.0,0.0
2513,substation_2513.png,0.0,0.0,0.0,0.0,0.0,0.0
2512,substation_2512.png,1.0,0.0,0.0,1.0,0.0,0.0
2518,substation_2518.png,0.0,0.0,2.0,0.0,0.0,0.0
2511,substation_2511.png,0.0,0.0,0.0,0.0,0.0,0.0
2519,substation_2519.png,2.0,0.0,0.0,0.0,0.0,0.0
2515,substation_2515.png,0.0,0.0,0.0,0.0,0.0,0.0
2516,substation_2516.png,0.0,0.0,0.0,0.0,0.0,0.0
2521,substation_2521.png,0.0,0.0,2.0,0.0,0.0,0.0
2520,substation_2520.png,1.0,0.0,0.0,0.0,0.0,0.0
2522,substation_2522.png,0.0,0.0,3.0,0.0,0.0,0.0
2524,substation_2524.png,0.0,0.0,0.0,0.0,0.0,0.0
2528,substation_2528.png,5.0,0.0,5.0,0.0,0.0,0.0
2526,substation_2526.png,0.0,0.0,0.0,0.0,1.0,0.0
2525,substation_2525.png,0.0,0.0,0.0,0.0,0.0,0.0
2523,substation_2523.png,0.0,0.0,0.0,0.0,0.0,0.0
2531,substation_2531.png,3.0,0.0,8.0,0.0,0.0,0.0
2529,substation_2529.png,0.0,0.0,1.0,0.0,0.0,0.0
2527,substation_2527.png,0.0,0.0,1.0,0.0,0.0,0.0
2533,substation_2533.png,4.0,0.0,5.0,0.0,0.0,0.0
2532,substation_2532.png,0.0,2.0,1.0,0.0,0.0,0.0
2530,substation_2530.png,0.0,0.0,8.0,0.0,0.0,0.0
2534,substation_2534.png,4.0,0.0,1.0,2.0,0.0,0.0
2539,substation_2539.png,3.0,1.0,1.0,1.0,0.0,0.0
2535,substation_2535.png,2.0,0.0,0.0,2.0,0.0,0.0
2540,substation_2540.png,1.0,0.0,0.0,0.0,0.0,0.0
2544,substation_2544.png,0.0,0.0,0.0,0.0,0.0,0.0
2537,substation_2537.png,0.0,0.0,0.0,0.0,0.0,0.0
2545,substation_2545.png,2.0,0.0,3.0,1.0,0.0,0.0
2536,substation_2536.png,0.0,1.0,0.0,0.0,0.0,0.0
2543,substation_2543.png,0.0,0.0,0.0,0.0,0.0,0.0
2541,substation_2541.png,3.0,0.0,0.0,0.0,0.0,0.0
2542,substation_2542.png,2.0,0.0,1.0,0.0,0.0,0.0
2538,substation_2538.png,0.0,0.0,0.0,0.0,0.0,0.0
2546,substation_2546.png,1.0,0.0,0.0,0.0,0.0,0.0
2548,substation_2548.png,2.0,0.0,0.0,0.0,0.0,0.0
2551,substation_2551.png,0.0,0.0,0.0,0.0,0.0,0.0
2550,substation_2550.png,1.0,0.0,0.0,0.0,0.0,0.0
2549,substation_2549.png,0.0,0.0,0.0,0.0,0.0,0.0
2552,substation_2552.png,0.0,0.0,1.0,0.0,1.0,0.0
2553,substation_2553.png,0.0,0.0,1.0,0.0,0.0,0.0
2555,substation_2555.png,4.0,0.0,3.0,1.0,0.0,0.0
2547,substation_2547.png,1.0,0.0,0.0,0.0,0.0,0.0
2557,substation_2557.png,0.0,0.0,4.0,0.0,0.0,0.0
2554,substation_2554.png,2.0,0.0,2.0,0.0,1.0,0.0
2560,substation_2560.png,0.0,0.0,0.0,0.0,0.0,0.0
2564,substation_2564.png,0.0,0.0,1.0,0.0,0.0,0.0
2561,substation_2561.png,1.0,0.0,0.0,0.0,0.0,0.0
2559,substation_2559.png,0.0,0.0,0.0,0.0,0.0,0.0
2556,substation_2556.png,2.0,0.0,0.0,0.0,0.0,0.0
2563,substation_2563.png,0.0,0.0,0.0,0.0,0.0,0.0
2558,substation_2558.png,0.0,0.0,0.0,0.0,1.0,0.0
2562,substation_2562.png,0.0,0.0,2.0,0.0,0.0,0.0
2565,substation_2565.png,0.0,0.0,0.0,1.0,0.0,0.0
2567,substation_2567.png,1.0,0.0,0.0,0.0,0.0,0.0
2568,substation_2568.png,0.0,0.0,0.0,0.0,0.0,0.0
2566,substation_2566.png,0.0,0.0,0.0,0.0,0.0,0.0
2571,substation_2571.png,0.0,0.0,0.0,0.0,0.0,0.0
2569,substation_2569.png,1.0,1.0,0.0,0.0,0.0,0.0
2576,substation_2576.png,2.0,0.0,0.0,0.0,0.0,0.0
2573,substation_2573.png,3.0,0.0,5.0,0.0,0.0,0.0
2570,substation_2570.png,0.0,2.0,2.0,0.0,0.0,0.0
2572,substation_2572.png,0.0,1.0,0.0,0.0,0.0,0.0
2578,substation_2578.png,0.0,0.0,0.0,0.0,0.0,0.0
2574,substation_2574.png,0.0,0.0,0.0,0.0,0.0,0.0
2579,substation_2579.png,2.0,0.0,0.0,0.0,0.0,0.0
2575,substation_2575.png,0.0,0.0,0.0,0.0,1.0,0.0
2577,substation_2577.png,0.0,0.0,0.0,1.0,0.0,0.0
2581,substation_2581.png,0.0,0.0,0.0,0.0,0.0,0.0
2580,substation_2580.png,1.0,0.0,0.0,0.0,0.0,0.0
2584,substation_2584.png,1.0,0.0,0.0,0.0,0.0,0.0
2586,substation_2586.png,0.0,0.0,0.0,0.0,0.0,0.0
2583,substation_2583.png,0.0,0.0,0.0,0.0,0.0,0.0
2582,substation_2582.png,7.0,0.0,1.0,0.0,0.0,0.0
2589,substation_2589.png,0.0,0.0,0.0,0.0,0.0,0.0
2585,substation_2585.png,0.0,0.0,0.0,0.0,0.0,0.0
2588,substation_2588.png,0.0,0.0,11.0,1.0,0.0,0.0
2587,substation_2587.png,0.0,0.0,12.0,0.0,0.0,0.0
2592,substation_2592.png,0.0,0.0,0.0,0.0,0.0,0.0
2596,substation_2596.png,2.0,0.0,0.0,0.0,0.0,0.0
2594,substation_2594.png,0.0,0.0,5.0,2.0,0.0,0.0
2591,substation_2591.png,2.0,0.0,3.0,0.0,0.0,0.0
2593,substation_2593.png,0.0,0.0,1.0,0.0,0.0,0.0
2597,substation_2597.png,1.0,0.0,1.0,2.0,0.0,0.0
2595,substation_2595.png,1.0,0.0,1.0,1.0,0.0,0.0
2598,substation_2598.png,1.0,0.0,3.0,0.0,0.0,0.0
2599,substation_2599.png,0.0,0.0,4.0,0.0,0.0,0.0
2590,substation_2590.png,0.0,0.0,0.0,0.0,1.0,0.0
2600,substation_2600.png,2.0,0.0,0.0,0.0,0.0,0.0
2602,substation_2602.png,0.0,0.0,12.0,0.0,0.0,0.0
2601,substation_2601.png,3.0,0.0,0.0,0.0,1.0,0.0
2606,substation_2606.png,0.0,0.0,0.0,0.0,1.0,0.0
2605,substation_2605.png,0.0,0.0,0.0,1.0,1.0,0.0
2603,substation_2603.png,0.0,0.0,0.0,0.0,0.0,0.0
2604,substation_2604.png,0.0,0.0,0.0,0.0,0.0,0.0
2609,substation_2609.png,1.0,0.0,1.0,0.0,0.0,0.0
2607,substation_2607.png,0.0,0.0,11.0,0.0,0.0,0.0
2608,substation_2608.png,0.0,1.0,5.0,0.0,0.0,0.0
2610,substation_2610.png,0.0,0.0,9.0,0.0,0.0,0.0
2611,substation_2611.png,1.0,2.0,4.0,0.0,0.0,0.0
2612,substation_2612.png,1.0,0.0,1.0,0.0,0.0,0.0
2616,substation_2616.png,1.0,0.0,0.0,0.0,0.0,0.0
2613,substation_2613.png,0.0,0.0,0.0,0.0,0.0,0.0
2614,substation_2614.png,0.0,0.0,4.0,0.0,0.0,0.0
2615,substation_2615.png,0.0,0.0,0.0,0.0,0.0,0.0
2618,substation_2618.png,0.0,0.0,0.0,0.0,0.0,0.0
2620,substation_2620.png,1.0,0.0,0.0,0.0,0.0,0.0
2619,substation_2619.png,1.0,0.0,0.0,0.0,0.0,0.0
2621,substation_2621.png,1.0,0.0,0.0,1.0,0.0,0.0
2622,substation_2622.png,3.0,0.0,14.0,0.0,0.0,0.0
2617,substation_2617.png,1.0,0.0,0.0,0.0,0.0,0.0
2627,substation_2627.png,1.0,0.0,0.0,0.0,0.0,0.0
2629,substation_2629.png,1.0,0.0,7.0,0.0,0.0,0.0
2623,substation_2623.png,0.0,0.0,4.0,0.0,0.0,0.0
2625,substation_2625.png,0.0,0.0,0.0,0.0,0.0,0.0
2624,substation_2624.png,0.0,0.0,5.0,0.0,0.0,0.0
2628,substation_2628.png,2.0,0.0,0.0,0.0,0.0,0.0
2626,substation_2626.png,2.0,0.0,0.0,0.0,0.0,0.0
2630,substation_2630.png,1.0,0.0,0.0,0.0,0.0,1.0
2632,substation_2632.png,2.0,0.0,6.0,0.0,0.0,0.0
2631,substation_2631.png,2.0,0.0,3.0,1.0,0.0,0.0
2636,substation_2636.png,0.0,0.0,0.0,0.0,0.0,0.0
2633,substation_2633.png,0.0,0.0,2.0,0.0,0.0,1.0
2639,substation_2639.png,0.0,0.0,7.0,0.0,0.0,0.0
2641,substation_2641.png,2.0,0.0,3.0,0.0,0.0,0.0
2635,substation_2635.png,0.0,0.0,0.0,0.0,0.0,0.0
2642,substation_2642.png,1.0,0.0,0.0,0.0,0.0,0.0
2634,substation_2634.png,0.0,0.0,0.0,0.0,1.0,0.0
2640,substation_2640.png,5.0,0.0,0.0,0.0,0.0,0.0
2638,substation_2638.png,0.0,0.0,0.0,0.0,1.0,0.0
2644,substation_2644.png,0.0,2.0,0.0,0.0,0.0,0.0
2645,substation_2645.png,2.0,0.0,0.0,0.0,0.0,0.0
2643,substation_2643.png,0.0,0.0,0.0,0.0,0.0,0.0
2637,substation_2637.png,0.0,0.0,0.0,0.0,1.0,0.0
2650,substation_2650.png,0.0,0.0,0.0,0.0,0.0,0.0
2647,substation_2647.png,1.0,0.0,0.0,0.0,0.0,0.0
2648,substation_2648.png,0.0,0.0,1.0,0.0,1.0,0.0
2646,substation_2646.png,1.0,0.0,1.0,0.0,0.0,0.0
2649,substation_2649.png,0.0,0.0,0.0,1.0,0.0,0.0
2652,substation_2652.png,0.0,0.0,0.0,1.0,0.0,0.0
2654,substation_2654.png,0.0,0.0,0.0,0.0,0.0,0.0
2657,substation_2657.png,0.0,0.0,1.0,0.0,0.0,0.0
2653,substation_2653.png,0.0,0.0,0.0,0.0,0.0,0.0
2655,substation_2655.png,0.0,0.0,3.0,0.0,0.0,0.0
2656,substation_2656.png,0.0,0.0,4.0,0.0,0.0,0.0
2651,substation_2651.png,1.0,0.0,0.0,0.0,0.0,0.0
2658,substation_2658.png,1.0,3.0,6.0,0.0,0.0,0.0
2660,substation_2660.png,0.0,0.0,0.0,0.0,0.0,0.0
2661,substation_2661.png,1.0,1.0,0.0,5.0,0.0,0.0
2663,substation_2663.png,0.0,0.0,0.0,0.0,0.0,0.0
2668,substation_2668.png,2.0,0.0,0.0,0.0,0.0,0.0
2665,substation_2665.png,4.0,0.0,0.0,0.0,0.0,0.0
2664,substation_2664.png,0.0,0.0,0.0,0.0,0.0,0.0
2662,substation_2662.png,2.0,0.0,4.0,0.0,0.0,0.0
2670,substation_2670.png,1.0,0.0,2.0,0.0,0.0,0.0
2667,substation_2667.png,0.0,0.0,0.0,0.0,0.0,0.0
2659,substation_2659.png,1.0,0.0,0.0,0.0,0.0,0.0
2666,substation_2666.png,0.0,0.0,0.0,0.0,0.0,0.0
2671,substation_2671.png,0.0,0.0,0.0,0.0,0.0,0.0
2675,substation_2675.png,0.0,0.0,0.0,0.0,0.0,0.0
2669,substation_2669.png,0.0,0.0,0.0,1.0,0.0,0.0
2674,substation_2674.png,6.0,0.0,1.0,0.0,0.0,0.0
2673,substation_2673.png,1.0,0.0,0.0,1.0,0.0,0.0
2672,substation_2672.png,2.0,0.0,0.0,0.0,0.0,0.0
2678,substation_2678.png,0.0,0.0,3.0,0.0,0.0,0.0
2676,substation_2676.png,0.0,0.0,5.0,0.0,0.0,0.0
2677,substation_2677.png,0.0,0.0,0.0,0.0,0.0,0.0
2679,substation_2679.png,0.0,0.0,0.0,0.0,0.0,0.0
2683,substation_2683.png,0.0,1.0,0.0,0.0,1.0,0.0
2684,substation_2684.png,1.0,0.0,5.0,0.0,0.0,0.0
2682,substation_2682.png,1.0,0.0,8.0,0.0,0.0,0.0
2680,substation_2680.png,2.0,0.0,0.0,0.0,0.0,0.0
2685,substation_2685.png,0.0,0.0,2.0,0.0,0.0,0.0
2686,substation_2686.png,1.0,0.0,0.0,1.0,0.0,0.0
2681,substation_2681.png,0.0,0.0,1.0,0.0,0.0,0.0
2687,substation_2687.png,0.0,0.0,0.0,2.0,0.0,0.0
2689,substation_2689.png,0.0,0.0,1.0,0.0,1.0,0.0
2690,substation_2690.png,1.0,0.0,0.0,0.0,0.0,0.0
2691,substation_2691.png,3.0,0.0,0.0,0.0,0.0,0.0
2688,substation_2688.png,0.0,0.0,0.0,2.0,0.0,0.0
2692,substation_2692.png,1.0,0.0,0.0,0.0,0.0,0.0
2696,substation_2696.png,0.0,0.0,0.0,0.0,0.0,0.0
2693,substation_2693.png,1.0,0.0,0.0,0.0,1.0,0.0
2695,substation_2695.png,0.0,0.0,7.0,0.0,0.0,0.0
2698,substation_2698.png,0.0,0.0,4.0,3.0,0.0,0.0
2694,substation_2694.png,0.0,1.0,6.0,0.0,0.0,0.0
2697,substation_2697.png,1.0,0.0,0.0,1.0,0.0,0.0
2700,substation_2700.png,1.0,0.0,0.0,1.0,0.0,0.0
2699,substation_2699.png,0.0,0.0,0.0,1.0,0.0,0.0
2702,substation_2702.png,0.0,0.0,0.0,0.0,1.0,0.0
2701,substation_2701.png,0.0,0.0,0.0,1.0,1.0,0.0
2705,substation_2705.png,0.0,0.0,0.0,0.0,1.0,0.0
2706,substation_2706.png,1.0,0.0,6.0,2.0,0.0,0.0
2703,substation_2703.png,0.0,0.0,0.0,0.0,0.0,0.0
2704,substation_2704.png,0.0,0.0,3.0,0.0,1.0,0.0
2707,substation_2707.png,2.0,0.0,3.0,0.0,0.0,0.0
2708,substation_2708.png,0.0,1.0,0.0,0.0,0.0,0.0
2709,substation_2709.png,4.0,0.0,0.0,0.0,0.0,0.0
2713,substation_2713.png,0.0,0.0,1.0,0.0,0.0,0.0
2711,substation_2711.png,5.0,0.0,0.0,0.0,0.0,0.0
2712,substation_2712.png,2.0,0.0,0.0,0.0,0.0,0.0
2716,substation_2716.png,1.0,0.0,0.0,0.0,0.0,0.0
2715,substation_2715.png,0.0,0.0,0.0,0.0,0.0,0.0
2717,substation_2717.png,0.0,0.0,0.0,0.0,0.0,0.0
2710,substation_2710.png,1.0,0.0,0.0,0.0,0.0,0.0
2720,substation_2720.png,0.0,0.0,0.0,1.0,0.0,0.0
2714,substation_2714.png,2.0,0.0,0.0,0.0,0.0,0.0
2721,substation_2721.png,0.0,1.0,0.0,0.0,0.0,0.0
2719,substation_2719.png,0.0,0.0,0.0,0.0,0.0,0.0
2723,substation_2723.png,0.0,4.0,0.0,0.0,0.0,0.0
2718,substation_2718.png,0.0,0.0,0.0,1.0,0.0,0.0
2722,substation_2722.png,1.0,2.0,6.0,0.0,0.0,0.0
2724,substation_2724.png,2.0,2.0,0.0,0.0,0.0,0.0
2728,substation_2728.png,3.0,0.0,0.0,0.0,0.0,0.0
2729,substation_2729.png,0.0,0.0,3.0,0.0,0.0,0.0
2725,substation_2725.png,0.0,0.0,0.0,0.0,1.0,0.0
2732,substation_2732.png,0.0,0.0,0.0,0.0,0.0,0.0
2726,substation_2726.png,0.0,0.0,0.0,0.0,0.0,0.0
2727,substation_2727.png,2.0,0.0,6.0,0.0,0.0,0.0
2730,substation_2730.png,0.0,0.0,0.0,0.0,0.0,0.0
2733,substation_2733.png,1.0,0.0,0.0,0.0,0.0,0.0
2731,substation_2731.png,0.0,0.0,0.0,0.0,0.0,0.0
2741,substation_2741.png,2.0,0.0,3.0,0.0,0.0,0.0
2734,substation_2734.png,1.0,0.0,1.0,0.0,0.0,0.0
2735,substation_2735.png,0.0,0.0,0.0,3.0,0.0,0.0
2736,substation_2736.png,1.0,0.0,0.0,0.0,0.0,0.0
2737,substation_2737.png,4.0,0.0,0.0,0.0,1.0,0.0
2738,substation_2738.png,0.0,0.0,0.0,0.0,1.0,0.0
2740,substation_2740.png,1.0,0.0,0.0,0.0,0.0,0.0
2739,substation_2739.png,1.0,0.0,0.0,0.0,0.0,0.0
2742,substation_2742.png,1.0,0.0,0.0,0.0,0.0,0.0
2744,substation_2744.png,0.0,0.0,0.0,0.0,0.0,0.0
2743,substation_2743.png,2.0,0.0,0.0,0.0,0.0,0.0
2745,substation_2745.png,1.0,0.0,9.0,0.0,0.0,0.0
2748,substation_2748.png,0.0,0.0,5.0,0.0,0.0,0.0
2747,substation_2747.png,0.0,0.0,0.0,0.0,0.0,0.0
2746,substation_2746.png,1.0,0.0,10.0,0.0,0.0,0.0
2751,substation_2751.png,1.0,0.0,0.0,0.0,0.0,0.0
2750,substation_2750.png,0.0,0.0,2.0,0.0,0.0,0.0
2749,substation_2749.png,0.0,0.0,1.0,0.0,0.0,0.0
2753,substation_2753.png,0.0,0.0,0.0,0.0,0.0,0.0
2756,substation_2756.png,0.0,0.0,6.0,0.0,0.0,0.0
2754,substation_2754.png,1.0,0.0,2.0,0.0,0.0,0.0
2755,substation_2755.png,1.0,1.0,0.0,0.0,0.0,0.0
2757,substation_2757.png,1.0,0.0,1.0,0.0,0.0,0.0
2759,substation_2759.png,0.0,0.0,4.0,0.0,0.0,0.0
2758,substation_2758.png,4.0,0.0,4.0,0.0,0.0,0.0
2760,substation_2760.png,0.0,0.0,2.0,0.0,0.0,0.0
2752,substation_2752.png,0.0,0.0,0.0,1.0,0.0,0.0
2763,substation_2763.png,1.0,0.0,6.0,0.0,0.0,0.0
2765,substation_2765.png,5.0,0.0,0.0,0.0,0.0,0.0
2762,substation_2762.png,1.0,0.0,8.0,0.0,0.0,0.0
2764,substation_2764.png,1.0,1.0,2.0,0.0,0.0,0.0
2766,substation_2766.png,3.0,0.0,0.0,0.0,0.0,0.0
2769,substation_2769.png,1.0,0.0,0.0,0.0,0.0,0.0
2761,substation_2761.png,1.0,0.0,0.0,0.0,0.0,0.0
2770,substation_2770.png,0.0,0.0,1.0,0.0,0.0,0.0
2767,substation_2767.png,0.0,0.0,0.0,0.0,0.0,0.0
2768,substation_2768.png,3.0,0.0,0.0,0.0,0.0,0.0
2773,substation_2773.png,0.0,0.0,1.0,0.0,0.0,0.0
2774,substation_2774.png,3.0,0.0,0.0,0.0,0.0,0.0
2772,substation_2772.png,0.0,0.0,0.0,0.0,0.0,0.0
2771,substation_2771.png,0.0,0.0,0.0,0.0,0.0,0.0
2776,substation_2776.png,5.0,0.0,0.0,0.0,0.0,0.0
2775,substation_2775.png,4.0,0.0,0.0,0.0,0.0,0.0
2779,substation_2779.png,3.0,0.0,4.0,0.0,0.0,0.0
2781,substation_2781.png,4.0,0.0,0.0,0.0,0.0,0.0
2777,substation_2777.png,0.0,0.0,0.0,0.0,0.0,0.0
2782,substation_2782.png,0.0,0.0,0.0,0.0,0.0,0.0
2780,substation_2780.png,0.0,1.0,2.0,0.0,0.0,0.0
2778,substation_2778.png,0.0,0.0,6.0,0.0,0.0,0.0
2784,substation_2784.png,0.0,0.0,0.0,0.0,0.0,0.0
2783,substation_2783.png,3.0,0.0,0.0,1.0,0.0,0.0
2788,substation_2788.png,0.0,0.0,0.0,0.0,0.0,0.0
2790,substation_2790.png,0.0,0.0,0.0,0.0,1.0,0.0
2787,substation_2787.png,0.0,0.0,0.0,0.0,0.0,0.0
2785,substation_2785.png,0.0,0.0,0.0,1.0,0.0,0.0
2789,substation_2789.png,1.0,0.0,0.0,0.0,1.0,0.0
2791,substation_2791.png,0.0,0.0,12.0,0.0,0.0,0.0
2793,substation_2793.png,1.0,0.0,0.0,0.0,0.0,0.0
2786,substation_2786.png,0.0,0.0,0.0,1.0,1.0,0.0
2792,substation_2792.png,0.0,0.0,0.0,0.0,0.0,0.0
2794,substation_2794.png,1.0,0.0,0.0,0.0,0.0,0.0
2796,substation_2796.png,0.0,1.0,4.0,0.0,0.0,0.0
2795,substation_2795.png,0.0,0.0,0.0,0.0,0.0,0.0
2804,substation_2804.png,3.0,0.0,1.0,0.0,0.0,0.0
2800,substation_2800.png,0.0,0.0,0.0,0.0,0.0,0.0
2799,substation_2799.png,2.0,0.0,0.0,0.0,0.0,0.0
2798,substation_2798.png,0.0,0.0,0.0,0.0,0.0,0.0
2802,substation_2802.png,1.0,1.0,0.0,0.0,0.0,0.0
2801,substation_2801.png,0.0,0.0,2.0,2.0,0.0,0.0
2807,substation_2807.png,2.0,0.0,0.0,1.0,0.0,0.0
2797,substation_2797.png,0.0,0.0,0.0,0.0,0.0,0.0
2803,substation_2803.png,0.0,0.0,0.0,0.0,0.0,0.0
2806,substation_2806.png,1.0,0.0,0.0,0.0,0.0,0.0
2811,substation_2811.png,2.0,0.0,0.0,3.0,0.0,0.0
2812,substation_2812.png,0.0,0.0,0.0,2.0,0.0,0.0
2805,substation_2805.png,1.0,0.0,2.0,0.0,0.0,0.0
2813,substation_2813.png,1.0,0.0,0.0,1.0,0.0,0.0
2808,substation_2808.png,3.0,1.0,0.0,0.0,0.0,0.0
2814,substation_2814.png,0.0,0.0,0.0,0.0,0.0,0.0
2809,substation_2809.png,3.0,7.0,1.0,0.0,0.0,0.0
2810,substation_2810.png,1.0,0.0,4.0,0.0,0.0,0.0
2815,substation_2815.png,1.0,0.0,0.0,0.0,0.0,0.0
2820,substation_2820.png,1.0,0.0,0.0,0.0,0.0,0.0
2817,substation_2817.png,1.0,0.0,0.0,0.0,0.0,0.0
2819,substation_2819.png,0.0,0.0,0.0,0.0,0.0,0.0
2818,substation_2818.png,1.0,0.0,0.0,0.0,0.0,0.0
2825,substation_2825.png,0.0,0.0,0.0,0.0,1.0,0.0
2816,substation_2816.png,2.0,0.0,0.0,0.0,0.0,0.0
2822,substation_2822.png,0.0,0.0,0.0,0.0,1.0,0.0
2823,substation_2823.png,1.0,0.0,0.0,3.0,0.0,0.0
2821,substation_2821.png,0.0,0.0,0.0,0.0,0.0,0.0
2824,substation_2824.png,2.0,0.0,1.0,0.0,0.0,0.0
2828,substation_2828.png,0.0,0.0,0.0,0.0,0.0,0.0
2829,substation_2829.png,0.0,0.0,0.0,0.0,0.0,0.0
2826,substation_2826.png,0.0,0.0,0.0,0.0,0.0,0.0
2830,substation_2830.png,0.0,0.0,0.0,0.0,1.0,0.0
2831,substation_2831.png,0.0,0.0,0.0,0.0,0.0,0.0
2835,substation_2835.png,0.0,0.0,0.0,0.0,1.0,0.0
2832,substation_2832.png,1.0,0.0,0.0,0.0,0.0,0.0
2839,substation_2839.png,0.0,0.0,0.0,2.0,0.0,0.0
2834,substation_2834.png,0.0,0.0,1.0,1.0,0.0,0.0
2827,substation_2827.png,1.0,1.0,2.0,0.0,0.0,0.0
2838,substation_2838.png,0.0,0.0,11.0,0.0,0.0,0.0
2837,substation_2837.png,4.0,0.0,5.0,0.0,0.0,0.0
2841,substation_2841.png,0.0,0.0,4.0,0.0,0.0,0.0
2848,substation_2848.png,4.0,2.0,1.0,2.0,0.0,0.0
2840,substation_2840.png,1.0,0.0,8.0,0.0,0.0,0.0
2842,substation_2842.png,0.0,0.0,3.0,0.0,0.0,0.0
2846,substation_2846.png,0.0,0.0,0.0,0.0,0.0,0.0
2844,substation_2844.png,1.0,0.0,5.0,0.0,0.0,0.0
2843,substation_2843.png,0.0,0.0,0.0,0.0,0.0,0.0
2845,substation_2845.png,0.0,0.0,8.0,0.0,0.0,0.0
2850,substation_2850.png,1.0,0.0,5.0,0.0,0.0,0.0
2849,substation_2849.png,0.0,0.0,1.0,0.0,0.0,0.0
2847,substation_2847.png,1.0,1.0,0.0,0.0,0.0,0.0
2854,substation_2854.png,2.0,0.0,0.0,0.0,0.0,0.0
2851,substation_2851.png,0.0,0.0,0.0,0.0,1.0,0.0
2853,substation_2853.png,2.0,0.0,0.0,0.0,0.0,0.0
2858,substation_2858.png,0.0,0.0,7.0,0.0,0.0,0.0
2857,substation_2857.png,0.0,0.0,0.0,0.0,0.0,0.0
2852,substation_2852.png,0.0,0.0,0.0,0.0,0.0,0.0
2855,substation_2855.png,1.0,0.0,6.0,0.0,0.0,0.0
2856,substation_2856.png,0.0,0.0,0.0,1.0,0.0,0.0
2861,substation_2861.png,0.0,0.0,0.0,0.0,0.0,0.0
2863,substation_2863.png,2.0,0.0,0.0,0.0,0.0,0.0
2860,substation_2860.png,2.0,0.0,0.0,0.0,1.0,0.0
2862,substation_2862.png,0.0,0.0,11.0,0.0,0.0,0.0
2866,substation_2866.png,1.0,0.0,16.0,0.0,0.0,0.0
2859,substation_2859.png,2.0,0.0,0.0,0.0,0.0,0.0
2865,substation_2865.png,0.0,0.0,13.0,0.0,0.0,0.0
2864,substation_2864.png,0.0,0.0,0.0,0.0,0.0,0.0
2869,substation_2869.png,1.0,0.0,0.0,1.0,0.0,0.0
2870,substation_2870.png,0.0,0.0,0.0,0.0,0.0,0.0
2867,substation_2867.png,0.0,0.0,0.0,1.0,1.0,0.0
2868,substation_2868.png,0.0,0.0,0.0,0.0,1.0,0.0
2874,substation_2874.png,0.0,0.0,0.0,0.0,0.0,0.0
2872,substation_2872.png,0.0,0.0,0.0,0.0,1.0,0.0
2873,substation_2873.png,0.0,0.0,0.0,0.0,2.0,0.0
2871,substation_2871.png,0.0,0.0,0.0,1.0,0.0,0.0
2875,substation_2875.png,0.0,0.0,0.0,0.0,0.0,0.0
2876,substation_2876.png,1.0,0.0,1.0,0.0,0.0,0.0
2877,substation_2877.png,0.0,0.0,0.0,0.0,0.0,0.0
2878,substation_2878.png,0.0,0.0,0.0,2.0,0.0,0.0
2881,substation_2881.png,0.0,0.0,0.0,0.0,0.0,0.0
2879,substation_2879.png,0.0,0.0,0.0,0.0,0.0,0.0
2880,substation_2880.png,2.0,0.0,0.0,0.0,0.0,0.0
2883,substation_2883.png,0.0,0.0,1.0,0.0,0.0,0.0
2882,substation_2882.png,2.0,0.0,0.0,0.0,0.0,0.0
2884,substation_2884.png,0.0,0.0,0.0,0.0,0.0,0.0
2890,substation_2890.png,2.0,0.0,1.0,0.0,0.0,0.0
2888,substation_2888.png,1.0,0.0,0.0,1.0,0.0,0.0
2885,substation_2885.png,0.0,0.0,0.0,2.0,0.0,0.0
2889,substation_2889.png,4.0,0.0,0.0,0.0,0.0,0.0
2886,substation_2886.png,0.0,0.0,0.0,0.0,0.0,0.0
2892,substation_2892.png,0.0,0.0,0.0,0.0,0.0,0.0
2891,substation_2891.png,4.0,0.0,0.0,0.0,0.0,0.0
2887,substation_2887.png,0.0,0.0,0.0,1.0,0.0,0.0
2895,substation_2895.png,3.0,0.0,0.0,0.0,0.0,0.0
2893,substation_2893.png,1.0,0.0,4.0,0.0,0.0,0.0
2896,substation_2896.png,0.0,0.0,0.0,0.0,0.0,0.0
2902,substation_2902.png,0.0,0.0,1.0,0.0,0.0,0.0
2899,substation_2899.png,0.0,0.0,0.0,0.0,0.0,0.0
2897,substation_2897.png,0.0,0.0,0.0,0.0,0.0,0.0
2894,substation_2894.png,3.0,0.0,0.0,0.0,0.0,0.0
2901,substation_2901.png,0.0,0.0,0.0,0.0,1.0,0.0
2898,substation_2898.png,0.0,0.0,0.0,0.0,0.0,0.0
2903,substation_2903.png,2.0,0.0,1.0,0.0,0.0,0.0
2900,substation_2900.png,0.0,0.0,0.0,1.0,0.0,0.0
2905,substation_2905.png,1.0,0.0,0.0,0.0,0.0,0.0
2904,substation_2904.png,1.0,0.0,0.0,0.0,1.0,0.0
2907,substation_2907.png,0.0,0.0,0.0,0.0,1.0,0.0
2906,substation_2906.png,0.0,0.0,0.0,0.0,1.0,0.0
2908,substation_2908.png,0.0,0.0,0.0,0.0,0.0,0.0
2909,substation_2909.png,0.0,0.0,0.0,0.0,0.0,0.0
2913,substation_2913.png,2.0,0.0,1.0,0.0,0.0,0.0
2910,substation_2910.png,0.0,0.0,0.0,0.0,0.0,0.0
2912,substation_2912.png,2.0,0.0,1.0,0.0,0.0,0.0
2911,substation_2911.png,4.0,0.0,0.0,0.0,2.0,0.0
2914,substation_2914.png,0.0,0.0,0.0,0.0,1.0,0.0
2918,substation_2918.png,0.0,0.0,0.0,0.0,0.0,0.0
2916,substation_2916.png,1.0,0.0,1.0,0.0,0.0,0.0
2915,substation_2915.png,1.0,0.0,0.0,0.0,0.0,0.0
2917,substation_2917.png,0.0,0.0,0.0,0.0,0.0,0.0
2920,substation_2920.png,0.0,0.0,0.0,0.0,0.0,0.0
2919,substation_2919.png,0.0,0.0,0.0,0.0,0.0,0.0
2923,substation_2923.png,0.0,0.0,0.0,0.0,0.0,0.0
2925,substation_2925.png,0.0,0.0,0.0,0.0,0.0,0.0
2922,substation_2922.png,1.0,0.0,0.0,3.0,0.0,0.0
2924,substation_2924.png,0.0,0.0,0.0,0.0,0.0,0.0
2931,substation_2931.png,1.0,0.0,1.0,0.0,0.0,0.0
2926,substation_2926.png,4.0,0.0,1.0,1.0,0.0,0.0
2921,substation_2921.png,0.0,0.0,0.0,0.0,0.0,0.0
2927,substation_2927.png,2.0,0.0,0.0,0.0,0.0,0.0
2929,substation_2929.png,2.0,0.0,4.0,0.0,0.0,0.0
2930,substation_2930.png,3.0,0.0,0.0,0.0,0.0,0.0
2932,substation_2932.png,0.0,0.0,5.0,0.0,0.0,0.0
2928,substation_2928.png,1.0,0.0,1.0,0.0,0.0,0.0
2933,substation_2933.png,1.0,0.0,0.0,0.0,0.0,0.0
2938,substation_2938.png,0.0,0.0,4.0,0.0,0.0,0.0
2937,substation_2937.png,3.0,0.0,0.0,0.0,0.0,0.0
2935,substation_2935.png,2.0,0.0,0.0,0.0,1.0,0.0
2934,substation_2934.png,4.0,0.0,0.0,0.0,0.0,0.0
2936,substation_2936.png,3.0,0.0,0.0,0.0,1.0,0.0
2941,substation_2941.png,3.0,0.0,1.0,0.0,0.0,0.0
2942,substation_2942.png,4.0,0.0,0.0,0.0,0.0,0.0
2943,substation_2943.png,2.0,8.0,3.0,0.0,0.0,0.0
2944,substation_2944.png,12.0,0.0,0.0,0.0,0.0,0.0
2940,substation_2940.png,1.0,0.0,0.0,0.0,0.0,0.0
2939,substation_2939.png,1.0,1.0,8.0,0.0,1.0,0.0
2949,substation_2949.png,1.0,0.0,2.0,0.0,0.0,0.0
2945,substation_2945.png,1.0,0.0,2.0,0.0,0.0,0.0
2946,substation_2946.png,5.0,2.0,3.0,0.0,0.0,0.0
2947,substation_2947.png,0.0,0.0,4.0,0.0,0.0,0.0
2948,substation_2948.png,2.0,1.0,0.0,0.0,0.0,0.0
2950,substation_2950.png,0.0,0.0,0.0,0.0,0.0,0.0
2953,substation_2953.png,0.0,0.0,0.0,0.0,0.0,0.0
2951,substation_2951.png,1.0,0.0,0.0,0.0,0.0,0.0
2954,substation_2954.png,0.0,0.0,0.0,0.0,0.0,0.0
2955,substation_2955.png,1.0,0.0,3.0,0.0,0.0,0.0
2952,substation_2952.png,1.0,0.0,2.0,0.0,1.0,0.0
2957,substation_2957.png,0.0,1.0,6.0,0.0,0.0,0.0
2959,substation_2959.png,0.0,1.0,6.0,0.0,0.0,0.0
2960,substation_2960.png,2.0,0.0,0.0,0.0,0.0,0.0
2958,substation_2958.png,3.0,0.0,1.0,0.0,0.0,0.0
2956,substation_2956.png,1.0,0.0,1.0,0.0,0.0,0.0
2961,substation_2961.png,1.0,0.0,4.0,0.0,0.0,0.0
2966,substation_2966.png,2.0,0.0,0.0,1.0,0.0,0.0
2963,substation_2963.png,2.0,0.0,0.0,0.0,0.0,0.0
2964,substation_2964.png,0.0,0.0,1.0,0.0,0.0,0.0
2965,substation_2965.png,0.0,0.0,0.0,1.0,0.0,0.0
2962,substation_2962.png,1.0,1.0,5.0,0.0,0.0,0.0
2967,substation_2967.png,3.0,0.0,0.0,0.0,0.0,0.0
2970,substation_2970.png,2.0,0.0,0.0,0.0,0.0,0.0
2968,substation_2968.png,0.0,0.0,0.0,0.0,0.0,0.0
2972,substation_2972.png,7.0,0.0,1.0,0.0,0.0,0.0
2971,substation_2971.png,1.0,0.0,0.0,0.0,0.0,0.0
2969,substation_2969.png,1.0,0.0,1.0,0.0,1.0,0.0
2976,substation_2976.png,0.0,0.0,0.0,0.0,1.0,0.0
2978,substation_2978.png,1.0,0.0,0.0,0.0,1.0,0.0
2974,substation_2974.png,0.0,0.0,0.0,0.0,0.0,0.0
2975,substation_2975.png,0.0,0.0,0.0,0.0,1.0,0.0
2973,substation_2973.png,0.0,0.0,3.0,0.0,0.0,0.0
2981,substation_2981.png,0.0,0.0,0.0,1.0,0.0,0.0
2980,substation_2980.png,2.0,0.0,0.0,0.0,0.0,0.0
2977,substation_2977.png,2.0,0.0,0.0,0.0,0.0,0.0
2979,substation_2979.png,2.0,0.0,0.0,0.0,0.0,0.0
2982,substation_2982.png,0.0,0.0,0.0,0.0,0.0,0.0
2984,substation_2984.png,0.0,0.0,0.0,1.0,0.0,0.0
2983,substation_2983.png,0.0,0.0,0.0,0.0,0.0,0.0
2987,substation_2987.png,0.0,0.0,0.0,0.0,0.0,0.0
2985,substation_2985.png,0.0,0.0,0.0,2.0,0.0,0.0
2986,substation_2986.png,0.0,0.0,0.0,1.0,0.0,0.0
2989,substation_2989.png,1.0,0.0,7.0,0.0,0.0,0.0
2988,substation_2988.png,3.0,0.0,4.0,0.0,0.0,0.0
2990,substation_2990.png,0.0,0.0,0.0,1.0,0.0,0.0
2991,substation_2991.png,0.0,0.0,6.0,0.0,0.0,0.0
2992,substation_2992.png,0.0,0.0,0.0,0.0,0.0,0.0
2995,substation_2995.png,0.0,0.0,0.0,0.0,0.0,0.0
2993,substation_2993.png,0.0,1.0,0.0,0.0,0.0,0.0
2996,substation_2996.png,2.0,0.0,1.0,0.0,1.0,0.0
2994,substation_2994.png,0.0,0.0,0.0,0.0,0.0,0.0
3000,substation_3000.png,0.0,0.0,0.0,0.0,0.0,0.0
2999,substation_2999.png,0.0,0.0,0.0,0.0,0.0,0.0
2998,substation_2998.png,0.0,0.0,0.0,0.0,1.0,0.0
3002,substation_3002.png,0.0,0.0,1.0,1.0,2.0,0.0
3001,substation_3001.png,0.0,0.0,0.0,0.0,0.0,0.0
3003,substation_3003.png,2.0,1.0,0.0,0.0,0.0,0.0
3007,substation_3007.png,1.0,0.0,0.0,0.0,0.0,0.0
3004,substation_3004.png,0.0,0.0,0.0,0.0,0.0,0.0
3006,substation_3006.png,0.0,0.0,0.0,1.0,0.0,0.0
3009,substation_3009.png,1.0,0.0,2.0,0.0,0.0,0.0
3012,substation_3012.png,2.0,1.0,13.0,0.0,0.0,0.0
3008,substation_3008.png,5.0,0.0,0.0,1.0,0.0,0.0
2997,substation_2997.png,0.0,0.0,3.0,0.0,0.0,0.0
3010,substation_3010.png,0.0,0.0,1.0,0.0,0.0,0.0
3011,substation_3011.png,4.0,0.0,0.0,0.0,0.0,0.0
3014,substation_3014.png,1.0,0.0,0.0,0.0,0.0,0.0
3005,substation_3005.png,0.0,0.0,0.0,0.0,0.0,0.0
3015,substation_3015.png,3.0,0.0,5.0,0.0,0.0,0.0
3013,substation_3013.png,1.0,0.0,0.0,0.0,1.0,0.0
3016,substation_3016.png,2.0,0.0,1.0,0.0,0.0,0.0
3017,substation_3017.png,1.0,0.0,0.0,0.0,0.0,0.0
3018,substation_3018.png,1.0,0.0,0.0,0.0,0.0,0.0
3019,substation_3019.png,3.0,0.0,0.0,0.0,0.0,0.0
3025,substation_3025.png,0.0,0.0,0.0,0.0,1.0,0.0
3021,substation_3021.png,0.0,0.0,0.0,0.0,0.0,0.0
3022,substation_3022.png,0.0,0.0,0.0,0.0,1.0,0.0
3020,substation_3020.png,4.0,0.0,0.0,1.0,0.0,0.0
3026,substation_3026.png,2.0,0.0,1.0,0.0,0.0,0.0
3028,substation_3028.png,0.0,0.0,0.0,1.0,0.0,0.0
3027,substation_3027.png,0.0,0.0,0.0,0.0,1.0,0.0
3031,substation_3031.png,0.0,0.0,1.0,0.0,0.0,0.0
3023,substation_3023.png,0.0,0.0,0.0,0.0,1.0,0.0
3024,substation_3024.png,0.0,0.0,0.0,0.0,0.0,0.0
3029,substation_3029.png,0.0,0.0,0.0,0.0,0.0,0.0
3030,substation_3030.png,0.0,0.0,0.0,0.0,0.0,0.0
3035,substation_3035.png,0.0,0.0,1.0,1.0,0.0,0.0
3032,substation_3032.png,3.0,0.0,0.0,0.0,0.0,0.0
3036,substation_3036.png,0.0,0.0,2.0,0.0,0.0,0.0
3034,substation_3034.png,3.0,0.0,0.0,1.0,0.0,0.0
3038,substation_3038.png,0.0,0.0,0.0,0.0,1.0,0.0
3037,substation_3037.png,0.0,0.0,0.0,0.0,0.0,0.0
3033,substation_3033.png,3.0,0.0,0.0,0.0,0.0,0.0
3040,substation_3040.png,1.0,0.0,0.0,0.0,0.0,0.0
3039,substation_3039.png,1.0,0.0,2.0,2.0,0.0,0.0
3041,substation_3041.png,0.0,2.0,0.0,1.0,0.0,0.0
3043,substation_3043.png,1.0,0.0,0.0,0.0,0.0,0.0
3042,substation_3042.png,6.0,2.0,2.0,0.0,0.0,0.0
3049,substation_3049.png,0.0,0.0,2.0,0.0,0.0,0.0
3044,substation_3044.png,0.0,0.0,0.0,1.0,0.0,0.0
3045,substation_3045.png,0.0,2.0,0.0,1.0,0.0,0.0
3047,substation_3047.png,0.0,0.0,1.0,0.0,0.0,0.0
3046,substation_3046.png,0.0,0.0,5.0,0.0,0.0,0.0
3052,substation_3052.png,1.0,0.0,3.0,0.0,0.0,0.0
3053,substation_3053.png,0.0,0.0,2.0,0.0,0.0,0.0
3050,substation_3050.png,2.0,1.0,1.0,0.0,0.0,0.0
3048,substation_3048.png,1.0,0.0,0.0,0.0,0.0,0.0
3051,substation_3051.png,0.0,0.0,0.0,0.0,0.0,0.0
3054,substation_3054.png,2.0,0.0,0.0,0.0,0.0,0.0
3060,substation_3060.png,0.0,0.0,0.0,0.0,0.0,0.0
3055,substation_3055.png,0.0,0.0,0.0,1.0,0.0,0.0
3064,substation_3064.png,0.0,0.0,0.0,0.0,1.0,0.0
3056,substation_3056.png,1.0,0.0,0.0,0.0,0.0,0.0
3059,substation_3059.png,0.0,0.0,0.0,0.0,0.0,0.0
3057,substation_3057.png,1.0,0.0,0.0,0.0,0.0,0.0
3061,substation_3061.png,0.0,0.0,0.0,0.0,0.0,0.0
3065,substation_3065.png,0.0,0.0,0.0,0.0,1.0,0.0
3058,substation_3058.png,2.0,0.0,0.0,0.0,0.0,0.0
3063,substation_3063.png,0.0,0.0,0.0,0.0,1.0,0.0
3066,substation_3066.png,0.0,0.0,1.0,0.0,0.0,0.0
3067,substation_3067.png,0.0,0.0,2.0,0.0,0.0,0.0
3069,substation_3069.png,0.0,0.0,1.0,0.0,0.0,0.0
3068,substation_3068.png,0.0,0.0,4.0,0.0,0.0,0.0
3070,substation_3070.png,0.0,0.0,0.0,0.0,1.0,0.0
3062,substation_3062.png,0.0,0.0,0.0,0.0,1.0,0.0
3072,substation_3072.png,0.0,0.0,1.0,0.0,1.0,0.0
3074,substation_3074.png,1.0,0.0,0.0,1.0,0.0,0.0
3075,substation_3075.png,0.0,0.0,0.0,0.0,0.0,0.0
3071,substation_3071.png,0.0,0.0,0.0,1.0,0.0,0.0
3076,substation_3076.png,0.0,0.0,0.0,0.0,0.0,0.0
3081,substation_3081.png,0.0,0.0,0.0,0.0,0.0,0.0
3079,substation_3079.png,1.0,1.0,0.0,1.0,0.0,0.0
3077,substation_3077.png,0.0,0.0,0.0,2.0,0.0,0.0
3080,substation_3080.png,2.0,0.0,0.0,0.0,0.0,0.0
3082,substation_3082.png,0.0,0.0,0.0,1.0,0.0,0.0
3073,substation_3073.png,0.0,0.0,0.0,0.0,1.0,0.0
3086,substation_3086.png,1.0,0.0,0.0,0.0,0.0,0.0
3083,substation_3083.png,0.0,0.0,0.0,0.0,0.0,0.0
3085,substation_3085.png,0.0,0.0,0.0,0.0,0.0,0.0
3078,substation_3078.png,0.0,0.0,2.0,0.0,0.0,0.0
3089,substation_3089.png,2.0,0.0,1.0,0.0,0.0,0.0
3087,substation_3087.png,1.0,0.0,0.0,0.0,0.0,0.0
1090,substation_1090.png,0.0,0.0,2.0,0.0,0.0,0.0
1087,substation_1087.png,0.0,0.0,0.0,0.0,0.0,0.0
1088,substation_1088.png,1.0,0.0,0.0,0.0,0.0,0.0
1086,substation_1086.png,0.0,0.0,0.0,0.0,0.0,0.0
1089,substation_1089.png,0.0,0.0,0.0,0.0,0.0,0.0
1091,substation_1091.png,1.0,0.0,2.0,0.0,0.0,0.0
1093,substation_1093.png,0.0,0.0,9.0,0.0,0.0,0.0
1092,substation_1092.png,1.0,0.0,5.0,0.0,0.0,0.0
1094,substation_1094.png,0.0,1.0,0.0,0.0,0.0,0.0
1096,substation_1096.png,0.0,0.0,0.0,0.0,0.0,0.0
1095,substation_1095.png,0.0,0.0,0.0,0.0,0.0,0.0
1100,substation_1100.png,0.0,0.0,0.0,0.0,0.0,0.0
1097,substation_1097.png,0.0,0.0,0.0,0.0,0.0,0.0
1098,substation_1098.png,0.0,0.0,0.0,1.0,0.0,0.0
1102,substation_1102.png,0.0,0.0,2.0,0.0,0.0,0.0
1101,substation_1101.png,0.0,0.0,0.0,0.0,0.0,0.0
1099,substation_1099.png,0.0,0.0,0.0,0.0,0.0,0.0
1103,substation_1103.png,3.0,0.0,0.0,0.0,0.0,0.0
1104,substation_1104.png,3.0,4.0,0.0,0.0,0.0,0.0
1107,substation_1107.png,0.0,0.0,0.0,3.0,0.0,0.0
1106,substation_1106.png,1.0,1.0,5.0,0.0,0.0,0.0
1109,substation_1109.png,2.0,0.0,0.0,0.0,0.0,0.0
1108,substation_1108.png,0.0,0.0,0.0,0.0,1.0,0.0
1105,substation_1105.png,4.0,0.0,3.0,0.0,0.0,0.0
1110,substation_1110.png,0.0,0.0,1.0,0.0,0.0,0.0
1111,substation_1111.png,0.0,1.0,3.0,0.0,0.0,0.0
1113,substation_1113.png,3.0,0.0,7.0,0.0,0.0,0.0
1112,substation_1112.png,0.0,0.0,5.0,0.0,0.0,0.0
1114,substation_1114.png,0.0,0.0,0.0,0.0,0.0,0.0
1117,substation_1117.png,1.0,0.0,0.0,0.0,0.0,0.0
1115,substation_1115.png,0.0,0.0,6.0,0.0,0.0,0.0
1116,substation_1116.png,0.0,0.0,0.0,0.0,0.0,0.0
1118,substation_1118.png,3.0,0.0,0.0,0.0,0.0,0.0
1119,substation_1119.png,0.0,0.0,0.0,0.0,0.0,0.0
1120,substation_1120.png,1.0,0.0,0.0,0.0,0.0,0.0
1121,substation_1121.png,1.0,0.0,8.0,0.0,0.0,0.0
1123,substation_1123.png,1.0,0.0,8.0,0.0,0.0,0.0
1122,substation_1122.png,1.0,0.0,0.0,0.0,0.0,0.0
1124,substation_1124.png,0.0,0.0,1.0,0.0,0.0,0.0
1125,substation_1125.png,0.0,0.0,5.0,0.0,0.0,0.0
1126,substation_1126.png,0.0,0.0,1.0,0.0,0.0,0.0
1129,substation_1129.png,2.0,1.0,0.0,0.0,0.0,0.0
1127,substation_1127.png,0.0,0.0,0.0,0.0,0.0,0.0
1128,substation_1128.png,1.0,0.0,1.0,0.0,0.0,0.0
1132,substation_1132.png,0.0,0.0,0.0,0.0,0.0,0.0
1130,substation_1130.png,1.0,0.0,0.0,0.0,0.0,0.0
1131,substation_1131.png,2.0,1.0,0.0,0.0,0.0,0.0
1133,substation_1133.png,2.0,0.0,0.0,0.0,0.0,0.0
1134,substation_1134.png,1.0,0.0,0.0,1.0,0.0,0.0
1137,substation_1137.png,0.0,0.0,0.0,1.0,0.0,0.0
1136,substation_1136.png,2.0,0.0,0.0,0.0,0.0,0.0
1140,substation_1140.png,1.0,0.0,0.0,0.0,0.0,0.0
1135,substation_1135.png,1.0,0.0,0.0,0.0,0.0,0.0
1138,substation_1138.png,1.0,0.0,0.0,0.0,0.0,0.0
1142,substation_1142.png,1.0,0.0,0.0,0.0,1.0,0.0
1146,substation_1146.png,0.0,0.0,2.0,0.0,0.0,0.0
1139,substation_1139.png,1.0,0.0,0.0,0.0,0.0,0.0
1143,substation_1143.png,3.0,1.0,0.0,0.0,0.0,0.0
1141,substation_1141.png,1.0,0.0,0.0,0.0,0.0,0.0
1144,substation_1144.png,1.0,0.0,0.0,0.0,0.0,0.0
1145,substation_1145.png,2.0,0.0,15.0,0.0,0.0,0.0
1147,substation_1147.png,5.0,0.0,0.0,0.0,0.0,0.0
1148,substation_1148.png,0.0,0.0,0.0,0.0,0.0,0.0
1150,substation_1150.png,0.0,0.0,0.0,0.0,0.0,0.0
1157,substation_1157.png,0.0,0.0,0.0,0.0,0.0,0.0
1152,substation_1152.png,1.0,0.0,0.0,0.0,0.0,0.0
1149,substation_1149.png,0.0,2.0,3.0,0.0,0.0,0.0
1151,substation_1151.png,0.0,0.0,3.0,1.0,0.0,0.0
1153,substation_1153.png,1.0,0.0,0.0,0.0,0.0,0.0
1156,substation_1156.png,0.0,0.0,1.0,0.0,0.0,0.0
1158,substation_1158.png,3.0,3.0,1.0,0.0,0.0,0.0
1154,substation_1154.png,0.0,0.0,0.0,0.0,1.0,0.0
1155,substation_1155.png,0.0,0.0,0.0,0.0,0.0,0.0
1160,substation_1160.png,1.0,0.0,2.0,0.0,0.0,0.0
1159,substation_1159.png,1.0,0.0,0.0,0.0,0.0,0.0
1164,substation_1164.png,2.0,0.0,9.0,0.0,0.0,0.0
1161,substation_1161.png,1.0,0.0,1.0,0.0,0.0,0.0
1165,substation_1165.png,0.0,0.0,0.0,0.0,0.0,0.0
1162,substation_1162.png,0.0,0.0,0.0,0.0,0.0,0.0
1163,substation_1163.png,2.0,0.0,3.0,0.0,0.0,0.0
1166,substation_1166.png,2.0,0.0,0.0,0.0,0.0,0.0
1168,substation_1168.png,0.0,0.0,12.0,0.0,0.0,0.0
1169,substation_1169.png,3.0,0.0,0.0,0.0,0.0,0.0
1167,substation_1167.png,1.0,1.0,2.0,0.0,0.0,0.0
1170,substation_1170.png,2.0,0.0,0.0,0.0,0.0,0.0
1171,substation_1171.png,3.0,0.0,0.0,1.0,0.0,0.0
1172,substation_1172.png,0.0,0.0,0.0,0.0,0.0,0.0
1173,substation_1173.png,1.0,0.0,0.0,0.0,0.0,0.0
1176,substation_1176.png,0.0,0.0,0.0,1.0,0.0,0.0
1178,substation_1178.png,1.0,0.0,7.0,1.0,0.0,0.0
1177,substation_1177.png,3.0,0.0,5.0,0.0,0.0,0.0
1174,substation_1174.png,0.0,0.0,0.0,0.0,0.0,0.0
1175,substation_1175.png,1.0,0.0,0.0,0.0,0.0,0.0
1183,substation_1183.png,1.0,0.0,0.0,0.0,0.0,0.0
1181,substation_1181.png,0.0,0.0,0.0,0.0,0.0,0.0
1179,substation_1179.png,0.0,0.0,1.0,0.0,0.0,0.0
1180,substation_1180.png,0.0,0.0,0.0,0.0,0.0,0.0
1182,substation_1182.png,0.0,0.0,0.0,0.0,0.0,0.0
1184,substation_1184.png,0.0,0.0,0.0,0.0,0.0,0.0
1189,substation_1189.png,0.0,0.0,0.0,0.0,0.0,0.0
1186,substation_1186.png,0.0,0.0,0.0,0.0,0.0,0.0
1185,substation_1185.png,1.0,0.0,0.0,0.0,0.0,0.0
1193,substation_1193.png,0.0,0.0,5.0,0.0,0.0,0.0
1187,substation_1187.png,0.0,0.0,0.0,0.0,0.0,0.0
1192,substation_1192.png,1.0,0.0,2.0,0.0,0.0,0.0
1188,substation_1188.png,1.0,0.0,0.0,0.0,0.0,0.0
1191,substation_1191.png,1.0,0.0,0.0,0.0,0.0,0.0
1190,substation_1190.png,1.0,0.0,0.0,0.0,0.0,0.0
1196,substation_1196.png,2.0,2.0,1.0,0.0,0.0,0.0
1194,substation_1194.png,2.0,0.0,0.0,0.0,0.0,0.0
1195,substation_1195.png,1.0,0.0,0.0,0.0,0.0,0.0
1197,substation_1197.png,0.0,0.0,0.0,1.0,0.0,0.0
1198,substation_1198.png,0.0,0.0,0.0,0.0,0.0,0.0
1199,substation_1199.png,0.0,0.0,26.0,0.0,0.0,0.0
1202,substation_1202.png,1.0,0.0,9.0,0.0,0.0,0.0
1201,substation_1201.png,0.0,0.0,16.0,0.0,0.0,0.0
1203,substation_1203.png,1.0,0.0,4.0,0.0,0.0,0.0
1200,substation_1200.png,2.0,0.0,4.0,0.0,0.0,0.0
1204,substation_1204.png,1.0,0.0,0.0,0.0,0.0,0.0
1206,substation_1206.png,2.0,0.0,3.0,0.0,0.0,0.0
1211,substation_1211.png,3.0,0.0,1.0,0.0,0.0,0.0
1205,substation_1205.png,0.0,0.0,0.0,0.0,0.0,0.0
1207,substation_1207.png,2.0,0.0,2.0,0.0,0.0,0.0
1210,substation_1210.png,9.0,0.0,2.0,0.0,0.0,0.0
1213,substation_1213.png,0.0,0.0,0.0,1.0,0.0,0.0
1209,substation_1209.png,0.0,0.0,0.0,0.0,0.0,0.0
1215,substation_1215.png,0.0,0.0,0.0,0.0,1.0,0.0
1214,substation_1214.png,1.0,1.0,0.0,0.0,0.0,0.0
1208,substation_1208.png,0.0,0.0,0.0,1.0,0.0,0.0
1212,substation_1212.png,0.0,0.0,1.0,0.0,0.0,0.0
1216,substation_1216.png,1.0,0.0,0.0,0.0,0.0,0.0
1218,substation_1218.png,2.0,0.0,0.0,0.0,0.0,0.0
1217,substation_1217.png,1.0,0.0,0.0,0.0,0.0,0.0
1222,substation_1222.png,0.0,0.0,0.0,0.0,1.0,0.0
1219,substation_1219.png,1.0,1.0,0.0,0.0,0.0,0.0
1224,substation_1224.png,1.0,0.0,0.0,0.0,0.0,0.0
1223,substation_1223.png,1.0,0.0,1.0,0.0,0.0,0.0
1220,substation_1220.png,3.0,0.0,0.0,0.0,0.0,0.0
1221,substation_1221.png,0.0,0.0,1.0,0.0,0.0,0.0
1228,substation_1228.png,0.0,0.0,0.0,0.0,0.0,0.0
1226,substation_1226.png,1.0,0.0,0.0,0.0,0.0,0.0
1225,substation_1225.png,4.0,1.0,0.0,1.0,0.0,0.0
1231,substation_1231.png,0.0,0.0,3.0,0.0,0.0,0.0
1227,substation_1227.png,0.0,0.0,0.0,2.0,0.0,0.0
1229,substation_1229.png,1.0,0.0,5.0,0.0,0.0,0.0
1233,substation_1233.png,0.0,0.0,4.0,0.0,0.0,0.0
1236,substation_1236.png,3.0,0.0,2.0,0.0,0.0,0.0
1230,substation_1230.png,0.0,0.0,5.0,0.0,0.0,0.0
1232,substation_1232.png,0.0,0.0,0.0,0.0,1.0,0.0
1237,substation_1237.png,0.0,0.0,1.0,0.0,0.0,0.0
1235,substation_1235.png,0.0,0.0,1.0,0.0,0.0,0.0
1234,substation_1234.png,1.0,0.0,0.0,1.0,0.0,0.0
1238,substation_1238.png,1.0,0.0,3.0,0.0,0.0,0.0
1239,substation_1239.png,1.0,0.0,2.0,0.0,0.0,0.0
1241,substation_1241.png,0.0,0.0,0.0,0.0,0.0,0.0
1240,substation_1240.png,0.0,0.0,3.0,0.0,0.0,0.0
1242,substation_1242.png,0.0,0.0,16.0,0.0,0.0,0.0
1243,substation_1243.png,4.0,0.0,5.0,0.0,0.0,0.0
1245,substation_1245.png,0.0,0.0,0.0,0.0,1.0,0.0
1244,substation_1244.png,1.0,0.0,0.0,0.0,0.0,0.0
1249,substation_1249.png,1.0,0.0,5.0,0.0,0.0,0.0
1251,substation_1251.png,1.0,0.0,0.0,0.0,0.0,0.0
1250,substation_1250.png,1.0,1.0,0.0,0.0,0.0,0.0
1247,substation_1247.png,0.0,1.0,0.0,0.0,0.0,0.0
1248,substation_1248.png,4.0,1.0,0.0,2.0,0.0,0.0
1246,substation_1246.png,0.0,0.0,0.0,0.0,1.0,0.0
1252,substation_1252.png,1.0,0.0,13.0,1.0,0.0,0.0
1255,substation_1255.png,2.0,2.0,5.0,0.0,0.0,0.0
1257,substation_1257.png,1.0,0.0,4.0,0.0,0.0,0.0
1254,substation_1254.png,0.0,0.0,0.0,0.0,0.0,0.0
1253,substation_1253.png,0.0,0.0,6.0,0.0,0.0,0.0
1256,substation_1256.png,0.0,0.0,4.0,0.0,0.0,0.0
1258,substation_1258.png,0.0,1.0,0.0,0.0,0.0,0.0
1260,substation_1260.png,0.0,1.0,0.0,0.0,1.0,0.0
1263,substation_1263.png,1.0,0.0,3.0,0.0,0.0,0.0
1259,substation_1259.png,0.0,0.0,0.0,0.0,1.0,0.0
1262,substation_1262.png,4.0,9.0,0.0,1.0,0.0,0.0
1261,substation_1261.png,1.0,0.0,0.0,0.0,0.0,0.0
1268,substation_1268.png,0.0,0.0,0.0,0.0,0.0,0.0
1265,substation_1265.png,2.0,0.0,0.0,0.0,0.0,0.0
1269,substation_1269.png,0.0,0.0,0.0,0.0,0.0,0.0
1266,substation_1266.png,0.0,0.0,0.0,0.0,0.0,0.0
1267,substation_1267.png,0.0,0.0,1.0,0.0,0.0,0.0
1264,substation_1264.png,0.0,0.0,0.0,0.0,0.0,0.0
1272,substation_1272.png,2.0,0.0,1.0,0.0,0.0,0.0
1273,substation_1273.png,0.0,0.0,0.0,2.0,0.0,0.0
1274,substation_1274.png,0.0,0.0,0.0,0.0,0.0,0.0
1275,substation_1275.png,2.0,0.0,0.0,0.0,0.0,0.0
1270,substation_1270.png,1.0,0.0,4.0,0.0,0.0,0.0
1271,substation_1271.png,0.0,0.0,13.0,0.0,0.0,0.0
1276,substation_1276.png,0.0,0.0,0.0,0.0,0.0,0.0
1279,substation_1279.png,0.0,0.0,4.0,0.0,0.0,0.0
1277,substation_1277.png,1.0,0.0,2.0,0.0,0.0,0.0
1278,substation_1278.png,1.0,0.0,0.0,0.0,0.0,0.0
1284,substation_1284.png,0.0,0.0,0.0,0.0,1.0,0.0
1282,substation_1282.png,2.0,1.0,0.0,2.0,0.0,0.0
1280,substation_1280.png,0.0,0.0,0.0,0.0,0.0,0.0
1285,substation_1285.png,1.0,0.0,0.0,0.0,0.0,0.0
1287,substation_1287.png,0.0,2.0,0.0,0.0,0.0,0.0
1281,substation_1281.png,0.0,0.0,18.0,0.0,0.0,0.0
1283,substation_1283.png,0.0,0.0,1.0,0.0,0.0,0.0
1286,substation_1286.png,0.0,0.0,1.0,0.0,0.0,0.0
1288,substation_1288.png,1.0,0.0,10.0,0.0,0.0,0.0
1292,substation_1292.png,0.0,0.0,0.0,0.0,0.0,0.0
1289,substation_1289.png,2.0,1.0,0.0,1.0,0.0,0.0
1294,substation_1294.png,3.0,0.0,1.0,0.0,0.0,0.0
1290,substation_1290.png,1.0,0.0,3.0,0.0,0.0,0.0
1296,substation_1296.png,0.0,0.0,3.0,0.0,0.0,0.0
1295,substation_1295.png,0.0,1.0,1.0,1.0,0.0,0.0
1293,substation_1293.png,3.0,0.0,4.0,0.0,0.0,0.0
1291,substation_1291.png,0.0,0.0,0.0,0.0,1.0,0.0
1297,substation_1297.png,3.0,1.0,1.0,0.0,0.0,0.0
1298,substation_1298.png,1.0,0.0,0.0,0.0,0.0,0.0
1299,substation_1299.png,0.0,0.0,0.0,0.0,0.0,0.0
1300,substation_1300.png,0.0,0.0,0.0,4.0,0.0,0.0
1304,substation_1304.png,0.0,0.0,0.0,0.0,0.0,0.0
1307,substation_1307.png,1.0,0.0,3.0,0.0,0.0,0.0
1303,substation_1303.png,0.0,0.0,0.0,0.0,1.0,0.0
1308,substation_1308.png,0.0,0.0,0.0,0.0,0.0,0.0
1305,substation_1305.png,0.0,0.0,1.0,0.0,0.0,0.0
1302,substation_1302.png,0.0,0.0,0.0,0.0,0.0,0.0
1301,substation_1301.png,1.0,0.0,0.0,0.0,0.0,0.0
1306,substation_1306.png,0.0,0.0,1.0,0.0,0.0,0.0
1309,substation_1309.png,3.0,0.0,0.0,0.0,0.0,0.0
1310,substation_1310.png,2.0,0.0,1.0,0.0,0.0,0.0
1312,substation_1312.png,0.0,0.0,0.0,0.0,0.0,0.0
1313,substation_1313.png,2.0,0.0,0.0,0.0,1.0,0.0
1311,substation_1311.png,0.0,0.0,0.0,0.0,0.0,0.0
1320,substation_1320.png,0.0,1.0,3.0,0.0,0.0,0.0
1317,substation_1317.png,0.0,0.0,4.0,0.0,0.0,0.0
1319,substation_1319.png,2.0,0.0,2.0,0.0,0.0,0.0
1315,substation_1315.png,5.0,2.0,2.0,0.0,0.0,0.0
1314,substation_1314.png,2.0,0.0,0.0,0.0,0.0,0.0
1321,substation_1321.png,0.0,0.0,0.0,0.0,0.0,0.0
1318,substation_1318.png,0.0,0.0,0.0,0.0,0.0,0.0
1316,substation_1316.png,0.0,0.0,0.0,1.0,1.0,0.0
1323,substation_1323.png,0.0,0.0,0.0,0.0,0.0,0.0
1322,substation_1322.png,5.0,0.0,0.0,0.0,0.0,0.0
1329,substation_1329.png,0.0,0.0,0.0,0.0,0.0,0.0
1324,substation_1324.png,0.0,0.0,0.0,0.0,0.0,0.0
1325,substation_1325.png,0.0,1.0,0.0,1.0,1.0,0.0
1328,substation_1328.png,1.0,0.0,1.0,0.0,0.0,0.0
1331,substation_1331.png,1.0,0.0,0.0,0.0,0.0,0.0
1326,substation_1326.png,0.0,0.0,4.0,0.0,0.0,0.0
1327,substation_1327.png,2.0,1.0,0.0,0.0,0.0,0.0
1330,substation_1330.png,3.0,0.0,0.0,0.0,0.0,0.0
1332,substation_1332.png,0.0,0.0,0.0,0.0,0.0,0.0
1333,substation_1333.png,2.0,0.0,2.0,0.0,1.0,0.0
1335,substation_1335.png,0.0,0.0,0.0,1.0,0.0,0.0
1338,substation_1338.png,0.0,0.0,0.0,0.0,0.0,0.0
1334,substation_1334.png,0.0,0.0,0.0,0.0,0.0,0.0
1337,substation_1337.png,0.0,0.0,0.0,0.0,0.0,0.0
1339,substation_1339.png,0.0,0.0,0.0,0.0,0.0,0.0
1341,substation_1341.png,1.0,0.0,0.0,0.0,0.0,0.0
1336,substation_1336.png,0.0,0.0,0.0,0.0,0.0,0.0
1344,substation_1344.png,0.0,0.0,2.0,0.0,1.0,0.0
1343,substation_1343.png,1.0,0.0,0.0,0.0,0.0,0.0
1340,substation_1340.png,0.0,1.0,0.0,0.0,0.0,0.0
1342,substation_1342.png,2.0,0.0,0.0,0.0,0.0,0.0
1346,substation_1346.png,1.0,0.0,0.0,0.0,0.0,1.0
1345,substation_1345.png,1.0,0.0,0.0,0.0,0.0,0.0
1348,substation_1348.png,0.0,0.0,0.0,0.0,0.0,0.0
1347,substation_1347.png,0.0,0.0,0.0,0.0,0.0,0.0
1349,substation_1349.png,0.0,0.0,4.0,0.0,0.0,0.0
1350,substation_1350.png,0.0,0.0,0.0,0.0,0.0,0.0
1351,substation_1351.png,0.0,0.0,4.0,0.0,0.0,0.0
1354,substation_1354.png,0.0,0.0,0.0,0.0,0.0,0.0
1352,substation_1352.png,0.0,0.0,5.0,0.0,0.0,0.0
1353,substation_1353.png,2.0,0.0,0.0,0.0,0.0,0.0
1355,substation_1355.png,0.0,0.0,5.0,0.0,0.0,0.0
1356,substation_1356.png,0.0,0.0,3.0,1.0,0.0,0.0
1362,substation_1362.png,0.0,0.0,0.0,0.0,0.0,0.0
1359,substation_1359.png,4.0,0.0,0.0,1.0,0.0,0.0
1363,substation_1363.png,2.0,0.0,0.0,0.0,0.0,0.0
1358,substation_1358.png,5.0,0.0,0.0,0.0,0.0,0.0
1357,substation_1357.png,0.0,0.0,1.0,0.0,0.0,0.0
1360,substation_1360.png,1.0,0.0,0.0,0.0,0.0,0.0
1367,substation_1367.png,2.0,0.0,0.0,0.0,0.0,0.0
1361,substation_1361.png,0.0,0.0,0.0,1.0,0.0,0.0
1364,substation_1364.png,0.0,0.0,0.0,0.0,0.0,0.0
1365,substation_1365.png,0.0,0.0,1.0,0.0,0.0,0.0
1368,substation_1368.png,0.0,0.0,2.0,0.0,0.0,0.0
1366,substation_1366.png,1.0,0.0,0.0,0.0,0.0,0.0
1371,substation_1371.png,0.0,1.0,1.0,0.0,0.0,0.0
1370,substation_1370.png,1.0,0.0,1.0,0.0,0.0,0.0
1377,substation_1377.png,0.0,0.0,0.0,0.0,0.0,0.0
1369,substation_1369.png,0.0,0.0,4.0,0.0,0.0,0.0
1374,substation_1374.png,0.0,0.0,1.0,0.0,0.0,0.0
1373,substation_1373.png,0.0,0.0,6.0,0.0,0.0,0.0
1378,substation_1378.png,0.0,0.0,0.0,0.0,0.0,0.0
1372,substation_1372.png,0.0,0.0,0.0,0.0,0.0,0.0
1376,substation_1376.png,0.0,0.0,0.0,0.0,0.0,0.0
1375,substation_1375.png,2.0,0.0,0.0,0.0,0.0,0.0
1380,substation_1380.png,1.0,0.0,0.0,0.0,0.0,0.0
1383,substation_1383.png,0.0,0.0,0.0,0.0,0.0,0.0
1381,substation_1381.png,1.0,0.0,1.0,0.0,0.0,0.0
1387,substation_1387.png,1.0,0.0,0.0,0.0,0.0,0.0
1386,substation_1386.png,1.0,0.0,5.0,0.0,0.0,0.0
1382,substation_1382.png,1.0,0.0,0.0,0.0,0.0,0.0
1384,substation_1384.png,1.0,0.0,0.0,0.0,0.0,0.0
1379,substation_1379.png,0.0,0.0,4.0,0.0,0.0,0.0
1388,substation_1388.png,2.0,0.0,5.0,1.0,0.0,0.0
1385,substation_1385.png,0.0,1.0,0.0,2.0,0.0,0.0
1389,substation_1389.png,1.0,0.0,0.0,2.0,0.0,0.0
1390,substation_1390.png,0.0,0.0,2.0,0.0,1.0,0.0
1392,substation_1392.png,0.0,0.0,0.0,0.0,0.0,0.0
1391,substation_1391.png,0.0,1.0,1.0,2.0,1.0,0.0
1396,substation_1396.png,6.0,0.0,1.0,0.0,0.0,0.0
1395,substation_1395.png,0.0,0.0,0.0,0.0,0.0,0.0
1398,substation_1398.png,2.0,0.0,4.0,0.0,0.0,0.0
1400,substation_1400.png,2.0,0.0,0.0,0.0,0.0,0.0
1394,substation_1394.png,0.0,0.0,0.0,1.0,0.0,0.0
1399,substation_1399.png,5.0,0.0,0.0,0.0,0.0,0.0
1397,substation_1397.png,4.0,0.0,2.0,0.0,0.0,0.0
1393,substation_1393.png,1.0,0.0,0.0,1.0,0.0,0.0
1401,substation_1401.png,1.0,0.0,0.0,0.0,0.0,0.0
1403,substation_1403.png,5.0,0.0,0.0,0.0,0.0,0.0
1402,substation_1402.png,2.0,0.0,0.0,0.0,0.0,0.0
1408,substation_1408.png,0.0,0.0,0.0,0.0,0.0,0.0
1406,substation_1406.png,0.0,0.0,0.0,0.0,0.0,0.0
1404,substation_1404.png,0.0,0.0,0.0,0.0,0.0,0.0
1405,substation_1405.png,0.0,0.0,2.0,0.0,0.0,0.0
1407,substation_1407.png,0.0,0.0,0.0,0.0,0.0,0.0
1411,substation_1411.png,0.0,0.0,0.0,0.0,0.0,0.0
1410,substation_1410.png,3.0,0.0,0.0,0.0,0.0,0.0
1409,substation_1409.png,0.0,0.0,0.0,0.0,0.0,0.0
1412,substation_1412.png,2.0,0.0,4.0,0.0,0.0,0.0
1413,substation_1413.png,3.0,6.0,2.0,0.0,0.0,0.0
1414,substation_1414.png,0.0,0.0,0.0,0.0,1.0,0.0
1416,substation_1416.png,1.0,0.0,1.0,0.0,1.0,0.0
1415,substation_1415.png,1.0,0.0,7.0,1.0,0.0,0.0
1418,substation_1418.png,2.0,0.0,0.0,0.0,0.0,0.0
1417,substation_1417.png,5.0,1.0,5.0,0.0,0.0,0.0
1419,substation_1419.png,0.0,0.0,8.0,0.0,0.0,0.0
1420,substation_1420.png,0.0,0.0,0.0,0.0,0.0,0.0
1423,substation_1423.png,1.0,0.0,0.0,0.0,0.0,0.0
1421,substation_1421.png,0.0,0.0,0.0,0.0,0.0,0.0
1424,substation_1424.png,1.0,0.0,0.0,0.0,0.0,0.0
1427,substation_1427.png,0.0,0.0,0.0,0.0,0.0,0.0
1428,substation_1428.png,1.0,0.0,0.0,0.0,0.0,0.0
1429,substation_1429.png,0.0,0.0,1.0,0.0,0.0,0.0
1426,substation_1426.png,0.0,0.0,0.0,0.0,0.0,0.0
1425,substation_1425.png,1.0,1.0,0.0,4.0,0.0,0.0
1431,substation_1431.png,3.0,0.0,11.0,0.0,0.0,0.0
1430,substation_1430.png,0.0,0.0,7.0,0.0,0.0,0.0
1422,substation_1422.png,0.0,0.0,0.0,1.0,0.0,0.0
1432,substation_1432.png,0.0,0.0,1.0,2.0,0.0,0.0
1434,substation_1434.png,2.0,0.0,3.0,0.0,1.0,0.0
1433,substation_1433.png,1.0,1.0,2.0,0.0,0.0,0.0
1437,substation_1437.png,0.0,0.0,13.0,0.0,0.0,0.0
1438,substation_1438.png,1.0,0.0,1.0,0.0,0.0,0.0
1435,substation_1435.png,1.0,0.0,1.0,0.0,0.0,0.0
1443,substation_1443.png,0.0,2.0,1.0,0.0,0.0,0.0
1444,substation_1444.png,2.0,2.0,1.0,0.0,0.0,0.0
1439,substation_1439.png,0.0,0.0,1.0,0.0,0.0,0.0
1440,substation_1440.png,3.0,0.0,0.0,1.0,0.0,0.0
1441,substation_1441.png,0.0,1.0,0.0,0.0,0.0,0.0
1442,substation_1442.png,2.0,1.0,0.0,0.0,0.0,0.0
1436,substation_1436.png,0.0,1.0,1.0,0.0,0.0,0.0
1445,substation_1445.png,1.0,0.0,0.0,1.0,0.0,0.0
1447,substation_1447.png,0.0,0.0,7.0,0.0,0.0,0.0
1446,substation_1446.png,0.0,0.0,2.0,0.0,0.0,0.0
1448,substation_1448.png,0.0,0.0,8.0,0.0,0.0,0.0
1449,substation_1449.png,0.0,0.0,1.0,3.0,0.0,0.0
1456,substation_1456.png,3.0,0.0,0.0,0.0,0.0,0.0
1450,substation_1450.png,1.0,0.0,0.0,0.0,0.0,0.0
1451,substation_1451.png,0.0,0.0,0.0,0.0,1.0,0.0
1452,substation_1452.png,0.0,0.0,0.0,0.0,0.0,0.0
1454,substation_1454.png,1.0,0.0,0.0,3.0,0.0,0.0
1453,substation_1453.png,4.0,0.0,0.0,0.0,1.0,0.0
1457,substation_1457.png,3.0,1.0,0.0,0.0,0.0,0.0
1455,substation_1455.png,2.0,0.0,0.0,0.0,0.0,0.0
1459,substation_1459.png,0.0,0.0,7.0,0.0,0.0,0.0
1458,substation_1458.png,2.0,0.0,1.0,1.0,0.0,0.0
1460,substation_1460.png,0.0,0.0,2.0,0.0,0.0,0.0
1465,substation_1465.png,0.0,0.0,0.0,0.0,0.0,0.0
1462,substation_1462.png,5.0,0.0,0.0,0.0,0.0,0.0
1464,substation_1464.png,1.0,0.0,0.0,0.0,0.0,0.0
1463,substation_1463.png,0.0,0.0,1.0,0.0,0.0,0.0
1461,substation_1461.png,1.0,0.0,0.0,0.0,0.0,0.0
1466,substation_1466.png,0.0,0.0,0.0,0.0,0.0,0.0
1468,substation_1468.png,1.0,0.0,0.0,0.0,0.0,0.0
1469,substation_1469.png,1.0,0.0,0.0,0.0,0.0,0.0
1467,substation_1467.png,0.0,0.0,0.0,0.0,0.0,0.0
1472,substation_1472.png,2.0,0.0,1.0,0.0,0.0,0.0
1473,substation_1473.png,2.0,0.0,0.0,0.0,0.0,0.0
1475,substation_1475.png,0.0,0.0,0.0,0.0,0.0,0.0
1470,substation_1470.png,0.0,0.0,0.0,2.0,0.0,0.0
1479,substation_1479.png,0.0,0.0,0.0,0.0,1.0,0.0
1471,substation_1471.png,0.0,0.0,0.0,0.0,0.0,0.0
1476,substation_1476.png,3.0,0.0,8.0,1.0,0.0,0.0
1474,substation_1474.png,1.0,0.0,3.0,0.0,0.0,0.0
1477,substation_1477.png,2.0,0.0,4.0,0.0,0.0,0.0
1480,substation_1480.png,1.0,0.0,0.0,0.0,0.0,0.0
1481,substation_1481.png,1.0,0.0,3.0,0.0,0.0,0.0
1478,substation_1478.png,0.0,0.0,0.0,2.0,0.0,0.0
1482,substation_1482.png,0.0,0.0,0.0,0.0,0.0,1.0
1483,substation_1483.png,3.0,0.0,0.0,0.0,0.0,0.0
1484,substation_1484.png,0.0,0.0,0.0,0.0,0.0,0.0
1485,substation_1485.png,0.0,0.0,2.0,0.0,0.0,0.0
1488,substation_1488.png,0.0,0.0,6.0,0.0,0.0,0.0
1486,substation_1486.png,0.0,0.0,4.0,0.0,0.0,0.0
1490,substation_1490.png,0.0,0.0,0.0,0.0,0.0,0.0
1487,substation_1487.png,0.0,0.0,0.0,0.0,0.0,0.0
1492,substation_1492.png,1.0,0.0,1.0,0.0,0.0,0.0
1489,substation_1489.png,1.0,0.0,1.0,0.0,0.0,0.0
1491,substation_1491.png,0.0,0.0,1.0,0.0,0.0,0.0
1498,substation_1498.png,0.0,0.0,0.0,0.0,0.0,0.0
1493,substation_1493.png,0.0,0.0,0.0,1.0,1.0,0.0
1495,substation_1495.png,1.0,0.0,0.0,0.0,0.0,0.0
1494,substation_1494.png,0.0,0.0,0.0,0.0,0.0,0.0
1497,substation_1497.png,0.0,0.0,1.0,0.0,0.0,0.0
1499,substation_1499.png,1.0,0.0,6.0,0.0,0.0,0.0
1496,substation_1496.png,0.0,0.0,0.0,0.0,0.0,0.0
1500,substation_1500.png,0.0,0.0,0.0,0.0,0.0,0.0
1501,substation_1501.png,0.0,0.0,2.0,0.0,0.0,0.0
1503,substation_1503.png,0.0,0.0,17.0,0.0,0.0,0.0
1502,substation_1502.png,1.0,0.0,0.0,0.0,0.0,0.0
1504,substation_1504.png,6.0,0.0,4.0,0.0,0.0,0.0
1507,substation_1507.png,1.0,0.0,0.0,0.0,0.0,0.0
1505,substation_1505.png,0.0,0.0,0.0,0.0,0.0,0.0
1506,substation_1506.png,2.0,1.0,0.0,1.0,0.0,0.0
1509,substation_1509.png,7.0,0.0,0.0,0.0,0.0,0.0
1508,substation_1508.png,4.0,0.0,6.0,0.0,0.0,0.0
1511,substation_1511.png,0.0,0.0,6.0,0.0,0.0,0.0
1510,substation_1510.png,1.0,0.0,0.0,0.0,0.0,0.0
1512,substation_1512.png,2.0,0.0,1.0,0.0,0.0,0.0
1514,substation_1514.png,3.0,0.0,0.0,0.0,1.0,0.0
1515,substation_1515.png,0.0,0.0,0.0,0.0,1.0,0.0
1519,substation_1519.png,7.0,0.0,1.0,0.0,0.0,0.0
1520,substation_1520.png,1.0,5.0,0.0,0.0,0.0,0.0
1516,substation_1516.png,0.0,0.0,0.0,0.0,0.0,0.0
1518,substation_1518.png,1.0,0.0,0.0,0.0,1.0,0.0
1523,substation_1523.png,1.0,0.0,0.0,0.0,0.0,0.0
1517,substation_1517.png,0.0,0.0,0.0,0.0,0.0,0.0
1513,substation_1513.png,0.0,0.0,1.0,0.0,0.0,0.0
1522,substation_1522.png,0.0,0.0,0.0,0.0,0.0,0.0
1524,substation_1524.png,4.0,0.0,5.0,0.0,0.0,0.0
1521,substation_1521.png,1.0,0.0,0.0,0.0,1.0,0.0
1525,substation_1525.png,3.0,0.0,3.0,0.0,0.0,0.0
1529,substation_1529.png,1.0,0.0,7.0,0.0,0.0,0.0
1526,substation_1526.png,0.0,0.0,0.0,0.0,0.0,0.0
1528,substation_1528.png,0.0,0.0,0.0,0.0,0.0,0.0
1530,substation_1530.png,0.0,0.0,0.0,0.0,0.0,0.0
1527,substation_1527.png,0.0,0.0,5.0,0.0,0.0,0.0
1533,substation_1533.png,0.0,0.0,0.0,0.0,0.0,0.0
1532,substation_1532.png,1.0,0.0,0.0,2.0,0.0,0.0
1535,substation_1535.png,1.0,0.0,3.0,0.0,0.0,0.0
1531,substation_1531.png,0.0,0.0,0.0,0.0,0.0,0.0
1536,substation_1536.png,0.0,0.0,0.0,0.0,0.0,0.0
1534,substation_1534.png,0.0,0.0,0.0,0.0,1.0,0.0
1537,substation_1537.png,1.0,0.0,0.0,0.0,0.0,0.0
1539,substation_1539.png,0.0,0.0,0.0,2.0,0.0,0.0
1538,substation_1538.png,1.0,0.0,0.0,0.0,0.0,0.0
1543,substation_1543.png,1.0,0.0,2.0,0.0,0.0,0.0
1545,substation_1545.png,0.0,0.0,0.0,1.0,0.0,0.0
1540,substation_1540.png,2.0,0.0,0.0,0.0,1.0,0.0
1542,substation_1542.png,0.0,0.0,2.0,0.0,0.0,0.0
1550,substation_1550.png,0.0,0.0,0.0,0.0,1.0,0.0
1541,substation_1541.png,1.0,0.0,0.0,0.0,0.0,0.0
1544,substation_1544.png,0.0,0.0,0.0,0.0,0.0,0.0
1549,substation_1549.png,0.0,0.0,0.0,1.0,0.0,0.0
1548,substation_1548.png,2.0,0.0,5.0,0.0,0.0,0.0
1546,substation_1546.png,6.0,0.0,8.0,0.0,0.0,0.0
1547,substation_1547.png,0.0,0.0,4.0,0.0,0.0,0.0
1552,substation_1552.png,0.0,0.0,2.0,0.0,0.0,0.0
1553,substation_1553.png,0.0,0.0,0.0,0.0,0.0,0.0
1554,substation_1554.png,0.0,0.0,0.0,0.0,1.0,0.0
1556,substation_1556.png,0.0,2.0,6.0,0.0,0.0,0.0
1555,substation_1555.png,0.0,0.0,0.0,0.0,1.0,0.0
1558,substation_1558.png,0.0,0.0,0.0,0.0,0.0,0.0
1551,substation_1551.png,0.0,0.0,0.0,0.0,1.0,0.0
1559,substation_1559.png,1.0,0.0,3.0,0.0,0.0,0.0
1561,substation_1561.png,0.0,0.0,3.0,0.0,0.0,0.0
1560,substation_1560.png,6.0,0.0,5.0,0.0,0.0,0.0
1557,substation_1557.png,2.0,2.0,0.0,0.0,0.0,0.0
1563,substation_1563.png,0.0,0.0,4.0,0.0,0.0,0.0
1562,substation_1562.png,0.0,0.0,0.0,0.0,0.0,0.0
1564,substation_1564.png,0.0,1.0,3.0,0.0,0.0,0.0
1570,substation_1570.png,1.0,0.0,0.0,0.0,1.0,0.0
1567,substation_1567.png,0.0,1.0,2.0,0.0,0.0,0.0
1565,substation_1565.png,0.0,0.0,0.0,0.0,0.0,0.0
1569,substation_1569.png,1.0,1.0,9.0,0.0,0.0,0.0
1571,substation_1571.png,0.0,0.0,0.0,0.0,0.0,0.0
1568,substation_1568.png,0.0,0.0,3.0,0.0,1.0,0.0
1566,substation_1566.png,2.0,0.0,0.0,0.0,0.0,0.0
1573,substation_1573.png,0.0,0.0,0.0,0.0,0.0,0.0
1572,substation_1572.png,1.0,0.0,0.0,0.0,0.0,0.0
1575,substation_1575.png,0.0,0.0,0.0,1.0,0.0,0.0
1574,substation_1574.png,0.0,0.0,3.0,1.0,0.0,0.0
1576,substation_1576.png,0.0,0.0,7.0,1.0,0.0,0.0
1581,substation_1581.png,2.0,0.0,0.0,0.0,0.0,0.0
1577,substation_1577.png,0.0,0.0,0.0,0.0,0.0,0.0
1580,substation_1580.png,0.0,0.0,0.0,0.0,0.0,0.0
1583,substation_1583.png,1.0,0.0,2.0,0.0,0.0,0.0
1579,substation_1579.png,0.0,0.0,0.0,0.0,0.0,0.0
1582,substation_1582.png,0.0,1.0,0.0,0.0,0.0,0.0
1578,substation_1578.png,0.0,0.0,0.0,0.0,0.0,0.0
1584,substation_1584.png,0.0,0.0,0.0,1.0,0.0,0.0
1587,substation_1587.png,1.0,0.0,0.0,0.0,0.0,0.0
1589,substation_1589.png,1.0,0.0,0.0,0.0,0.0,0.0
1586,substation_1586.png,4.0,0.0,0.0,0.0,0.0,0.0
1585,substation_1585.png,0.0,0.0,0.0,0.0,0.0,0.0
1590,substation_1590.png,1.0,0.0,0.0,0.0,0.0,0.0
1593,substation_1593.png,0.0,0.0,7.0,0.0,0.0,0.0
1591,substation_1591.png,0.0,2.0,0.0,0.0,0.0,0.0
1594,substation_1594.png,0.0,0.0,0.0,0.0,0.0,0.0
1597,substation_1597.png,1.0,0.0,0.0,0.0,0.0,0.0
1592,substation_1592.png,3.0,0.0,9.0,0.0,1.0,0.0
1596,substation_1596.png,3.0,0.0,0.0,0.0,0.0,0.0
1595,substation_1595.png,0.0,0.0,0.0,1.0,0.0,0.0
1588,substation_1588.png,0.0,1.0,3.0,0.0,0.0,0.0
1598,substation_1598.png,0.0,0.0,0.0,0.0,0.0,0.0
1600,substation_1600.png,3.0,0.0,0.0,2.0,0.0,0.0
1599,substation_1599.png,0.0,0.0,0.0,1.0,2.0,0.0
1605,substation_1605.png,0.0,0.0,1.0,0.0,0.0,0.0
1602,substation_1602.png,0.0,0.0,0.0,0.0,0.0,0.0
1606,substation_1606.png,1.0,1.0,4.0,1.0,0.0,0.0
1603,substation_1603.png,1.0,0.0,6.0,1.0,0.0,0.0
1604,substation_1604.png,0.0,0.0,0.0,3.0,0.0,0.0
1601,substation_1601.png,3.0,0.0,1.0,0.0,0.0,0.0
1608,substation_1608.png,2.0,0.0,3.0,0.0,0.0,0.0
1609,substation_1609.png,0.0,0.0,5.0,0.0,0.0,0.0
1607,substation_1607.png,0.0,0.0,0.0,0.0,0.0,0.0
1612,substation_1612.png,0.0,0.0,0.0,1.0,0.0,0.0
1611,substation_1611.png,0.0,0.0,1.0,0.0,0.0,0.0
1610,substation_1610.png,0.0,0.0,0.0,1.0,0.0,0.0
1613,substation_1613.png,1.0,0.0,1.0,0.0,0.0,0.0
1614,substation_1614.png,0.0,0.0,0.0,0.0,0.0,0.0
1619,substation_1619.png,0.0,0.0,0.0,0.0,0.0,0.0
1615,substation_1615.png,0.0,0.0,0.0,1.0,0.0,0.0
1617,substation_1617.png,0.0,0.0,1.0,0.0,0.0,0.0
1618,substation_1618.png,0.0,0.0,0.0,0.0,0.0,0.0
1620,substation_1620.png,0.0,0.0,0.0,0.0,0.0,0.0
1616,substation_1616.png,2.0,0.0,0.0,0.0,0.0,0.0
1621,substation_1621.png,3.0,1.0,3.0,0.0,0.0,0.0
1623,substation_1623.png,1.0,0.0,0.0,0.0,0.0,0.0
1625,substation_1625.png,0.0,0.0,0.0,1.0,0.0,0.0
1630,substation_1630.png,0.0,0.0,1.0,0.0,0.0,0.0
1627,substation_1627.png,0.0,0.0,0.0,0.0,0.0,0.0
1631,substation_1631.png,0.0,0.0,12.0,0.0,0.0,0.0
1628,substation_1628.png,1.0,0.0,15.0,0.0,0.0,0.0
1629,substation_1629.png,0.0,0.0,0.0,0.0,0.0,0.0
1632,substation_1632.png,0.0,0.0,1.0,0.0,0.0,0.0
1626,substation_1626.png,0.0,0.0,3.0,0.0,0.0,0.0
1633,substation_1633.png,0.0,0.0,6.0,0.0,0.0,0.0
1624,substation_1624.png,1.0,0.0,0.0,0.0,0.0,0.0
1622,substation_1622.png,0.0,0.0,0.0,0.0,0.0,0.0
1634,substation_1634.png,0.0,0.0,4.0,0.0,0.0,0.0
1635,substation_1635.png,0.0,0.0,0.0,0.0,0.0,0.0
1637,substation_1637.png,2.0,0.0,0.0,0.0,0.0,0.0
1641,substation_1641.png,2.0,0.0,2.0,0.0,0.0,0.0
1645,substation_1645.png,0.0,0.0,0.0,0.0,0.0,0.0
1640,substation_1640.png,0.0,0.0,1.0,1.0,0.0,0.0
1643,substation_1643.png,0.0,0.0,0.0,0.0,0.0,0.0
1639,substation_1639.png,0.0,0.0,0.0,0.0,0.0,0.0
1644,substation_1644.png,1.0,0.0,1.0,0.0,0.0,0.0
1642,substation_1642.png,0.0,0.0,0.0,0.0,0.0,0.0
1638,substation_1638.png,1.0,0.0,4.0,0.0,0.0,0.0
1636,substation_1636.png,2.0,0.0,0.0,1.0,0.0,0.0
1646,substation_1646.png,0.0,0.0,0.0,0.0,0.0,0.0
1647,substation_1647.png,1.0,0.0,0.0,0.0,0.0,0.0
1648,substation_1648.png,2.0,0.0,6.0,0.0,0.0,0.0
1649,substation_1649.png,0.0,0.0,0.0,0.0,0.0,0.0
1652,substation_1652.png,1.0,0.0,0.0,0.0,0.0,0.0
1651,substation_1651.png,2.0,1.0,2.0,0.0,0.0,0.0
1654,substation_1654.png,1.0,1.0,2.0,0.0,0.0,0.0
1650,substation_1650.png,1.0,0.0,2.0,0.0,0.0,0.0
1656,substation_1656.png,1.0,0.0,4.0,0.0,0.0,0.0
1657,substation_1657.png,1.0,0.0,1.0,0.0,0.0,0.0
1655,substation_1655.png,1.0,0.0,1.0,1.0,0.0,0.0
1653,substation_1653.png,2.0,0.0,4.0,0.0,0.0,0.0
1658,substation_1658.png,0.0,0.0,0.0,0.0,0.0,0.0
1663,substation_1663.png,1.0,0.0,0.0,0.0,0.0,0.0
1661,substation_1661.png,0.0,0.0,1.0,0.0,0.0,0.0
1659,substation_1659.png,0.0,0.0,0.0,0.0,0.0,0.0
1662,substation_1662.png,0.0,0.0,1.0,0.0,0.0,0.0
1664,substation_1664.png,5.0,0.0,0.0,1.0,0.0,0.0
1660,substation_1660.png,0.0,0.0,0.0,0.0,1.0,0.0
1665,substation_1665.png,1.0,0.0,2.0,0.0,0.0,0.0
1669,substation_1669.png,0.0,0.0,0.0,0.0,0.0,0.0
1666,substation_1666.png,2.0,0.0,0.0,0.0,0.0,0.0
1667,substation_1667.png,3.0,0.0,6.0,0.0,0.0,0.0
1668,substation_1668.png,0.0,0.0,0.0,0.0,0.0,0.0
1670,substation_1670.png,1.0,0.0,1.0,0.0,0.0,0.0
1672,substation_1672.png,0.0,0.0,1.0,0.0,0.0,0.0
1673,substation_1673.png,1.0,0.0,6.0,0.0,0.0,0.0
1676,substation_1676.png,1.0,0.0,0.0,0.0,0.0,0.0
1671,substation_1671.png,0.0,0.0,0.0,0.0,1.0,0.0
1677,substation_1677.png,0.0,0.0,0.0,0.0,0.0,0.0
1681,substation_1681.png,0.0,0.0,0.0,0.0,0.0,0.0
1675,substation_1675.png,1.0,0.0,0.0,0.0,0.0,0.0
1674,substation_1674.png,0.0,0.0,0.0,0.0,0.0,0.0
1678,substation_1678.png,0.0,0.0,0.0,0.0,0.0,0.0
1680,substation_1680.png,1.0,0.0,0.0,0.0,0.0,0.0
1686,substation_1686.png,0.0,0.0,0.0,0.0,0.0,0.0
1682,substation_1682.png,1.0,0.0,0.0,0.0,0.0,0.0
1683,substation_1683.png,0.0,0.0,0.0,0.0,0.0,0.0
1689,substation_1689.png,0.0,0.0,2.0,0.0,0.0,0.0
1684,substation_1684.png,2.0,0.0,3.0,0.0,1.0,0.0
1679,substation_1679.png,1.0,0.0,0.0,0.0,0.0,0.0
1685,substation_1685.png,0.0,0.0,1.0,0.0,0.0,1.0
1688,substation_1688.png,0.0,0.0,0.0,0.0,0.0,0.0
1691,substation_1691.png,1.0,0.0,0.0,0.0,0.0,0.0
1690,substation_1690.png,3.0,0.0,0.0,0.0,0.0,0.0
1694,substation_1694.png,0.0,0.0,0.0,0.0,2.0,0.0
1687,substation_1687.png,0.0,0.0,2.0,0.0,0.0,0.0
1693,substation_1693.png,0.0,0.0,0.0,0.0,1.0,0.0
1700,substation_1700.png,2.0,1.0,0.0,0.0,0.0,0.0
1692,substation_1692.png,0.0,0.0,0.0,0.0,0.0,0.0
1697,substation_1697.png,1.0,0.0,0.0,0.0,0.0,0.0
1699,substation_1699.png,3.0,0.0,0.0,0.0,0.0,0.0
1696,substation_1696.png,0.0,3.0,0.0,1.0,0.0,0.0
1698,substation_1698.png,0.0,0.0,0.0,0.0,0.0,0.0
1695,substation_1695.png,1.0,0.0,0.0,0.0,0.0,0.0
1703,substation_1703.png,1.0,0.0,1.0,1.0,0.0,0.0
1702,substation_1702.png,2.0,0.0,0.0,0.0,0.0,0.0
1705,substation_1705.png,1.0,0.0,0.0,0.0,0.0,0.0
1704,substation_1704.png,1.0,0.0,2.0,0.0,0.0,0.0
1701,substation_1701.png,1.0,0.0,1.0,0.0,0.0,0.0
1708,substation_1708.png,2.0,0.0,0.0,0.0,0.0,0.0
1706,substation_1706.png,3.0,0.0,4.0,0.0,0.0,0.0
1709,substation_1709.png,0.0,0.0,0.0,0.0,1.0,0.0
1707,substation_1707.png,0.0,0.0,0.0,1.0,1.0,0.0
1712,substation_1712.png,0.0,0.0,1.0,0.0,0.0,0.0
1710,substation_1710.png,2.0,0.0,0.0,0.0,0.0,0.0
1717,substation_1717.png,2.0,0.0,0.0,0.0,0.0,0.0
1713,substation_1713.png,0.0,0.0,0.0,0.0,0.0,0.0
1711,substation_1711.png,0.0,0.0,0.0,1.0,0.0,0.0
1716,substation_1716.png,2.0,0.0,0.0,0.0,0.0,0.0
1714,substation_1714.png,0.0,0.0,0.0,0.0,0.0,0.0
1719,substation_1719.png,1.0,0.0,6.0,1.0,1.0,0.0
1718,substation_1718.png,3.0,0.0,0.0,0.0,0.0,0.0
1724,substation_1724.png,4.0,0.0,1.0,0.0,0.0,0.0
1723,substation_1723.png,0.0,0.0,0.0,1.0,0.0,0.0
1720,substation_1720.png,0.0,0.0,0.0,0.0,0.0,0.0
1715,substation_1715.png,2.0,0.0,0.0,0.0,0.0,0.0
1726,substation_1726.png,2.0,0.0,3.0,0.0,0.0,0.0
1722,substation_1722.png,0.0,0.0,0.0,0.0,0.0,0.0
1721,substation_1721.png,0.0,0.0,0.0,0.0,0.0,0.0
1725,substation_1725.png,3.0,0.0,1.0,0.0,0.0,0.0
1729,substation_1729.png,0.0,0.0,1.0,0.0,0.0,0.0
1730,substation_1730.png,5.0,0.0,0.0,0.0,0.0,0.0
1727,substation_1727.png,0.0,0.0,3.0,0.0,1.0,0.0
1733,substation_1733.png,0.0,0.0,0.0,0.0,0.0,0.0
1728,substation_1728.png,7.0,0.0,0.0,0.0,0.0,0.0
1734,substation_1734.png,0.0,0.0,0.0,0.0,0.0,0.0
1735,substation_1735.png,0.0,0.0,0.0,0.0,0.0,0.0
1736,substation_1736.png,0.0,0.0,0.0,0.0,0.0,0.0
1732,substation_1732.png,0.0,0.0,3.0,0.0,0.0,0.0
1737,substation_1737.png,1.0,0.0,0.0,0.0,0.0,0.0
1738,substation_1738.png,2.0,0.0,0.0,0.0,0.0,0.0
1731,substation_1731.png,1.0,0.0,0.0,1.0,0.0,0.0
1740,substation_1740.png,0.0,0.0,1.0,0.0,0.0,0.0
1739,substation_1739.png,1.0,0.0,0.0,0.0,0.0,0.0
1741,substation_1741.png,1.0,0.0,1.0,0.0,0.0,0.0
1747,substation_1747.png,1.0,0.0,3.0,0.0,0.0,0.0
1743,substation_1743.png,0.0,0.0,1.0,0.0,0.0,0.0
1744,substation_1744.png,0.0,0.0,4.0,0.0,0.0,0.0
1742,substation_1742.png,0.0,0.0,0.0,0.0,0.0,0.0
1746,substation_1746.png,0.0,0.0,0.0,0.0,1.0,0.0
1748,substation_1748.png,3.0,0.0,5.0,0.0,0.0,0.0
1745,substation_1745.png,0.0,0.0,0.0,0.0,0.0,0.0
1749,substation_1749.png,4.0,0.0,0.0,0.0,0.0,0.0
1753,substation_1753.png,0.0,0.0,0.0,0.0,1.0,0.0
1750,substation_1750.png,0.0,0.0,0.0,0.0,0.0,0.0
1751,substation_1751.png,1.0,2.0,1.0,0.0,0.0,0.0
1755,substation_1755.png,0.0,0.0,5.0,0.0,0.0,0.0
1752,substation_1752.png,0.0,0.0,0.0,0.0,1.0,0.0
1758,substation_1758.png,1.0,0.0,0.0,0.0,0.0,0.0
1757,substation_1757.png,0.0,0.0,0.0,0.0,1.0,0.0
1759,substation_1759.png,0.0,0.0,0.0,0.0,2.0,0.0
1754,substation_1754.png,1.0,0.0,0.0,0.0,0.0,0.0
1763,substation_1763.png,3.0,0.0,1.0,0.0,0.0,0.0
1761,substation_1761.png,1.0,1.0,0.0,0.0,0.0,0.0
1756,substation_1756.png,0.0,0.0,0.0,0.0,0.0,0.0
1762,substation_1762.png,3.0,0.0,1.0,0.0,0.0,0.0
1765,substation_1765.png,2.0,4.0,1.0,0.0,0.0,0.0
1769,substation_1769.png,1.0,6.0,0.0,0.0,0.0,0.0
1760,substation_1760.png,0.0,0.0,0.0,0.0,0.0,0.0
1764,substation_1764.png,1.0,0.0,0.0,0.0,0.0,0.0
1766,substation_1766.png,1.0,0.0,0.0,0.0,0.0,0.0
1770,substation_1770.png,2.0,0.0,5.0,0.0,0.0,0.0
1767,substation_1767.png,1.0,0.0,0.0,0.0,0.0,0.0
1774,substation_1774.png,8.0,0.0,0.0,0.0,0.0,0.0
1768,substation_1768.png,0.0,0.0,0.0,0.0,0.0,0.0
1773,substation_1773.png,1.0,0.0,0.0,0.0,0.0,0.0
1772,substation_1772.png,2.0,1.0,0.0,0.0,0.0,0.0
1771,substation_1771.png,2.0,0.0,0.0,0.0,0.0,0.0
1775,substation_1775.png,0.0,0.0,0.0,0.0,0.0,0.0
1779,substation_1779.png,0.0,0.0,0.0,0.0,0.0,0.0
1777,substation_1777.png,1.0,0.0,0.0,0.0,1.0,0.0
1780,substation_1780.png,0.0,0.0,0.0,0.0,0.0,0.0
1776,substation_1776.png,1.0,0.0,0.0,0.0,0.0,0.0
1778,substation_1778.png,1.0,0.0,0.0,0.0,0.0,0.0
1781,substation_1781.png,3.0,0.0,1.0,0.0,0.0,0.0
1784,substation_1784.png,1.0,0.0,0.0,0.0,0.0,0.0
1782,substation_1782.png,3.0,0.0,0.0,0.0,0.0,0.0
1783,substation_1783.png,0.0,0.0,0.0,0.0,1.0,0.0
1785,substation_1785.png,1.0,0.0,0.0,0.0,0.0,0.0
1786,substation_1786.png,0.0,0.0,0.0,0.0,0.0,0.0
1791,substation_1791.png,1.0,0.0,0.0,1.0,0.0,0.0
1787,substation_1787.png,3.0,1.0,0.0,0.0,0.0,0.0
1788,substation_1788.png,2.0,0.0,0.0,0.0,0.0,0.0
1792,substation_1792.png,2.0,0.0,4.0,0.0,0.0,0.0
1789,substation_1789.png,0.0,0.0,1.0,2.0,1.0,0.0
1790,substation_1790.png,0.0,0.0,0.0,0.0,0.0,0.0
1796,substation_1796.png,1.0,0.0,0.0,1.0,0.0,0.0
1794,substation_1794.png,0.0,0.0,0.0,0.0,0.0,0.0
1795,substation_1795.png,2.0,0.0,1.0,0.0,0.0,0.0
1793,substation_1793.png,0.0,5.0,0.0,0.0,0.0,0.0
1797,substation_1797.png,1.0,0.0,1.0,1.0,0.0,0.0
1798,substation_1798.png,1.0,0.0,0.0,3.0,0.0,0.0
1799,substation_1799.png,0.0,2.0,0.0,0.0,0.0,0.0
1807,substation_1807.png,0.0,0.0,3.0,1.0,0.0,0.0
1808,substation_1808.png,0.0,0.0,1.0,0.0,0.0,0.0
1802,substation_1802.png,0.0,0.0,0.0,0.0,0.0,0.0
1800,substation_1800.png,0.0,0.0,0.0,0.0,0.0,0.0
1805,substation_1805.png,0.0,0.0,0.0,0.0,0.0,0.0
1803,substation_1803.png,1.0,0.0,0.0,0.0,1.0,0.0
1801,substation_1801.png,0.0,0.0,0.0,0.0,0.0,1.0
1804,substation_1804.png,0.0,0.0,0.0,0.0,1.0,0.0
1806,substation_1806.png,2.0,1.0,0.0,0.0,0.0,0.0
1810,substation_1810.png,0.0,0.0,0.0,0.0,0.0,0.0
1809,substation_1809.png,0.0,0.0,2.0,0.0,0.0,0.0
1818,substation_1818.png,2.0,0.0,0.0,0.0,0.0,0.0
1811,substation_1811.png,0.0,2.0,1.0,3.0,0.0,0.0
1819,substation_1819.png,0.0,0.0,0.0,0.0,0.0,0.0
1813,substation_1813.png,1.0,0.0,0.0,2.0,0.0,0.0
1812,substation_1812.png,3.0,1.0,0.0,0.0,0.0,0.0
1814,substation_1814.png,0.0,0.0,0.0,1.0,0.0,0.0
1815,substation_1815.png,3.0,0.0,0.0,0.0,0.0,0.0
1820,substation_1820.png,3.0,0.0,6.0,0.0,0.0,0.0
1816,substation_1816.png,0.0,0.0,0.0,0.0,0.0,0.0
1817,substation_1817.png,0.0,0.0,0.0,0.0,0.0,0.0
1824,substation_1824.png,0.0,0.0,0.0,0.0,0.0,0.0
1821,substation_1821.png,1.0,0.0,3.0,0.0,0.0,0.0
1825,substation_1825.png,1.0,0.0,0.0,0.0,0.0,0.0
1823,substation_1823.png,5.0,0.0,0.0,1.0,0.0,0.0
1822,substation_1822.png,1.0,1.0,0.0,0.0,0.0,0.0
1826,substation_1826.png,0.0,0.0,0.0,2.0,0.0,0.0
1827,substation_1827.png,0.0,0.0,0.0,1.0,0.0,0.0
1828,substation_1828.png,1.0,0.0,5.0,1.0,0.0,0.0
1830,substation_1830.png,0.0,0.0,1.0,0.0,0.0,0.0
1829,substation_1829.png,0.0,0.0,2.0,0.0,0.0,0.0
1831,substation_1831.png,2.0,0.0,2.0,0.0,0.0,0.0
1832,substation_1832.png,1.0,1.0,1.0,0.0,0.0,0.0
1835,substation_1835.png,2.0,0.0,0.0,0.0,0.0,0.0
1833,substation_1833.png,1.0,0.0,0.0,0.0,0.0,0.0
1834,substation_1834.png,0.0,0.0,0.0,0.0,0.0,0.0
1837,substation_1837.png,0.0,0.0,8.0,3.0,0.0,0.0
1841,substation_1841.png,0.0,0.0,0.0,0.0,1.0,0.0
1836,substation_1836.png,0.0,0.0,0.0,0.0,0.0,0.0
1838,substation_1838.png,0.0,0.0,0.0,0.0,0.0,0.0
1840,substation_1840.png,0.0,0.0,0.0,1.0,0.0,0.0
1839,substation_1839.png,0.0,0.0,0.0,0.0,0.0,0.0
1846,substation_1846.png,3.0,0.0,0.0,0.0,0.0,0.0
1842,substation_1842.png,0.0,0.0,0.0,0.0,0.0,0.0
1844,substation_1844.png,2.0,0.0,8.0,0.0,0.0,0.0
1843,substation_1843.png,0.0,0.0,1.0,0.0,0.0,0.0
1847,substation_1847.png,2.0,0.0,0.0,0.0,0.0,0.0
1851,substation_1851.png,0.0,0.0,2.0,0.0,0.0,0.0
1852,substation_1852.png,0.0,0.0,0.0,0.0,0.0,0.0
1848,substation_1848.png,3.0,0.0,1.0,0.0,0.0,0.0
1845,substation_1845.png,0.0,0.0,0.0,0.0,0.0,0.0
1849,substation_1849.png,2.0,0.0,0.0,0.0,0.0,0.0
1855,substation_1855.png,1.0,0.0,0.0,0.0,0.0,0.0
1850,substation_1850.png,1.0,0.0,2.0,0.0,0.0,0.0
1853,substation_1853.png,0.0,0.0,4.0,0.0,0.0,0.0
1854,substation_1854.png,0.0,0.0,8.0,1.0,0.0,0.0
1857,substation_1857.png,0.0,0.0,3.0,0.0,0.0,0.0
1858,substation_1858.png,2.0,0.0,4.0,1.0,0.0,0.0
1856,substation_1856.png,0.0,0.0,0.0,0.0,1.0,0.0
1859,substation_1859.png,1.0,0.0,1.0,0.0,0.0,0.0
1866,substation_1866.png,1.0,0.0,0.0,0.0,0.0,0.0
1860,substation_1860.png,0.0,0.0,0.0,0.0,0.0,0.0
1864,substation_1864.png,0.0,0.0,0.0,0.0,0.0,0.0
1865,substation_1865.png,0.0,0.0,0.0,0.0,0.0,0.0
1861,substation_1861.png,2.0,0.0,0.0,0.0,1.0,0.0
1863,substation_1863.png,2.0,0.0,2.0,0.0,0.0,0.0
1862,substation_1862.png,0.0,0.0,0.0,0.0,0.0,0.0
1869,substation_1869.png,0.0,0.0,2.0,0.0,0.0,0.0
1870,substation_1870.png,0.0,0.0,3.0,0.0,0.0,0.0
1871,substation_1871.png,0.0,0.0,0.0,0.0,0.0,0.0
1868,substation_1868.png,0.0,0.0,4.0,0.0,0.0,0.0
1867,substation_1867.png,0.0,0.0,0.0,0.0,0.0,0.0
1874,substation_1874.png,0.0,0.0,0.0,0.0,1.0,0.0
1872,substation_1872.png,0.0,0.0,0.0,0.0,0.0,0.0
1878,substation_1878.png,0.0,0.0,0.0,0.0,0.0,0.0
1876,substation_1876.png,0.0,0.0,0.0,0.0,1.0,0.0
1877,substation_1877.png,0.0,0.0,0.0,0.0,0.0,0.0
1873,substation_1873.png,2.0,0.0,0.0,0.0,0.0,0.0
1879,substation_1879.png,1.0,0.0,6.0,0.0,0.0,0.0
1881,substation_1881.png,1.0,0.0,4.0,0.0,0.0,0.0
1875,substation_1875.png,0.0,0.0,0.0,0.0,0.0,0.0
1880,substation_1880.png,0.0,0.0,0.0,0.0,0.0,0.0
1883,substation_1883.png,0.0,0.0,7.0,1.0,0.0,0.0
1882,substation_1882.png,2.0,0.0,3.0,0.0,0.0,0.0
1888,substation_1888.png,0.0,0.0,7.0,0.0,0.0,0.0
1884,substation_1884.png,2.0,2.0,1.0,1.0,0.0,0.0
1892,substation_1892.png,0.0,0.0,2.0,0.0,0.0,0.0
1890,substation_1890.png,0.0,1.0,0.0,1.0,0.0,0.0
1886,substation_1886.png,2.0,0.0,2.0,0.0,0.0,0.0
1889,substation_1889.png,3.0,0.0,2.0,0.0,0.0,0.0
1887,substation_1887.png,1.0,0.0,2.0,0.0,0.0,0.0
1891,substation_1891.png,0.0,0.0,0.0,0.0,0.0,0.0
1885,substation_1885.png,3.0,0.0,5.0,1.0,0.0,0.0
1895,substation_1895.png,0.0,0.0,0.0,0.0,1.0,0.0
1893,substation_1893.png,1.0,0.0,0.0,0.0,0.0,0.0
1894,substation_1894.png,0.0,0.0,1.0,0.0,0.0,0.0
1897,substation_1897.png,1.0,0.0,1.0,1.0,0.0,0.0
1896,substation_1896.png,1.0,0.0,0.0,0.0,0.0,0.0
1899,substation_1899.png,1.0,0.0,1.0,1.0,0.0,0.0
1898,substation_1898.png,0.0,0.0,2.0,0.0,0.0,0.0
1902,substation_1902.png,0.0,0.0,0.0,0.0,0.0,0.0
1900,substation_1900.png,0.0,0.0,4.0,0.0,0.0,0.0
1904,substation_1904.png,0.0,1.0,0.0,0.0,0.0,0.0
1901,substation_1901.png,0.0,0.0,0.0,0.0,0.0,0.0
1903,substation_1903.png,4.0,0.0,0.0,0.0,0.0,0.0
1906,substation_1906.png,4.0,1.0,6.0,0.0,0.0,0.0
1905,substation_1905.png,0.0,0.0,0.0,0.0,0.0,0.0
1907,substation_1907.png,0.0,0.0,0.0,0.0,0.0,0.0
1911,substation_1911.png,0.0,0.0,0.0,0.0,0.0,0.0
1909,substation_1909.png,0.0,0.0,0.0,0.0,1.0,0.0
1912,substation_1912.png,0.0,2.0,10.0,0.0,0.0,0.0
1908,substation_1908.png,2.0,0.0,2.0,0.0,0.0,0.0
1910,substation_1910.png,0.0,0.0,0.0,0.0,0.0,0.0
1915,substation_1915.png,0.0,0.0,0.0,0.0,0.0,0.0
1914,substation_1914.png,1.0,0.0,0.0,1.0,0.0,0.0
1913,substation_1913.png,2.0,0.0,14.0,0.0,0.0,0.0
1916,substation_1916.png,0.0,0.0,0.0,0.0,0.0,0.0
1917,substation_1917.png,0.0,0.0,1.0,0.0,0.0,0.0
1925,substation_1925.png,1.0,0.0,0.0,0.0,0.0,0.0
1918,substation_1918.png,0.0,0.0,0.0,0.0,0.0,0.0
1919,substation_1919.png,0.0,0.0,1.0,3.0,0.0,0.0
1922,substation_1922.png,1.0,0.0,0.0,1.0,0.0,0.0
1920,substation_1920.png,0.0,0.0,16.0,0.0,0.0,0.0
1924,substation_1924.png,0.0,1.0,0.0,2.0,0.0,0.0
1921,substation_1921.png,0.0,0.0,0.0,0.0,0.0,0.0
1928,substation_1928.png,1.0,0.0,1.0,0.0,0.0,0.0
1926,substation_1926.png,0.0,0.0,0.0,0.0,0.0,0.0
1930,substation_1930.png,0.0,1.0,0.0,0.0,0.0,0.0
1923,substation_1923.png,1.0,0.0,0.0,0.0,1.0,0.0
1929,substation_1929.png,0.0,0.0,0.0,0.0,2.0,0.0
1927,substation_1927.png,2.0,0.0,0.0,0.0,0.0,0.0
1933,substation_1933.png,1.0,0.0,3.0,0.0,0.0,0.0
1932,substation_1932.png,0.0,0.0,0.0,0.0,0.0,0.0
1935,substation_1935.png,0.0,0.0,3.0,0.0,0.0,0.0
1934,substation_1934.png,0.0,0.0,0.0,1.0,0.0,0.0
1936,substation_1936.png,0.0,1.0,1.0,0.0,0.0,0.0
1931,substation_1931.png,0.0,0.0,2.0,0.0,0.0,0.0
1939,substation_1939.png,1.0,0.0,3.0,0.0,0.0,0.0
1942,substation_1942.png,1.0,0.0,0.0,0.0,0.0,0.0
1938,substation_1938.png,0.0,0.0,2.0,4.0,0.0,0.0
1937,substation_1937.png,0.0,2.0,4.0,1.0,0.0,0.0
1940,substation_1940.png,6.0,0.0,0.0,0.0,0.0,0.0
1941,substation_1941.png,3.0,0.0,1.0,0.0,0.0,0.0
1946,substation_1946.png,0.0,0.0,0.0,0.0,0.0,0.0
1945,substation_1945.png,4.0,0.0,7.0,0.0,0.0,0.0
1944,substation_1944.png,0.0,0.0,0.0,0.0,0.0,0.0
1943,substation_1943.png,0.0,0.0,0.0,1.0,0.0,0.0
1950,substation_1950.png,0.0,0.0,3.0,0.0,0.0,0.0
1948,substation_1948.png,0.0,0.0,0.0,0.0,0.0,0.0
1947,substation_1947.png,1.0,0.0,0.0,0.0,0.0,0.0
1949,substation_1949.png,1.0,0.0,0.0,1.0,0.0,0.0
1955,substation_1955.png,0.0,0.0,0.0,0.0,0.0,0.0
1952,substation_1952.png,0.0,0.0,3.0,0.0,0.0,0.0
1953,substation_1953.png,0.0,0.0,0.0,0.0,0.0,0.0
1958,substation_1958.png,1.0,0.0,0.0,0.0,0.0,0.0
1954,substation_1954.png,1.0,0.0,0.0,0.0,0.0,0.0
1957,substation_1957.png,0.0,0.0,0.0,0.0,0.0,0.0
1951,substation_1951.png,0.0,0.0,0.0,0.0,1.0,0.0
1956,substation_1956.png,0.0,1.0,0.0,0.0,0.0,0.0
1960,substation_1960.png,0.0,0.0,0.0,0.0,0.0,0.0
1959,substation_1959.png,0.0,0.0,2.0,0.0,0.0,0.0
1963,substation_1963.png,0.0,0.0,2.0,0.0,1.0,0.0
1962,substation_1962.png,1.0,0.0,1.0,1.0,0.0,0.0
1961,substation_1961.png,0.0,0.0,0.0,0.0,0.0,0.0
1964,substation_1964.png,0.0,0.0,1.0,0.0,0.0,0.0
1965,substation_1965.png,1.0,0.0,1.0,0.0,0.0,0.0
1966,substation_1966.png,2.0,0.0,1.0,0.0,0.0,0.0
1970,substation_1970.png,1.0,0.0,1.0,1.0,0.0,0.0
1969,substation_1969.png,0.0,0.0,4.0,0.0,0.0,0.0
1968,substation_1968.png,3.0,0.0,4.0,0.0,0.0,0.0
1967,substation_1967.png,0.0,0.0,0.0,0.0,1.0,0.0
1971,substation_1971.png,3.0,0.0,0.0,0.0,0.0,0.0
1972,substation_1972.png,0.0,0.0,0.0,0.0,0.0,0.0
1973,substation_1973.png,0.0,0.0,0.0,0.0,0.0,0.0
1976,substation_1976.png,1.0,0.0,0.0,0.0,1.0,0.0
1975,substation_1975.png,0.0,0.0,0.0,0.0,0.0,0.0
1974,substation_1974.png,3.0,0.0,0.0,0.0,0.0,0.0
1977,substation_1977.png,0.0,1.0,1.0,0.0,0.0,0.0
1980,substation_1980.png,0.0,0.0,3.0,0.0,0.0,1.0
1981,substation_1981.png,0.0,0.0,0.0,0.0,1.0,0.0
1979,substation_1979.png,0.0,0.0,3.0,0.0,0.0,0.0
1978,substation_1978.png,0.0,0.0,0.0,0.0,0.0,0.0
1982,substation_1982.png,2.0,0.0,2.0,0.0,0.0,0.0
1983,substation_1983.png,0.0,0.0,0.0,0.0,0.0,0.0
1984,substation_1984.png,7.0,0.0,1.0,0.0,0.0,0.0
1985,substation_1985.png,1.0,0.0,0.0,0.0,0.0,0.0
1990,substation_1990.png,5.0,0.0,0.0,0.0,0.0,0.0
1988,substation_1988.png,0.0,0.0,2.0,0.0,0.0,0.0
1986,substation_1986.png,0.0,3.0,0.0,0.0,0.0,0.0
1992,substation_1992.png,5.0,0.0,0.0,0.0,1.0,0.0
1989,substation_1989.png,0.0,0.0,0.0,0.0,0.0,0.0
1987,substation_1987.png,1.0,0.0,0.0,0.0,0.0,0.0
1994,substation_1994.png,0.0,0.0,0.0,0.0,0.0,0.0
1991,substation_1991.png,0.0,0.0,0.0,0.0,0.0,0.0
1993,substation_1993.png,1.0,0.0,0.0,0.0,0.0,0.0
1995,substation_1995.png,3.0,0.0,0.0,0.0,1.0,0.0
1999,substation_1999.png,1.0,0.0,0.0,0.0,0.0,0.0
1998,substation_1998.png,0.0,0.0,1.0,0.0,0.0,0.0
1996,substation_1996.png,1.0,0.0,0.0,0.0,0.0,0.0
1997,substation_1997.png,0.0,0.0,0.0,0.0,1.0,0.0
2000,substation_2000.png,0.0,0.0,4.0,0.0,0.0,0.0
2001,substation_2001.png,1.0,0.0,0.0,0.0,0.0,0.0
2002,substation_2002.png,0.0,0.0,0.0,1.0,0.0,0.0
2007,substation_2007.png,0.0,0.0,0.0,0.0,0.0,0.0
2005,substation_2005.png,1.0,0.0,9.0,0.0,0.0,0.0
2004,substation_2004.png,1.0,0.0,0.0,0.0,0.0,0.0
2006,substation_2006.png,1.0,0.0,8.0,0.0,0.0,0.0
2003,substation_2003.png,1.0,0.0,3.0,0.0,0.0,0.0
2008,substation_2008.png,2.0,0.0,5.0,0.0,0.0,0.0
2011,substation_2011.png,0.0,0.0,0.0,0.0,0.0,0.0
2010,substation_2010.png,1.0,0.0,0.0,0.0,0.0,0.0
2009,substation_2009.png,1.0,0.0,0.0,0.0,0.0,0.0
2012,substation_2012.png,0.0,0.0,0.0,0.0,0.0,0.0
2015,substation_2015.png,0.0,0.0,0.0,0.0,0.0,0.0
2020,substation_2020.png,2.0,0.0,3.0,0.0,0.0,0.0
2014,substation_2014.png,2.0,0.0,0.0,0.0,0.0,0.0
2016,substation_2016.png,2.0,0.0,0.0,0.0,0.0,0.0
2017,substation_2017.png,0.0,0.0,0.0,0.0,1.0,0.0
2013,substation_2013.png,0.0,0.0,3.0,0.0,0.0,0.0
2019,substation_2019.png,0.0,0.0,0.0,0.0,1.0,0.0
2018,substation_2018.png,1.0,0.0,0.0,0.0,0.0,0.0
2022,substation_2022.png,0.0,0.0,0.0,0.0,0.0,0.0
2021,substation_2021.png,1.0,0.0,1.0,1.0,0.0,0.0
2024,substation_2024.png,0.0,1.0,0.0,0.0,0.0,0.0
2026,substation_2026.png,1.0,0.0,0.0,0.0,0.0,0.0
2023,substation_2023.png,1.0,1.0,1.0,1.0,0.0,0.0
2030,substation_2030.png,0.0,0.0,0.0,0.0,0.0,0.0
2025,substation_2025.png,0.0,0.0,0.0,0.0,0.0,0.0
2031,substation_2031.png,1.0,0.0,0.0,0.0,0.0,0.0
2029,substation_2029.png,0.0,0.0,0.0,0.0,0.0,0.0
2033,substation_2033.png,0.0,0.0,1.0,0.0,0.0,0.0
2028,substation_2028.png,1.0,0.0,0.0,0.0,0.0,0.0
2032,substation_2032.png,0.0,0.0,0.0,0.0,0.0,0.0
2027,substation_2027.png,0.0,0.0,0.0,0.0,0.0,0.0
2035,substation_2035.png,0.0,0.0,14.0,0.0,0.0,0.0
2038,substation_2038.png,0.0,0.0,0.0,0.0,0.0,0.0
2040,substation_2040.png,2.0,0.0,1.0,0.0,0.0,0.0
2039,substation_2039.png,1.0,0.0,0.0,0.0,1.0,0.0
2036,substation_2036.png,1.0,0.0,1.0,0.0,0.0,0.0
2037,substation_2037.png,0.0,0.0,4.0,0.0,0.0,0.0
2034,substation_2034.png,0.0,0.0,0.0,0.0,0.0,0.0
2041,substation_2041.png,0.0,0.0,6.0,0.0,0.0,0.0
2043,substation_2043.png,2.0,0.0,0.0,0.0,0.0,0.0
2042,substation_2042.png,1.0,0.0,2.0,0.0,0.0,0.0
2046,substation_2046.png,2.0,0.0,0.0,0.0,0.0,0.0
2044,substation_2044.png,0.0,0.0,0.0,0.0,1.0,0.0
2045,substation_2045.png,0.0,0.0,2.0,0.0,0.0,0.0
2047,substation_2047.png,2.0,0.0,0.0,0.0,0.0,0.0
2052,substation_2052.png,0.0,1.0,4.0,0.0,0.0,0.0
2051,substation_2051.png,0.0,0.0,0.0,0.0,1.0,0.0
2049,substation_2049.png,0.0,0.0,0.0,3.0,0.0,0.0
2048,substation_2048.png,0.0,0.0,3.0,0.0,0.0,0.0
2053,substation_2053.png,0.0,1.0,0.0,0.0,0.0,0.0
2050,substation_2050.png,1.0,0.0,0.0,0.0,0.0,0.0
2054,substation_2054.png,1.0,0.0,1.0,0.0,0.0,0.0
2057,substation_2057.png,1.0,0.0,0.0,0.0,0.0,0.0
2056,substation_2056.png,8.0,0.0,0.0,0.0,0.0,0.0
2062,substation_2062.png,0.0,0.0,1.0,0.0,0.0,0.0
2058,substation_2058.png,2.0,0.0,2.0,0.0,0.0,0.0
2060,substation_2060.png,2.0,0.0,0.0,0.0,0.0,0.0
2055,substation_2055.png,0.0,0.0,0.0,0.0,1.0,0.0
2059,substation_2059.png,3.0,0.0,0.0,0.0,0.0,0.0
2063,substation_2063.png,1.0,0.0,0.0,0.0,0.0,0.0
2064,substation_2064.png,2.0,0.0,0.0,0.0,0.0,0.0
2061,substation_2061.png,0.0,0.0,0.0,0.0,0.0,0.0
2065,substation_2065.png,0.0,0.0,0.0,0.0,0.0,0.0
2066,substation_2066.png,0.0,2.0,6.0,0.0,0.0,0.0
2067,substation_2067.png,1.0,2.0,15.0,0.0,0.0,0.0
2070,substation_2070.png,0.0,0.0,1.0,0.0,0.0,0.0
2068,substation_2068.png,3.0,0.0,0.0,0.0,0.0,0.0
2077,substation_2077.png,0.0,0.0,1.0,0.0,0.0,0.0
2072,substation_2072.png,0.0,0.0,0.0,0.0,0.0,0.0
2071,substation_2071.png,5.0,1.0,0.0,0.0,0.0,0.0
2069,substation_2069.png,1.0,0.0,0.0,0.0,0.0,0.0
2075,substation_2075.png,0.0,0.0,0.0,0.0,0.0,0.0
2078,substation_2078.png,2.0,0.0,0.0,0.0,1.0,0.0
2076,substation_2076.png,0.0,0.0,0.0,0.0,0.0,0.0
2073,substation_2073.png,0.0,0.0,0.0,0.0,0.0,0.0
2080,substation_2080.png,0.0,0.0,1.0,0.0,0.0,0.0
2081,substation_2081.png,0.0,0.0,0.0,0.0,0.0,0.0
2079,substation_2079.png,0.0,0.0,0.0,0.0,1.0,0.0
2074,substation_2074.png,4.0,0.0,2.0,0.0,0.0,0.0
2083,substation_2083.png,4.0,2.0,0.0,0.0,1.0,0.0
2084,substation_2084.png,1.0,0.0,0.0,0.0,0.0,0.0
2085,substation_2085.png,1.0,0.0,0.0,0.0,0.0,0.0
2087,substation_2087.png,0.0,0.0,0.0,0.0,0.0,0.0
84,substation_84.png,0.0,1.0,1.0,0.0,0.0,0.0
86,substation_86.png,1.0,0.0,0.0,0.0,0.0,0.0
87,substation_87.png,1.0,0.0,0.0,0.0,0.0,0.0
88,substation_88.png,0.0,0.0,3.0,0.0,0.0,0.0
93,substation_93.png,0.0,0.0,2.0,0.0,0.0,0.0
89,substation_89.png,4.0,4.0,2.0,0.0,0.0,0.0
90,substation_90.png,0.0,0.0,2.0,0.0,0.0,0.0
92,substation_92.png,0.0,0.0,0.0,0.0,0.0,0.0
94,substation_94.png,0.0,0.0,2.0,0.0,0.0,0.0
91,substation_91.png,0.0,0.0,0.0,0.0,0.0,0.0
125,substation_125.png,0.0,0.0,0.0,0.0,0.0,0.0
126,substation_126.png,1.0,0.0,0.0,0.0,0.0,0.0
124,substation_124.png,2.0,0.0,0.0,0.0,0.0,0.0
96,substation_96.png,2.0,1.0,12.0,0.0,0.0,0.0
97,substation_97.png,1.0,0.0,0.0,1.0,0.0,0.0
95,substation_95.png,0.0,0.0,9.0,0.0,0.0,0.0
101,substation_101.png,0.0,0.0,1.0,0.0,0.0,0.0
99,substation_99.png,0.0,0.0,0.0,0.0,0.0,0.0
98,substation_98.png,1.0,0.0,2.0,0.0,0.0,0.0
127,substation_127.png,0.0,0.0,0.0,0.0,1.0,0.0
102,substation_102.png,0.0,0.0,0.0,0.0,0.0,0.0
129,substation_129.png,6.0,0.0,0.0,0.0,0.0,0.0
104,substation_104.png,3.0,0.0,0.0,0.0,0.0,0.0
134,substation_134.png,0.0,2.0,4.0,0.0,0.0,0.0
128,substation_128.png,1.0,0.0,0.0,0.0,0.0,0.0
105,substation_105.png,0.0,0.0,0.0,0.0,0.0,0.0
135,substation_135.png,0.0,2.0,0.0,0.0,0.0,0.0
138,substation_138.png,0.0,0.0,0.0,1.0,0.0,0.0
133,substation_133.png,0.0,0.0,1.0,0.0,0.0,0.0
130,substation_130.png,2.0,0.0,0.0,0.0,0.0,0.0
131,substation_131.png,2.0,0.0,1.0,0.0,0.0,0.0
137,substation_137.png,0.0,0.0,4.0,0.0,0.0,0.0
132,substation_132.png,0.0,0.0,2.0,0.0,1.0,0.0
136,substation_136.png,0.0,0.0,0.0,0.0,0.0,0.0
103,substation_103.png,0.0,0.0,0.0,0.0,0.0,0.0
100,substation_100.png,0.0,0.0,0.0,0.0,0.0,0.0
108,substation_108.png,2.0,1.0,0.0,0.0,0.0,0.0
107,substation_107.png,0.0,0.0,0.0,0.0,0.0,0.0
109,substation_109.png,1.0,0.0,0.0,0.0,0.0,0.0
106,substation_106.png,2.0,0.0,0.0,0.0,0.0,0.0
112,substation_112.png,0.0,0.0,2.0,1.0,0.0,0.0
140,substation_140.png,0.0,0.0,0.0,0.0,0.0,0.0
139,substation_139.png,1.0,0.0,6.0,0.0,0.0,0.0
141,substation_141.png,2.0,0.0,0.0,0.0,0.0,0.0
143,substation_143.png,1.0,0.0,0.0,0.0,0.0,0.0
111,substation_111.png,2.0,0.0,7.0,0.0,0.0,0.0
144,substation_144.png,1.0,0.0,0.0,0.0,1.0,0.0
142,substation_142.png,2.0,0.0,0.0,0.0,0.0,0.0
110,substation_110.png,0.0,0.0,5.0,1.0,0.0,0.0
145,substation_145.png,4.0,0.0,0.0,0.0,0.0,0.0
113,substation_113.png,0.0,0.0,0.0,0.0,0.0,0.0
117,substation_117.png,1.0,0.0,0.0,1.0,0.0,0.0
146,substation_146.png,0.0,0.0,0.0,0.0,0.0,0.0
150,substation_150.png,0.0,0.0,0.0,0.0,0.0,0.0
115,substation_115.png,0.0,0.0,0.0,0.0,0.0,0.0
148,substation_148.png,1.0,1.0,0.0,0.0,0.0,0.0
147,substation_147.png,1.0,0.0,0.0,0.0,0.0,0.0
149,substation_149.png,0.0,0.0,0.0,0.0,0.0,0.0
118,substation_118.png,1.0,0.0,0.0,0.0,0.0,0.0
121,substation_121.png,0.0,0.0,1.0,0.0,0.0,0.0
157,substation_157.png,4.0,0.0,3.0,0.0,0.0,0.0
151,substation_151.png,1.0,0.0,0.0,0.0,0.0,0.0
152,substation_152.png,0.0,0.0,0.0,0.0,0.0,0.0
120,substation_120.png,0.0,0.0,0.0,0.0,0.0,0.0
119,substation_119.png,1.0,0.0,0.0,0.0,0.0,0.0
122,substation_122.png,0.0,0.0,0.0,0.0,0.0,0.0
154,substation_154.png,0.0,0.0,0.0,0.0,0.0,0.0
123,substation_123.png,2.0,0.0,0.0,0.0,0.0,0.0
116,substation_116.png,3.0,0.0,3.0,0.0,0.0,0.0
156,substation_156.png,1.0,0.0,3.0,0.0,0.0,0.0
155,substation_155.png,6.0,0.0,4.0,0.0,0.0,0.0
153,substation_153.png,2.0,0.0,0.0,0.0,0.0,0.0
159,substation_159.png,0.0,0.0,5.0,0.0,0.0,0.0
114,substation_114.png,3.0,0.0,0.0,0.0,0.0,0.0
158,substation_158.png,1.0,0.0,0.0,0.0,0.0,0.0
160,substation_160.png,5.0,0.0,1.0,0.0,0.0,0.0
161,substation_161.png,4.0,0.0,0.0,0.0,0.0,0.0
162,substation_162.png,4.0,0.0,0.0,0.0,0.0,0.0
163,substation_163.png,0.0,0.0,0.0,0.0,0.0,0.0
164,substation_164.png,0.0,0.0,0.0,0.0,0.0,0.0
166,substation_166.png,0.0,0.0,0.0,4.0,0.0,0.0
165,substation_165.png,1.0,0.0,8.0,0.0,0.0,0.0
168,substation_168.png,0.0,0.0,0.0,1.0,0.0,0.0
167,substation_167.png,1.0,0.0,0.0,0.0,0.0,0.0
172,substation_172.png,1.0,0.0,0.0,0.0,0.0,0.0
169,substation_169.png,0.0,1.0,0.0,0.0,0.0,0.0
170,substation_170.png,2.0,0.0,0.0,0.0,0.0,0.0
171,substation_171.png,4.0,0.0,0.0,0.0,0.0,0.0
173,substation_173.png,0.0,2.0,0.0,0.0,0.0,0.0
175,substation_175.png,0.0,0.0,5.0,0.0,0.0,0.0
174,substation_174.png,0.0,0.0,4.0,0.0,0.0,0.0
179,substation_179.png,0.0,1.0,0.0,0.0,0.0,0.0
178,substation_178.png,1.0,0.0,4.0,0.0,0.0,0.0
182,substation_182.png,0.0,0.0,0.0,0.0,1.0,0.0
176,substation_176.png,0.0,0.0,0.0,0.0,0.0,0.0
177,substation_177.png,1.0,0.0,0.0,0.0,0.0,0.0
183,substation_183.png,0.0,0.0,0.0,0.0,0.0,0.0
184,substation_184.png,1.0,0.0,0.0,0.0,0.0,0.0
181,substation_181.png,1.0,0.0,0.0,0.0,0.0,0.0
180,substation_180.png,2.0,1.0,0.0,0.0,0.0,0.0
186,substation_186.png,0.0,0.0,0.0,0.0,0.0,0.0
185,substation_185.png,2.0,0.0,0.0,0.0,0.0,0.0
187,substation_187.png,0.0,0.0,0.0,0.0,0.0,0.0
190,substation_190.png,1.0,0.0,0.0,0.0,0.0,0.0
188,substation_188.png,0.0,0.0,2.0,0.0,0.0,0.0
189,substation_189.png,2.0,0.0,0.0,0.0,0.0,0.0
195,substation_195.png,0.0,0.0,0.0,0.0,0.0,0.0
192,substation_192.png,4.0,1.0,0.0,0.0,0.0,0.0
194,substation_194.png,1.0,0.0,0.0,0.0,0.0,0.0
193,substation_193.png,0.0,0.0,0.0,0.0,0.0,0.0
191,substation_191.png,2.0,0.0,0.0,0.0,0.0,0.0
196,substation_196.png,0.0,0.0,1.0,0.0,0.0,0.0
198,substation_198.png,0.0,0.0,0.0,0.0,0.0,0.0
199,substation_199.png,1.0,0.0,0.0,0.0,1.0,0.0
197,substation_197.png,1.0,0.0,0.0,3.0,0.0,0.0
202,substation_202.png,4.0,0.0,3.0,0.0,0.0,0.0
201,substation_201.png,0.0,0.0,0.0,0.0,0.0,0.0
200,substation_200.png,0.0,0.0,4.0,0.0,0.0,0.0
206,substation_206.png,0.0,0.0,2.0,0.0,0.0,0.0
203,substation_203.png,2.0,0.0,1.0,0.0,0.0,0.0
205,substation_205.png,0.0,0.0,11.0,0.0,0.0,0.0
208,substation_208.png,0.0,0.0,6.0,0.0,0.0,0.0
204,substation_204.png,1.0,0.0,7.0,0.0,0.0,0.0
207,substation_207.png,0.0,0.0,0.0,0.0,0.0,0.0
213,substation_213.png,0.0,0.0,0.0,0.0,0.0,0.0
212,substation_212.png,5.0,0.0,1.0,0.0,0.0,0.0
209,substation_209.png,2.0,0.0,0.0,0.0,0.0,0.0
215,substation_215.png,1.0,0.0,0.0,0.0,0.0,0.0
210,substation_210.png,0.0,0.0,0.0,0.0,1.0,0.0
211,substation_211.png,0.0,0.0,0.0,1.0,0.0,0.0
216,substation_216.png,2.0,1.0,4.0,1.0,0.0,0.0
217,substation_217.png,0.0,0.0,0.0,0.0,0.0,0.0
219,substation_219.png,0.0,2.0,3.0,0.0,0.0,0.0
220,substation_220.png,0.0,0.0,0.0,0.0,1.0,0.0
222,substation_222.png,1.0,0.0,2.0,0.0,0.0,0.0
221,substation_221.png,1.0,0.0,11.0,1.0,0.0,0.0
218,substation_218.png,0.0,0.0,1.0,0.0,0.0,0.0
214,substation_214.png,0.0,0.0,0.0,0.0,0.0,0.0
223,substation_223.png,0.0,0.0,0.0,0.0,1.0,0.0
225,substation_225.png,0.0,0.0,0.0,0.0,0.0,0.0
227,substation_227.png,1.0,0.0,1.0,0.0,1.0,0.0
226,substation_226.png,0.0,0.0,0.0,0.0,0.0,0.0
228,substation_228.png,0.0,0.0,1.0,0.0,0.0,0.0
224,substation_224.png,0.0,0.0,0.0,2.0,0.0,0.0
229,substation_229.png,0.0,2.0,1.0,0.0,0.0,0.0
236,substation_236.png,3.0,1.0,8.0,0.0,0.0,0.0
235,substation_235.png,0.0,0.0,0.0,0.0,0.0,0.0
231,substation_231.png,1.0,0.0,0.0,1.0,0.0,0.0
232,substation_232.png,0.0,0.0,5.0,0.0,0.0,0.0
233,substation_233.png,0.0,0.0,0.0,0.0,0.0,0.0
230,substation_230.png,0.0,0.0,1.0,0.0,0.0,0.0
234,substation_234.png,1.0,0.0,0.0,0.0,0.0,0.0
237,substation_237.png,1.0,0.0,1.0,0.0,0.0,0.0
238,substation_238.png,0.0,0.0,0.0,0.0,0.0,0.0
240,substation_240.png,0.0,0.0,0.0,0.0,0.0,0.0
244,substation_244.png,0.0,0.0,0.0,0.0,1.0,0.0
243,substation_243.png,2.0,0.0,4.0,0.0,0.0,0.0
246,substation_246.png,0.0,0.0,12.0,0.0,0.0,0.0
239,substation_239.png,2.0,0.0,1.0,0.0,0.0,0.0
248,substation_248.png,0.0,1.0,0.0,0.0,0.0,0.0
241,substation_241.png,4.0,0.0,6.0,1.0,0.0,0.0
242,substation_242.png,0.0,0.0,4.0,0.0,0.0,0.0
245,substation_245.png,1.0,0.0,1.0,0.0,0.0,0.0
250,substation_250.png,3.0,1.0,1.0,3.0,0.0,0.0
249,substation_249.png,3.0,0.0,0.0,0.0,0.0,0.0
247,substation_247.png,1.0,0.0,0.0,0.0,0.0,0.0
251,substation_251.png,4.0,0.0,0.0,0.0,0.0,0.0
258,substation_258.png,0.0,0.0,0.0,0.0,0.0,0.0
253,substation_253.png,0.0,0.0,0.0,1.0,0.0,0.0
254,substation_254.png,1.0,0.0,0.0,0.0,0.0,0.0
252,substation_252.png,1.0,0.0,0.0,2.0,0.0,0.0
255,substation_255.png,2.0,0.0,0.0,0.0,0.0,0.0
257,substation_257.png,2.0,0.0,0.0,0.0,0.0,0.0
256,substation_256.png,0.0,0.0,0.0,0.0,0.0,0.0
260,substation_260.png,8.0,0.0,0.0,0.0,0.0,0.0
259,substation_259.png,4.0,0.0,14.0,0.0,0.0,0.0
265,substation_265.png,1.0,0.0,0.0,0.0,0.0,0.0
261,substation_261.png,1.0,0.0,0.0,0.0,0.0,0.0
262,substation_262.png,2.0,0.0,0.0,0.0,1.0,0.0
263,substation_263.png,0.0,0.0,0.0,2.0,0.0,0.0
264,substation_264.png,0.0,0.0,0.0,1.0,0.0,0.0
270,substation_270.png,1.0,0.0,2.0,0.0,0.0,0.0
268,substation_268.png,1.0,1.0,1.0,0.0,1.0,0.0
267,substation_267.png,2.0,0.0,11.0,0.0,0.0,0.0
266,substation_266.png,3.0,1.0,0.0,0.0,0.0,0.0
274,substation_274.png,1.0,0.0,0.0,1.0,0.0,0.0
269,substation_269.png,1.0,0.0,0.0,0.0,0.0,0.0
276,substation_276.png,4.0,1.0,0.0,1.0,0.0,0.0
271,substation_271.png,0.0,0.0,0.0,0.0,0.0,0.0
275,substation_275.png,2.0,0.0,0.0,0.0,0.0,0.0
273,substation_273.png,0.0,0.0,0.0,0.0,1.0,0.0
272,substation_272.png,0.0,0.0,0.0,0.0,0.0,0.0
277,substation_277.png,0.0,0.0,11.0,0.0,0.0,0.0
279,substation_279.png,2.0,2.0,5.0,0.0,0.0,0.0
278,substation_278.png,0.0,1.0,6.0,0.0,0.0,0.0
283,substation_283.png,0.0,0.0,0.0,0.0,0.0,0.0
282,substation_282.png,1.0,0.0,0.0,0.0,0.0,0.0
281,substation_281.png,0.0,0.0,0.0,1.0,0.0,0.0
284,substation_284.png,0.0,0.0,0.0,0.0,0.0,0.0
280,substation_280.png,0.0,0.0,6.0,0.0,0.0,0.0
288,substation_288.png,3.0,2.0,0.0,0.0,0.0,0.0
287,substation_287.png,0.0,0.0,3.0,0.0,0.0,0.0
291,substation_291.png,1.0,0.0,0.0,0.0,0.0,0.0
286,substation_286.png,0.0,0.0,2.0,0.0,0.0,0.0
289,substation_289.png,0.0,0.0,4.0,0.0,0.0,0.0
290,substation_290.png,0.0,0.0,0.0,1.0,4.0,0.0
285,substation_285.png,1.0,0.0,0.0,0.0,0.0,0.0
296,substation_296.png,0.0,0.0,0.0,0.0,0.0,0.0
294,substation_294.png,1.0,1.0,0.0,2.0,0.0,0.0
295,substation_295.png,0.0,0.0,0.0,0.0,0.0,0.0
292,substation_292.png,2.0,0.0,0.0,1.0,0.0,0.0
302,substation_302.png,0.0,0.0,0.0,1.0,0.0,0.0
297,substation_297.png,0.0,0.0,0.0,0.0,0.0,0.0
298,substation_298.png,1.0,0.0,1.0,1.0,0.0,0.0
293,substation_293.png,1.0,0.0,0.0,0.0,0.0,0.0
303,substation_303.png,0.0,0.0,0.0,0.0,0.0,0.0
301,substation_301.png,3.0,0.0,0.0,0.0,0.0,0.0
299,substation_299.png,2.0,7.0,0.0,1.0,0.0,0.0
305,substation_305.png,0.0,0.0,0.0,0.0,0.0,0.0
304,substation_304.png,0.0,0.0,18.0,0.0,0.0,0.0
306,substation_306.png,0.0,0.0,0.0,0.0,0.0,0.0
300,substation_300.png,2.0,0.0,0.0,0.0,0.0,0.0
307,substation_307.png,4.0,1.0,0.0,2.0,0.0,0.0
308,substation_308.png,1.0,0.0,0.0,0.0,0.0,0.0
312,substation_312.png,0.0,2.0,0.0,3.0,0.0,0.0
311,substation_311.png,0.0,0.0,2.0,2.0,0.0,0.0
309,substation_309.png,0.0,0.0,0.0,0.0,0.0,0.0
310,substation_310.png,0.0,0.0,0.0,2.0,0.0,0.0
315,substation_315.png,3.0,0.0,1.0,0.0,0.0,0.0
313,substation_313.png,0.0,0.0,7.0,0.0,0.0,0.0
319,substation_319.png,2.0,0.0,1.0,0.0,0.0,0.0
316,substation_316.png,1.0,0.0,0.0,0.0,0.0,0.0
321,substation_321.png,0.0,0.0,0.0,0.0,0.0,0.0
318,substation_318.png,5.0,0.0,0.0,0.0,0.0,0.0
317,substation_317.png,4.0,0.0,0.0,1.0,0.0,0.0
323,substation_323.png,0.0,0.0,0.0,0.0,0.0,0.0
314,substation_314.png,0.0,0.0,0.0,0.0,0.0,0.0
320,substation_320.png,0.0,0.0,0.0,1.0,0.0,0.0
322,substation_322.png,0.0,0.0,0.0,0.0,0.0,0.0
324,substation_324.png,1.0,0.0,2.0,0.0,0.0,0.0
325,substation_325.png,0.0,0.0,0.0,0.0,0.0,0.0
326,substation_326.png,6.0,0.0,0.0,0.0,0.0,0.0
327,substation_327.png,0.0,0.0,0.0,0.0,0.0,0.0
336,substation_336.png,0.0,0.0,1.0,0.0,0.0,0.0
332,substation_332.png,0.0,0.0,0.0,0.0,0.0,0.0
328,substation_328.png,0.0,0.0,17.0,0.0,0.0,0.0
329,substation_329.png,0.0,0.0,0.0,0.0,1.0,0.0
333,substation_333.png,0.0,0.0,3.0,0.0,0.0,0.0
331,substation_331.png,0.0,0.0,1.0,0.0,0.0,0.0
330,substation_330.png,0.0,0.0,0.0,0.0,0.0,0.0
335,substation_335.png,0.0,0.0,1.0,0.0,0.0,0.0
334,substation_334.png,2.0,0.0,5.0,0.0,0.0,0.0
337,substation_337.png,0.0,0.0,1.0,0.0,0.0,0.0
338,substation_338.png,0.0,0.0,1.0,0.0,0.0,0.0
343,substation_343.png,0.0,0.0,1.0,0.0,0.0,0.0
341,substation_341.png,4.0,0.0,0.0,4.0,0.0,0.0
342,substation_342.png,2.0,0.0,0.0,0.0,1.0,0.0
339,substation_339.png,0.0,0.0,0.0,0.0,0.0,0.0
340,substation_340.png,1.0,0.0,0.0,0.0,0.0,0.0
348,substation_348.png,0.0,0.0,0.0,0.0,0.0,0.0
345,substation_345.png,1.0,0.0,7.0,1.0,0.0,0.0
346,substation_346.png,2.0,0.0,4.0,0.0,0.0,0.0
344,substation_344.png,4.0,0.0,1.0,0.0,0.0,0.0
349,substation_349.png,1.0,0.0,5.0,0.0,0.0,0.0
350,substation_350.png,6.0,2.0,2.0,0.0,0.0,0.0
351,substation_351.png,1.0,0.0,0.0,0.0,0.0,0.0
352,substation_352.png,0.0,0.0,4.0,0.0,0.0,0.0
347,substation_347.png,2.0,0.0,1.0,0.0,0.0,0.0
353,substation_353.png,1.0,0.0,0.0,0.0,0.0,0.0
354,substation_354.png,0.0,0.0,0.0,1.0,0.0,0.0
356,substation_356.png,0.0,0.0,0.0,0.0,0.0,0.0
358,substation_358.png,2.0,4.0,0.0,0.0,0.0,0.0
355,substation_355.png,0.0,0.0,0.0,0.0,0.0,0.0
359,substation_359.png,0.0,0.0,0.0,0.0,0.0,0.0
357,substation_357.png,3.0,0.0,0.0,0.0,0.0,0.0
360,substation_360.png,2.0,0.0,2.0,0.0,0.0,0.0
362,substation_362.png,0.0,0.0,0.0,0.0,0.0,0.0
363,substation_363.png,0.0,0.0,0.0,1.0,0.0,0.0
364,substation_364.png,0.0,0.0,0.0,0.0,0.0,0.0
369,substation_369.png,2.0,0.0,9.0,0.0,0.0,0.0
361,substation_361.png,1.0,0.0,0.0,0.0,0.0,0.0
365,substation_365.png,2.0,1.0,0.0,0.0,0.0,0.0
367,substation_367.png,1.0,0.0,1.0,0.0,0.0,0.0
368,substation_368.png,2.0,1.0,0.0,0.0,0.0,0.0
370,substation_370.png,0.0,0.0,0.0,0.0,0.0,0.0
371,substation_371.png,0.0,0.0,7.0,0.0,0.0,0.0
366,substation_366.png,7.0,0.0,0.0,2.0,0.0,0.0
372,substation_372.png,0.0,0.0,0.0,0.0,1.0,0.0
375,substation_375.png,0.0,0.0,3.0,1.0,0.0,0.0
373,substation_373.png,0.0,0.0,1.0,0.0,0.0,0.0
378,substation_378.png,0.0,2.0,12.0,0.0,0.0,0.0
374,substation_374.png,0.0,0.0,0.0,0.0,0.0,0.0
376,substation_376.png,2.0,0.0,1.0,0.0,0.0,0.0
379,substation_379.png,1.0,0.0,2.0,0.0,0.0,0.0
383,substation_383.png,0.0,0.0,1.0,0.0,0.0,0.0
377,substation_377.png,3.0,0.0,0.0,0.0,0.0,0.0
380,substation_380.png,1.0,0.0,1.0,3.0,0.0,0.0
381,substation_381.png,0.0,0.0,0.0,0.0,1.0,0.0
382,substation_382.png,0.0,1.0,0.0,0.0,0.0,0.0
384,substation_384.png,0.0,0.0,0.0,0.0,0.0,0.0
385,substation_385.png,1.0,0.0,0.0,0.0,1.0,0.0
387,substation_387.png,1.0,0.0,0.0,0.0,0.0,0.0
390,substation_390.png,0.0,1.0,1.0,0.0,0.0,0.0
389,substation_389.png,0.0,1.0,2.0,0.0,0.0,0.0
394,substation_394.png,0.0,0.0,0.0,0.0,0.0,0.0
393,substation_393.png,0.0,0.0,0.0,0.0,1.0,0.0
386,substation_386.png,0.0,0.0,0.0,0.0,0.0,0.0
391,substation_391.png,1.0,0.0,0.0,0.0,0.0,0.0
388,substation_388.png,0.0,0.0,0.0,0.0,0.0,0.0
392,substation_392.png,0.0,0.0,0.0,0.0,0.0,0.0
395,substation_395.png,6.0,0.0,0.0,0.0,0.0,0.0
397,substation_397.png,1.0,0.0,0.0,0.0,0.0,0.0
398,substation_398.png,0.0,4.0,0.0,0.0,0.0,0.0
400,substation_400.png,0.0,0.0,4.0,0.0,0.0,0.0
401,substation_401.png,2.0,0.0,0.0,0.0,0.0,0.0
396,substation_396.png,1.0,0.0,0.0,0.0,0.0,0.0
402,substation_402.png,0.0,0.0,2.0,0.0,0.0,0.0
404,substation_404.png,0.0,1.0,0.0,0.0,0.0,0.0
406,substation_406.png,2.0,10.0,1.0,0.0,0.0,0.0
399,substation_399.png,0.0,0.0,1.0,0.0,0.0,0.0
403,substation_403.png,0.0,0.0,0.0,0.0,0.0,0.0
407,substation_407.png,0.0,0.0,0.0,0.0,0.0,0.0
405,substation_405.png,2.0,0.0,0.0,0.0,0.0,0.0
408,substation_408.png,3.0,0.0,0.0,0.0,0.0,0.0
410,substation_410.png,3.0,0.0,0.0,0.0,0.0,0.0
409,substation_409.png,0.0,0.0,0.0,0.0,0.0,0.0
411,substation_411.png,1.0,0.0,1.0,0.0,0.0,0.0
413,substation_413.png,1.0,0.0,5.0,0.0,0.0,0.0
412,substation_412.png,1.0,0.0,0.0,0.0,0.0,0.0
414,substation_414.png,3.0,1.0,0.0,0.0,0.0,0.0
415,substation_415.png,0.0,0.0,0.0,0.0,1.0,0.0
416,substation_416.png,0.0,0.0,0.0,0.0,1.0,0.0
419,substation_419.png,0.0,0.0,0.0,1.0,0.0,0.0
421,substation_421.png,0.0,1.0,9.0,0.0,0.0,0.0
418,substation_418.png,1.0,0.0,0.0,0.0,0.0,0.0
417,substation_417.png,0.0,0.0,1.0,0.0,0.0,0.0
423,substation_423.png,0.0,0.0,11.0,0.0,0.0,0.0
422,substation_422.png,1.0,0.0,1.0,0.0,0.0,0.0
424,substation_424.png,0.0,0.0,5.0,0.0,0.0,0.0
420,substation_420.png,0.0,0.0,0.0,0.0,0.0,0.0
426,substation_426.png,2.0,0.0,0.0,0.0,0.0,0.0
427,substation_427.png,3.0,0.0,1.0,0.0,0.0,0.0
431,substation_431.png,0.0,0.0,0.0,0.0,0.0,0.0
429,substation_429.png,0.0,0.0,0.0,0.0,0.0,0.0
425,substation_425.png,1.0,0.0,0.0,0.0,1.0,0.0
428,substation_428.png,2.0,0.0,0.0,0.0,0.0,0.0
430,substation_430.png,0.0,0.0,5.0,0.0,0.0,0.0
433,substation_433.png,0.0,0.0,4.0,0.0,0.0,0.0
436,substation_436.png,0.0,0.0,0.0,0.0,0.0,0.0
435,substation_435.png,0.0,0.0,0.0,1.0,0.0,0.0
434,substation_434.png,1.0,0.0,2.0,0.0,0.0,0.0
432,substation_432.png,0.0,0.0,2.0,0.0,0.0,0.0
437,substation_437.png,0.0,0.0,0.0,0.0,0.0,0.0
438,substation_438.png,3.0,0.0,0.0,2.0,0.0,0.0
439,substation_439.png,0.0,0.0,0.0,1.0,0.0,0.0
445,substation_445.png,0.0,0.0,0.0,0.0,0.0,0.0
440,substation_440.png,0.0,0.0,0.0,0.0,1.0,0.0
441,substation_441.png,3.0,0.0,8.0,0.0,0.0,0.0
443,substation_443.png,0.0,0.0,0.0,0.0,0.0,0.0
442,substation_442.png,1.0,0.0,0.0,0.0,0.0,0.0
446,substation_446.png,3.0,0.0,0.0,0.0,0.0,0.0
444,substation_444.png,1.0,0.0,0.0,0.0,0.0,0.0
447,substation_447.png,3.0,0.0,0.0,0.0,0.0,0.0
450,substation_450.png,0.0,0.0,0.0,0.0,1.0,0.0
448,substation_448.png,0.0,0.0,1.0,0.0,0.0,0.0
449,substation_449.png,7.0,0.0,3.0,0.0,0.0,0.0
451,substation_451.png,0.0,0.0,0.0,0.0,1.0,0.0
452,substation_452.png,0.0,0.0,0.0,0.0,0.0,0.0
455,substation_455.png,1.0,0.0,0.0,0.0,0.0,0.0
456,substation_456.png,0.0,0.0,0.0,0.0,0.0,0.0
459,substation_459.png,1.0,0.0,0.0,0.0,0.0,0.0
453,substation_453.png,1.0,0.0,0.0,0.0,1.0,0.0
458,substation_458.png,0.0,0.0,0.0,0.0,0.0,0.0
454,substation_454.png,1.0,0.0,0.0,0.0,0.0,0.0
457,substation_457.png,0.0,0.0,0.0,0.0,0.0,0.0
462,substation_462.png,1.0,0.0,0.0,1.0,0.0,0.0
461,substation_461.png,0.0,0.0,9.0,0.0,0.0,0.0
460,substation_460.png,0.0,0.0,0.0,0.0,0.0,0.0
463,substation_463.png,0.0,0.0,0.0,0.0,0.0,0.0
464,substation_464.png,0.0,0.0,2.0,0.0,1.0,0.0
465,substation_465.png,1.0,0.0,2.0,0.0,0.0,0.0
468,substation_468.png,0.0,0.0,0.0,0.0,0.0,0.0
467,substation_467.png,0.0,0.0,1.0,0.0,0.0,0.0
469,substation_469.png,0.0,0.0,0.0,0.0,0.0,0.0
471,substation_471.png,0.0,0.0,0.0,0.0,0.0,0.0
476,substation_476.png,1.0,1.0,6.0,0.0,0.0,0.0
470,substation_470.png,0.0,0.0,0.0,0.0,0.0,0.0
474,substation_474.png,1.0,0.0,4.0,0.0,0.0,0.0
473,substation_473.png,2.0,0.0,3.0,1.0,0.0,0.0
472,substation_472.png,0.0,0.0,0.0,0.0,0.0,0.0
477,substation_477.png,2.0,5.0,12.0,0.0,0.0,0.0
466,substation_466.png,0.0,0.0,3.0,0.0,0.0,0.0
475,substation_475.png,0.0,0.0,0.0,0.0,0.0,0.0
478,substation_478.png,0.0,0.0,1.0,0.0,0.0,0.0
479,substation_479.png,0.0,2.0,0.0,2.0,0.0,0.0
482,substation_482.png,1.0,0.0,0.0,0.0,0.0,0.0
481,substation_481.png,0.0,0.0,0.0,0.0,0.0,0.0
484,substation_484.png,0.0,0.0,0.0,0.0,0.0,0.0
486,substation_486.png,0.0,0.0,2.0,0.0,0.0,0.0
487,substation_487.png,0.0,0.0,0.0,0.0,0.0,0.0
480,substation_480.png,0.0,0.0,0.0,1.0,0.0,0.0
489,substation_489.png,0.0,0.0,0.0,0.0,0.0,0.0
483,substation_483.png,2.0,0.0,0.0,0.0,0.0,0.0
485,substation_485.png,0.0,0.0,0.0,0.0,0.0,0.0
488,substation_488.png,0.0,0.0,0.0,0.0,0.0,0.0
490,substation_490.png,2.0,0.0,3.0,0.0,0.0,0.0
492,substation_492.png,0.0,0.0,0.0,0.0,0.0,0.0
491,substation_491.png,1.0,0.0,0.0,0.0,0.0,0.0
493,substation_493.png,1.0,0.0,0.0,0.0,0.0,0.0
502,substation_502.png,0.0,0.0,0.0,0.0,0.0,0.0
495,substation_495.png,0.0,0.0,0.0,0.0,0.0,0.0
500,substation_500.png,0.0,0.0,0.0,1.0,0.0,0.0
496,substation_496.png,0.0,0.0,0.0,0.0,2.0,0.0
497,substation_497.png,0.0,0.0,0.0,0.0,2.0,0.0
494,substation_494.png,0.0,0.0,1.0,0.0,0.0,0.0
501,substation_501.png,0.0,0.0,0.0,1.0,0.0,0.0
498,substation_498.png,0.0,0.0,1.0,0.0,1.0,0.0
503,substation_503.png,0.0,0.0,0.0,0.0,0.0,0.0
504,substation_504.png,0.0,3.0,2.0,1.0,0.0,0.0
499,substation_499.png,0.0,0.0,0.0,0.0,0.0,0.0
505,substation_505.png,0.0,0.0,0.0,0.0,0.0,0.0
511,substation_511.png,0.0,0.0,0.0,0.0,1.0,0.0
507,substation_507.png,1.0,4.0,1.0,0.0,0.0,0.0
506,substation_506.png,0.0,1.0,0.0,0.0,0.0,0.0
512,substation_512.png,1.0,1.0,1.0,0.0,0.0,0.0
508,substation_508.png,1.0,1.0,0.0,0.0,0.0,0.0
513,substation_513.png,0.0,0.0,0.0,0.0,0.0,0.0
510,substation_510.png,2.0,0.0,0.0,1.0,0.0,0.0
514,substation_514.png,0.0,0.0,0.0,0.0,0.0,0.0
509,substation_509.png,0.0,0.0,0.0,0.0,0.0,0.0
515,substation_515.png,0.0,0.0,0.0,0.0,0.0,0.0
517,substation_517.png,0.0,0.0,0.0,0.0,0.0,0.0
516,substation_516.png,0.0,0.0,0.0,0.0,0.0,0.0
522,substation_522.png,0.0,0.0,0.0,0.0,0.0,0.0
520,substation_520.png,0.0,0.0,1.0,0.0,0.0,0.0
524,substation_524.png,0.0,0.0,4.0,0.0,0.0,0.0
525,substation_525.png,0.0,0.0,0.0,0.0,1.0,0.0
523,substation_523.png,0.0,0.0,0.0,0.0,0.0,0.0
519,substation_519.png,1.0,0.0,0.0,0.0,0.0,0.0
518,substation_518.png,0.0,0.0,0.0,0.0,0.0,0.0
521,substation_521.png,3.0,0.0,3.0,0.0,0.0,0.0
526,substation_526.png,0.0,0.0,0.0,0.0,0.0,0.0
527,substation_527.png,0.0,0.0,0.0,0.0,0.0,0.0
528,substation_528.png,1.0,0.0,0.0,0.0,0.0,0.0
531,substation_531.png,0.0,0.0,0.0,0.0,0.0,0.0
529,substation_529.png,0.0,0.0,0.0,0.0,0.0,0.0
532,substation_532.png,0.0,0.0,0.0,0.0,1.0,0.0
536,substation_536.png,0.0,0.0,0.0,0.0,0.0,0.0
538,substation_538.png,0.0,0.0,0.0,0.0,0.0,0.0
534,substation_534.png,2.0,0.0,3.0,4.0,0.0,0.0
530,substation_530.png,0.0,0.0,0.0,0.0,0.0,0.0
533,substation_533.png,0.0,0.0,0.0,0.0,0.0,0.0
537,substation_537.png,0.0,0.0,0.0,0.0,0.0,0.0
539,substation_539.png,1.0,0.0,0.0,0.0,0.0,0.0
543,substation_543.png,0.0,0.0,1.0,0.0,0.0,0.0
540,substation_540.png,1.0,2.0,1.0,0.0,0.0,0.0
541,substation_541.png,2.0,0.0,1.0,0.0,0.0,0.0
535,substation_535.png,0.0,0.0,0.0,2.0,0.0,0.0
542,substation_542.png,2.0,0.0,0.0,0.0,0.0,0.0
545,substation_545.png,1.0,0.0,12.0,0.0,1.0,0.0
544,substation_544.png,1.0,0.0,6.0,0.0,0.0,0.0
549,substation_549.png,0.0,0.0,0.0,0.0,0.0,0.0
548,substation_548.png,0.0,0.0,0.0,0.0,0.0,0.0
553,substation_553.png,0.0,0.0,0.0,0.0,0.0,0.0
546,substation_546.png,0.0,0.0,0.0,0.0,0.0,0.0
552,substation_552.png,2.0,0.0,0.0,0.0,0.0,0.0
551,substation_551.png,1.0,0.0,0.0,2.0,0.0,0.0
547,substation_547.png,0.0,0.0,0.0,0.0,0.0,0.0
550,substation_550.png,0.0,2.0,0.0,0.0,0.0,0.0
555,substation_555.png,2.0,0.0,0.0,0.0,0.0,0.0
556,substation_556.png,1.0,0.0,0.0,0.0,0.0,0.0
554,substation_554.png,2.0,0.0,2.0,0.0,0.0,0.0
559,substation_559.png,0.0,0.0,0.0,0.0,0.0,0.0
562,substation_562.png,9.0,0.0,0.0,0.0,0.0,0.0
564,substation_564.png,0.0,0.0,0.0,1.0,0.0,0.0
558,substation_558.png,3.0,0.0,0.0,0.0,0.0,0.0
560,substation_560.png,2.0,0.0,0.0,1.0,0.0,0.0
557,substation_557.png,0.0,0.0,0.0,1.0,0.0,0.0
561,substation_561.png,1.0,0.0,0.0,0.0,1.0,0.0
565,substation_565.png,0.0,0.0,4.0,0.0,0.0,0.0
563,substation_563.png,1.0,0.0,0.0,0.0,0.0,0.0
567,substation_567.png,0.0,0.0,0.0,0.0,0.0,0.0
566,substation_566.png,3.0,0.0,0.0,0.0,0.0,0.0
569,substation_569.png,0.0,1.0,0.0,0.0,0.0,0.0
568,substation_568.png,3.0,0.0,1.0,0.0,0.0,0.0
570,substation_570.png,1.0,0.0,0.0,1.0,0.0,0.0
572,substation_572.png,0.0,0.0,0.0,0.0,1.0,0.0
571,substation_571.png,0.0,0.0,0.0,0.0,1.0,0.0
579,substation_579.png,0.0,0.0,2.0,1.0,0.0,0.0
575,substation_575.png,0.0,0.0,0.0,0.0,0.0,0.0
573,substation_573.png,0.0,0.0,0.0,0.0,1.0,0.0
574,substation_574.png,1.0,0.0,7.0,0.0,0.0,0.0
576,substation_576.png,0.0,0.0,2.0,0.0,0.0,0.0
577,substation_577.png,1.0,0.0,1.0,0.0,0.0,0.0
578,substation_578.png,7.0,0.0,0.0,0.0,0.0,0.0
580,substation_580.png,0.0,0.0,0.0,0.0,0.0,0.0
581,substation_581.png,0.0,0.0,0.0,0.0,0.0,0.0
582,substation_582.png,0.0,1.0,0.0,0.0,0.0,0.0
587,substation_587.png,1.0,0.0,3.0,0.0,0.0,0.0
584,substation_584.png,1.0,0.0,0.0,0.0,0.0,0.0
585,substation_585.png,0.0,0.0,2.0,0.0,1.0,0.0
586,substation_586.png,1.0,0.0,5.0,0.0,0.0,0.0
591,substation_591.png,0.0,2.0,1.0,0.0,0.0,0.0
590,substation_590.png,3.0,3.0,2.0,0.0,0.0,0.0
588,substation_588.png,1.0,0.0,0.0,0.0,0.0,0.0
592,substation_592.png,1.0,0.0,1.0,0.0,0.0,0.0
594,substation_594.png,1.0,0.0,0.0,0.0,0.0,0.0
589,substation_589.png,1.0,0.0,0.0,0.0,0.0,0.0
596,substation_596.png,4.0,0.0,2.0,2.0,0.0,0.0
583,substation_583.png,0.0,1.0,0.0,0.0,1.0,0.0
593,substation_593.png,0.0,0.0,1.0,0.0,0.0,0.0
597,substation_597.png,3.0,2.0,2.0,1.0,0.0,0.0
599,substation_599.png,0.0,0.0,0.0,1.0,0.0,0.0
598,substation_598.png,4.0,0.0,1.0,0.0,0.0,0.0
600,substation_600.png,1.0,0.0,0.0,0.0,0.0,0.0
601,substation_601.png,0.0,0.0,0.0,0.0,0.0,0.0
604,substation_604.png,0.0,0.0,0.0,0.0,0.0,0.0
602,substation_602.png,1.0,0.0,3.0,0.0,0.0,0.0
595,substation_595.png,0.0,0.0,0.0,0.0,0.0,0.0
603,substation_603.png,0.0,0.0,3.0,0.0,0.0,0.0
605,substation_605.png,0.0,0.0,0.0,0.0,0.0,0.0
606,substation_606.png,2.0,0.0,0.0,0.0,0.0,0.0
608,substation_608.png,1.0,0.0,0.0,0.0,0.0,0.0
610,substation_610.png,0.0,6.0,2.0,0.0,0.0,0.0
609,substation_609.png,0.0,0.0,0.0,0.0,0.0,0.0
611,substation_611.png,0.0,1.0,1.0,0.0,0.0,0.0
614,substation_614.png,0.0,0.0,0.0,0.0,0.0,0.0
615,substation_615.png,0.0,0.0,0.0,0.0,0.0,0.0
607,substation_607.png,1.0,0.0,0.0,0.0,0.0,0.0
613,substation_613.png,0.0,0.0,0.0,0.0,0.0,0.0
612,substation_612.png,0.0,0.0,1.0,0.0,0.0,0.0
616,substation_616.png,3.0,0.0,5.0,0.0,0.0,0.0
617,substation_617.png,3.0,0.0,0.0,0.0,1.0,0.0
618,substation_618.png,0.0,0.0,4.0,0.0,0.0,0.0
619,substation_619.png,1.0,0.0,17.0,0.0,0.0,0.0
620,substation_620.png,0.0,0.0,0.0,0.0,0.0,0.0
623,substation_623.png,2.0,0.0,0.0,0.0,0.0,0.0
621,substation_621.png,0.0,0.0,0.0,2.0,0.0,0.0
622,substation_622.png,0.0,1.0,0.0,0.0,0.0,0.0
628,substation_628.png,0.0,0.0,0.0,0.0,0.0,0.0
625,substation_625.png,2.0,0.0,0.0,0.0,0.0,0.0
624,substation_624.png,2.0,0.0,0.0,0.0,0.0,0.0
627,substation_627.png,3.0,0.0,0.0,0.0,0.0,0.0
626,substation_626.png,0.0,0.0,0.0,0.0,0.0,0.0
629,substation_629.png,1.0,0.0,1.0,0.0,0.0,0.0
633,substation_633.png,0.0,0.0,0.0,0.0,0.0,0.0
632,substation_632.png,0.0,0.0,0.0,0.0,0.0,0.0
631,substation_631.png,1.0,0.0,0.0,0.0,0.0,0.0
630,substation_630.png,0.0,0.0,0.0,0.0,0.0,0.0
634,substation_634.png,0.0,0.0,0.0,0.0,0.0,0.0
636,substation_636.png,1.0,0.0,5.0,1.0,0.0,0.0
637,substation_637.png,1.0,0.0,1.0,0.0,0.0,0.0
640,substation_640.png,1.0,0.0,1.0,1.0,0.0,0.0
635,substation_635.png,0.0,0.0,0.0,2.0,0.0,0.0
639,substation_639.png,0.0,0.0,0.0,0.0,0.0,0.0
638,substation_638.png,1.0,0.0,0.0,0.0,0.0,0.0
643,substation_643.png,0.0,0.0,0.0,0.0,0.0,0.0
641,substation_641.png,6.0,1.0,0.0,0.0,0.0,0.0
642,substation_642.png,2.0,0.0,0.0,0.0,0.0,0.0
644,substation_644.png,0.0,0.0,0.0,0.0,1.0,0.0
646,substation_646.png,2.0,0.0,6.0,1.0,0.0,0.0
645,substation_645.png,0.0,0.0,2.0,0.0,1.0,0.0
651,substation_651.png,0.0,0.0,0.0,0.0,1.0,0.0
647,substation_647.png,0.0,0.0,10.0,0.0,0.0,0.0
648,substation_648.png,0.0,0.0,0.0,0.0,0.0,0.0
652,substation_652.png,1.0,0.0,0.0,0.0,0.0,0.0
650,substation_650.png,1.0,0.0,0.0,0.0,0.0,0.0
649,substation_649.png,0.0,0.0,0.0,0.0,0.0,0.0
654,substation_654.png,1.0,0.0,0.0,1.0,0.0,0.0
656,substation_656.png,0.0,0.0,2.0,0.0,0.0,0.0
655,substation_655.png,1.0,0.0,2.0,0.0,0.0,0.0
657,substation_657.png,0.0,0.0,0.0,0.0,0.0,0.0
653,substation_653.png,1.0,2.0,1.0,1.0,0.0,0.0
658,substation_658.png,0.0,0.0,0.0,5.0,0.0,0.0
662,substation_662.png,0.0,0.0,7.0,0.0,0.0,0.0
660,substation_660.png,0.0,0.0,0.0,0.0,0.0,0.0
659,substation_659.png,1.0,2.0,8.0,1.0,0.0,0.0
663,substation_663.png,1.0,0.0,0.0,0.0,0.0,0.0
661,substation_661.png,0.0,0.0,0.0,0.0,0.0,0.0
664,substation_664.png,2.0,0.0,0.0,1.0,0.0,0.0
665,substation_665.png,0.0,0.0,0.0,0.0,0.0,0.0
667,substation_667.png,3.0,0.0,0.0,0.0,0.0,0.0
669,substation_669.png,0.0,0.0,5.0,0.0,0.0,0.0
668,substation_668.png,1.0,0.0,0.0,0.0,0.0,0.0
666,substation_666.png,0.0,0.0,1.0,0.0,0.0,0.0
670,substation_670.png,0.0,0.0,0.0,0.0,0.0,0.0
674,substation_674.png,2.0,0.0,0.0,0.0,0.0,0.0
671,substation_671.png,0.0,0.0,0.0,0.0,0.0,0.0
672,substation_672.png,0.0,0.0,0.0,0.0,0.0,0.0
673,substation_673.png,2.0,0.0,0.0,0.0,0.0,0.0
676,substation_676.png,1.0,0.0,0.0,0.0,0.0,0.0
675,substation_675.png,3.0,0.0,0.0,0.0,0.0,0.0
680,substation_680.png,0.0,0.0,0.0,0.0,0.0,0.0
678,substation_678.png,0.0,0.0,3.0,0.0,0.0,0.0
679,substation_679.png,1.0,0.0,2.0,0.0,0.0,0.0
682,substation_682.png,3.0,0.0,7.0,0.0,0.0,0.0
681,substation_681.png,0.0,0.0,2.0,4.0,0.0,0.0
677,substation_677.png,0.0,0.0,0.0,0.0,0.0,0.0
684,substation_684.png,0.0,0.0,2.0,0.0,0.0,0.0
688,substation_688.png,3.0,0.0,0.0,0.0,0.0,0.0
683,substation_683.png,2.0,0.0,0.0,0.0,0.0,0.0
686,substation_686.png,0.0,0.0,0.0,0.0,1.0,0.0
687,substation_687.png,0.0,0.0,0.0,0.0,0.0,0.0
685,substation_685.png,0.0,0.0,1.0,1.0,0.0,0.0
689,substation_689.png,3.0,0.0,0.0,0.0,0.0,0.0
690,substation_690.png,2.0,0.0,0.0,0.0,0.0,0.0
693,substation_693.png,0.0,0.0,0.0,0.0,1.0,0.0
691,substation_691.png,1.0,1.0,0.0,1.0,0.0,0.0
696,substation_696.png,0.0,0.0,0.0,0.0,2.0,0.0
692,substation_692.png,0.0,1.0,0.0,0.0,0.0,0.0
694,substation_694.png,0.0,0.0,0.0,0.0,1.0,0.0
697,substation_697.png,0.0,0.0,0.0,0.0,1.0,0.0
699,substation_699.png,0.0,2.0,4.0,0.0,0.0,0.0
695,substation_695.png,0.0,0.0,0.0,0.0,0.0,0.0
700,substation_700.png,2.0,0.0,4.0,1.0,0.0,0.0
698,substation_698.png,0.0,0.0,4.0,0.0,0.0,0.0
702,substation_702.png,1.0,0.0,3.0,0.0,0.0,0.0
701,substation_701.png,0.0,0.0,1.0,0.0,0.0,0.0
703,substation_703.png,1.0,0.0,0.0,0.0,0.0,0.0
706,substation_706.png,1.0,0.0,1.0,0.0,0.0,0.0
704,substation_704.png,0.0,0.0,0.0,0.0,0.0,0.0
710,substation_710.png,2.0,0.0,0.0,0.0,0.0,0.0
707,substation_707.png,0.0,0.0,2.0,0.0,0.0,0.0
708,substation_708.png,0.0,0.0,0.0,2.0,0.0,0.0
705,substation_705.png,0.0,0.0,0.0,0.0,0.0,0.0
711,substation_711.png,2.0,0.0,1.0,0.0,0.0,0.0
712,substation_712.png,0.0,0.0,0.0,0.0,0.0,0.0
713,substation_713.png,0.0,0.0,4.0,0.0,0.0,0.0
709,substation_709.png,1.0,0.0,0.0,0.0,0.0,0.0
716,substation_716.png,4.0,0.0,0.0,0.0,0.0,0.0
718,substation_718.png,2.0,0.0,1.0,0.0,0.0,0.0
714,substation_714.png,0.0,0.0,4.0,0.0,0.0,0.0
715,substation_715.png,1.0,0.0,2.0,0.0,0.0,0.0
719,substation_719.png,2.0,0.0,0.0,1.0,0.0,0.0
717,substation_717.png,1.0,0.0,0.0,0.0,0.0,0.0
720,substation_720.png,2.0,0.0,2.0,0.0,0.0,0.0
724,substation_724.png,0.0,0.0,2.0,0.0,0.0,0.0
725,substation_725.png,0.0,0.0,0.0,0.0,0.0,0.0
723,substation_723.png,1.0,0.0,6.0,0.0,0.0,0.0
721,substation_721.png,0.0,0.0,1.0,0.0,0.0,0.0
722,substation_722.png,0.0,0.0,2.0,0.0,0.0,0.0
727,substation_727.png,1.0,0.0,0.0,1.0,0.0,0.0
730,substation_730.png,5.0,0.0,0.0,0.0,0.0,0.0
729,substation_729.png,1.0,0.0,0.0,2.0,0.0,0.0
726,substation_726.png,2.0,0.0,0.0,0.0,0.0,0.0
734,substation_734.png,4.0,0.0,1.0,0.0,0.0,0.0
728,substation_728.png,1.0,0.0,0.0,0.0,0.0,0.0
731,substation_731.png,1.0,0.0,0.0,0.0,0.0,0.0
733,substation_733.png,0.0,0.0,0.0,0.0,0.0,0.0
732,substation_732.png,1.0,0.0,1.0,0.0,0.0,0.0
735,substation_735.png,0.0,0.0,0.0,2.0,0.0,0.0
742,substation_742.png,0.0,0.0,3.0,0.0,0.0,0.0
737,substation_737.png,0.0,0.0,0.0,0.0,1.0,0.0
738,substation_738.png,0.0,0.0,0.0,0.0,0.0,0.0
739,substation_739.png,0.0,0.0,3.0,1.0,0.0,0.0
743,substation_743.png,3.0,0.0,0.0,0.0,0.0,0.0
741,substation_741.png,1.0,0.0,0.0,0.0,0.0,0.0
745,substation_745.png,0.0,0.0,1.0,0.0,0.0,0.0
740,substation_740.png,1.0,0.0,0.0,0.0,0.0,0.0
744,substation_744.png,1.0,0.0,1.0,0.0,0.0,0.0
736,substation_736.png,1.0,1.0,0.0,0.0,0.0,0.0
749,substation_749.png,0.0,0.0,0.0,0.0,0.0,0.0
746,substation_746.png,0.0,0.0,0.0,0.0,0.0,0.0
750,substation_750.png,5.0,0.0,1.0,0.0,0.0,0.0
748,substation_748.png,0.0,0.0,0.0,0.0,0.0,0.0
747,substation_747.png,0.0,2.0,0.0,0.0,0.0,0.0
752,substation_752.png,0.0,1.0,0.0,0.0,1.0,0.0
751,substation_751.png,3.0,0.0,0.0,0.0,0.0,0.0
753,substation_753.png,2.0,0.0,2.0,0.0,0.0,0.0
760,substation_760.png,0.0,0.0,1.0,0.0,1.0,0.0
759,substation_759.png,0.0,0.0,5.0,3.0,0.0,0.0
754,substation_754.png,6.0,0.0,2.0,0.0,0.0,0.0
755,substation_755.png,7.0,0.0,1.0,0.0,0.0,0.0
762,substation_762.png,1.0,0.0,0.0,0.0,0.0,0.0
758,substation_758.png,2.0,0.0,0.0,0.0,0.0,0.0
757,substation_757.png,2.0,0.0,0.0,0.0,0.0,0.0
761,substation_761.png,1.0,0.0,0.0,0.0,0.0,0.0
764,substation_764.png,1.0,0.0,0.0,0.0,0.0,0.0
756,substation_756.png,0.0,0.0,0.0,0.0,0.0,0.0
763,substation_763.png,2.0,0.0,0.0,0.0,0.0,0.0
765,substation_765.png,0.0,0.0,5.0,0.0,0.0,0.0
766,substation_766.png,0.0,0.0,0.0,0.0,0.0,0.0
768,substation_768.png,1.0,0.0,0.0,0.0,0.0,0.0
771,substation_771.png,0.0,0.0,0.0,0.0,0.0,0.0
769,substation_769.png,0.0,0.0,0.0,0.0,0.0,0.0
767,substation_767.png,1.0,2.0,0.0,1.0,0.0,0.0
770,substation_770.png,0.0,0.0,8.0,0.0,0.0,0.0
772,substation_772.png,0.0,0.0,0.0,0.0,0.0,0.0
773,substation_773.png,0.0,0.0,0.0,0.0,0.0,0.0
774,substation_774.png,0.0,0.0,5.0,0.0,0.0,0.0
775,substation_775.png,0.0,0.0,1.0,0.0,0.0,0.0
777,substation_777.png,1.0,0.0,0.0,0.0,0.0,0.0
779,substation_779.png,4.0,4.0,0.0,1.0,0.0,0.0
776,substation_776.png,0.0,0.0,0.0,0.0,1.0,0.0
781,substation_781.png,0.0,0.0,0.0,0.0,0.0,0.0
783,substation_783.png,2.0,0.0,0.0,0.0,0.0,0.0
780,substation_780.png,0.0,4.0,0.0,2.0,0.0,0.0
788,substation_788.png,2.0,0.0,1.0,0.0,0.0,0.0
778,substation_778.png,0.0,0.0,0.0,0.0,0.0,0.0
782,substation_782.png,2.0,0.0,1.0,0.0,0.0,0.0
785,substation_785.png,0.0,0.0,1.0,0.0,0.0,0.0
784,substation_784.png,1.0,1.0,2.0,0.0,1.0,0.0
786,substation_786.png,0.0,0.0,0.0,0.0,0.0,0.0
787,substation_787.png,0.0,0.0,0.0,0.0,0.0,0.0
789,substation_789.png,0.0,0.0,4.0,0.0,0.0,0.0
790,substation_790.png,2.0,0.0,0.0,0.0,0.0,0.0
791,substation_791.png,0.0,0.0,0.0,0.0,0.0,0.0
794,substation_794.png,0.0,0.0,0.0,0.0,1.0,0.0
793,substation_793.png,2.0,0.0,0.0,0.0,0.0,0.0
792,substation_792.png,1.0,0.0,1.0,0.0,0.0,0.0
799,substation_799.png,0.0,0.0,0.0,0.0,0.0,0.0
795,substation_795.png,0.0,0.0,22.0,0.0,0.0,0.0
796,substation_796.png,0.0,0.0,1.0,0.0,0.0,0.0
798,substation_798.png,0.0,0.0,0.0,0.0,0.0,0.0
800,substation_800.png,0.0,0.0,3.0,0.0,0.0,0.0
803,substation_803.png,3.0,0.0,0.0,0.0,0.0,0.0
801,substation_801.png,0.0,0.0,0.0,0.0,0.0,0.0
797,substation_797.png,1.0,0.0,0.0,0.0,0.0,0.0
802,substation_802.png,1.0,0.0,0.0,0.0,0.0,0.0
804,substation_804.png,0.0,0.0,3.0,0.0,0.0,0.0
806,substation_806.png,1.0,0.0,0.0,0.0,0.0,0.0
805,substation_805.png,0.0,0.0,2.0,0.0,0.0,0.0
807,substation_807.png,0.0,0.0,3.0,0.0,0.0,0.0
809,substation_809.png,0.0,1.0,0.0,0.0,0.0,0.0
810,substation_810.png,1.0,0.0,0.0,0.0,0.0,0.0
813,substation_813.png,0.0,0.0,10.0,0.0,0.0,0.0
812,substation_812.png,0.0,0.0,0.0,0.0,0.0,0.0
808,substation_808.png,1.0,0.0,0.0,0.0,0.0,0.0
811,substation_811.png,0.0,0.0,0.0,0.0,0.0,0.0
814,substation_814.png,3.0,0.0,3.0,0.0,0.0,0.0
817,substation_817.png,2.0,0.0,9.0,0.0,0.0,0.0
816,substation_816.png,0.0,0.0,0.0,0.0,1.0,0.0
815,substation_815.png,0.0,0.0,3.0,0.0,0.0,0.0
818,substation_818.png,0.0,1.0,0.0,0.0,0.0,0.0
820,substation_820.png,0.0,0.0,0.0,0.0,0.0,0.0
819,substation_819.png,0.0,0.0,0.0,0.0,0.0,0.0
822,substation_822.png,0.0,0.0,1.0,0.0,0.0,0.0
826,substation_826.png,0.0,0.0,5.0,0.0,0.0,0.0
823,substation_823.png,0.0,0.0,0.0,0.0,1.0,0.0
824,substation_824.png,3.0,0.0,0.0,0.0,0.0,0.0
828,substation_828.png,0.0,0.0,8.0,0.0,0.0,0.0
827,substation_827.png,0.0,0.0,6.0,0.0,0.0,0.0
821,substation_821.png,0.0,0.0,0.0,0.0,0.0,0.0
830,substation_830.png,0.0,0.0,0.0,0.0,0.0,0.0
829,substation_829.png,0.0,0.0,0.0,0.0,0.0,0.0
831,substation_831.png,0.0,0.0,0.0,0.0,0.0,0.0
833,substation_833.png,0.0,0.0,0.0,0.0,0.0,0.0
834,substation_834.png,0.0,0.0,0.0,0.0,0.0,0.0
836,substation_836.png,0.0,0.0,0.0,0.0,0.0,0.0
832,substation_832.png,0.0,0.0,5.0,0.0,0.0,0.0
835,substation_835.png,2.0,0.0,4.0,0.0,0.0,0.0
839,substation_839.png,0.0,0.0,0.0,0.0,0.0,0.0
837,substation_837.png,1.0,0.0,0.0,0.0,0.0,0.0
841,substation_841.png,0.0,0.0,0.0,0.0,0.0,0.0
840,substation_840.png,2.0,0.0,0.0,1.0,0.0,0.0
842,substation_842.png,6.0,0.0,7.0,0.0,0.0,0.0
843,substation_843.png,3.0,1.0,1.0,0.0,0.0,0.0
845,substation_845.png,0.0,0.0,0.0,0.0,0.0,0.0
846,substation_846.png,0.0,0.0,0.0,0.0,0.0,0.0
847,substation_847.png,1.0,0.0,3.0,0.0,0.0,0.0
848,substation_848.png,2.0,0.0,3.0,0.0,0.0,0.0
838,substation_838.png,1.0,0.0,1.0,0.0,0.0,0.0
844,substation_844.png,0.0,0.0,0.0,0.0,1.0,0.0
850,substation_850.png,0.0,0.0,2.0,0.0,0.0,0.0
849,substation_849.png,0.0,0.0,0.0,0.0,0.0,0.0
852,substation_852.png,2.0,0.0,3.0,0.0,0.0,0.0
858,substation_858.png,1.0,0.0,0.0,0.0,1.0,0.0
859,substation_859.png,0.0,0.0,0.0,0.0,1.0,0.0
853,substation_853.png,1.0,0.0,1.0,0.0,0.0,0.0
854,substation_854.png,4.0,0.0,6.0,0.0,0.0,0.0
857,substation_857.png,0.0,0.0,0.0,0.0,1.0,0.0
855,substation_855.png,0.0,0.0,0.0,0.0,1.0,0.0
851,substation_851.png,2.0,0.0,0.0,0.0,0.0,0.0
856,substation_856.png,0.0,0.0,1.0,0.0,1.0,0.0
860,substation_860.png,0.0,0.0,0.0,0.0,1.0,0.0
861,substation_861.png,2.0,0.0,2.0,0.0,0.0,1.0
862,substation_862.png,3.0,0.0,0.0,0.0,1.0,0.0
863,substation_863.png,0.0,0.0,0.0,0.0,0.0,0.0
868,substation_868.png,3.0,1.0,10.0,0.0,0.0,0.0
864,substation_864.png,0.0,0.0,0.0,0.0,0.0,0.0
865,substation_865.png,2.0,0.0,6.0,0.0,0.0,0.0
870,substation_870.png,1.0,0.0,0.0,0.0,0.0,0.0
866,substation_866.png,0.0,4.0,0.0,2.0,0.0,0.0
867,substation_867.png,1.0,0.0,0.0,2.0,0.0,0.0
869,substation_869.png,0.0,0.0,6.0,0.0,0.0,0.0
871,substation_871.png,1.0,0.0,0.0,0.0,0.0,0.0
872,substation_872.png,1.0,0.0,0.0,1.0,0.0,0.0
873,substation_873.png,0.0,4.0,1.0,0.0,0.0,0.0
874,substation_874.png,0.0,0.0,0.0,0.0,0.0,0.0
875,substation_875.png,0.0,0.0,0.0,0.0,0.0,0.0
876,substation_876.png,0.0,0.0,0.0,0.0,0.0,0.0
881,substation_881.png,0.0,0.0,8.0,0.0,0.0,0.0
878,substation_878.png,0.0,1.0,9.0,0.0,0.0,0.0
880,substation_880.png,2.0,0.0,2.0,0.0,0.0,0.0
882,substation_882.png,1.0,0.0,0.0,0.0,0.0,0.0
885,substation_885.png,0.0,0.0,5.0,0.0,0.0,0.0
879,substation_879.png,0.0,0.0,7.0,0.0,0.0,0.0
877,substation_877.png,0.0,0.0,0.0,0.0,0.0,0.0
883,substation_883.png,0.0,0.0,0.0,0.0,0.0,0.0
886,substation_886.png,1.0,0.0,3.0,0.0,0.0,0.0
884,substation_884.png,3.0,0.0,2.0,0.0,0.0,0.0
887,substation_887.png,0.0,0.0,2.0,0.0,0.0,0.0
889,substation_889.png,1.0,0.0,2.0,0.0,0.0,0.0
891,substation_891.png,0.0,0.0,0.0,0.0,0.0,0.0
890,substation_890.png,0.0,0.0,0.0,0.0,0.0,0.0
894,substation_894.png,1.0,0.0,0.0,0.0,0.0,0.0
888,substation_888.png,3.0,0.0,1.0,0.0,0.0,0.0
895,substation_895.png,0.0,0.0,2.0,0.0,1.0,0.0
893,substation_893.png,0.0,0.0,0.0,1.0,1.0,0.0
896,substation_896.png,3.0,0.0,0.0,0.0,0.0,0.0
892,substation_892.png,0.0,0.0,0.0,0.0,1.0,0.0
897,substation_897.png,2.0,0.0,0.0,0.0,0.0,0.0
898,substation_898.png,0.0,1.0,10.0,1.0,0.0,0.0
899,substation_899.png,0.0,0.0,3.0,0.0,0.0,0.0
902,substation_902.png,0.0,0.0,0.0,0.0,0.0,0.0
906,substation_906.png,2.0,0.0,2.0,0.0,0.0,0.0
900,substation_900.png,0.0,0.0,1.0,1.0,0.0,0.0
905,substation_905.png,0.0,0.0,0.0,0.0,0.0,0.0
901,substation_901.png,0.0,0.0,0.0,0.0,1.0,0.0
904,substation_904.png,2.0,0.0,0.0,0.0,1.0,0.0
909,substation_909.png,3.0,0.0,2.0,0.0,0.0,0.0
910,substation_910.png,0.0,1.0,1.0,0.0,0.0,0.0
903,substation_903.png,0.0,0.0,0.0,0.0,1.0,0.0
907,substation_907.png,0.0,0.0,0.0,0.0,0.0,0.0
911,substation_911.png,0.0,0.0,0.0,0.0,0.0,0.0
913,substation_913.png,3.0,0.0,3.0,0.0,0.0,0.0
908,substation_908.png,6.0,0.0,0.0,0.0,0.0,0.0
912,substation_912.png,1.0,0.0,0.0,0.0,0.0,0.0
916,substation_916.png,0.0,0.0,0.0,0.0,0.0,0.0
914,substation_914.png,0.0,0.0,0.0,0.0,0.0,1.0
915,substation_915.png,0.0,0.0,1.0,0.0,0.0,0.0
917,substation_917.png,0.0,0.0,5.0,0.0,0.0,0.0
919,substation_919.png,1.0,0.0,3.0,0.0,0.0,0.0
918,substation_918.png,3.0,0.0,4.0,0.0,0.0,0.0
920,substation_920.png,0.0,0.0,0.0,0.0,1.0,0.0
921,substation_921.png,0.0,0.0,0.0,0.0,0.0,0.0
923,substation_923.png,0.0,0.0,0.0,0.0,0.0,0.0
922,substation_922.png,0.0,0.0,0.0,0.0,0.0,0.0
924,substation_924.png,0.0,0.0,0.0,0.0,1.0,0.0
926,substation_926.png,1.0,0.0,0.0,0.0,0.0,0.0
932,substation_932.png,1.0,0.0,0.0,0.0,0.0,0.0
927,substation_927.png,0.0,0.0,0.0,0.0,0.0,0.0
925,substation_925.png,2.0,0.0,3.0,0.0,0.0,0.0
931,substation_931.png,0.0,0.0,0.0,0.0,0.0,0.0
929,substation_929.png,3.0,0.0,5.0,0.0,0.0,0.0
933,substation_933.png,0.0,0.0,0.0,0.0,0.0,0.0
928,substation_928.png,0.0,0.0,0.0,0.0,1.0,0.0
930,substation_930.png,0.0,0.0,0.0,0.0,0.0,0.0
934,substation_934.png,0.0,0.0,0.0,0.0,1.0,0.0
936,substation_936.png,0.0,0.0,0.0,0.0,0.0,0.0
942,substation_942.png,7.0,1.0,7.0,0.0,0.0,0.0
939,substation_939.png,3.0,0.0,3.0,0.0,0.0,0.0
937,substation_937.png,1.0,0.0,5.0,0.0,0.0,0.0
940,substation_940.png,4.0,0.0,4.0,0.0,0.0,0.0
941,substation_941.png,3.0,0.0,6.0,0.0,0.0,0.0
938,substation_938.png,2.0,0.0,2.0,0.0,0.0,0.0
946,substation_946.png,0.0,0.0,0.0,0.0,0.0,0.0
945,substation_945.png,2.0,0.0,4.0,0.0,0.0,0.0
944,substation_944.png,0.0,0.0,0.0,0.0,0.0,0.0
935,substation_935.png,1.0,0.0,0.0,0.0,0.0,0.0
943,substation_943.png,0.0,0.0,0.0,0.0,0.0,0.0
947,substation_947.png,1.0,0.0,0.0,0.0,0.0,0.0
950,substation_950.png,0.0,0.0,1.0,0.0,0.0,0.0
948,substation_948.png,4.0,0.0,1.0,0.0,1.0,0.0
949,substation_949.png,1.0,0.0,3.0,0.0,0.0,0.0
951,substation_951.png,2.0,0.0,1.0,0.0,0.0,0.0
957,substation_957.png,0.0,0.0,0.0,2.0,0.0,0.0
952,substation_952.png,0.0,0.0,0.0,0.0,0.0,0.0
953,substation_953.png,0.0,1.0,0.0,0.0,0.0,0.0
958,substation_958.png,0.0,2.0,12.0,2.0,0.0,0.0
954,substation_954.png,0.0,0.0,2.0,0.0,1.0,0.0
956,substation_956.png,1.0,0.0,0.0,0.0,0.0,0.0
955,substation_955.png,2.0,0.0,5.0,0.0,0.0,0.0
959,substation_959.png,0.0,0.0,1.0,0.0,0.0,0.0
961,substation_961.png,1.0,0.0,11.0,0.0,0.0,0.0
963,substation_963.png,4.0,0.0,0.0,0.0,0.0,0.0
962,substation_962.png,0.0,0.0,2.0,0.0,0.0,0.0
964,substation_964.png,3.0,0.0,0.0,0.0,0.0,0.0
965,substation_965.png,2.0,0.0,1.0,0.0,0.0,0.0
966,substation_966.png,2.0,0.0,0.0,0.0,0.0,0.0
967,substation_967.png,1.0,0.0,21.0,0.0,0.0,0.0
960,substation_960.png,4.0,0.0,0.0,0.0,0.0,0.0
970,substation_970.png,1.0,1.0,0.0,1.0,0.0,0.0
971,substation_971.png,1.0,0.0,2.0,0.0,0.0,0.0
969,substation_969.png,0.0,0.0,0.0,0.0,0.0,0.0
968,substation_968.png,2.0,1.0,0.0,0.0,0.0,0.0
974,substation_974.png,1.0,0.0,1.0,0.0,0.0,0.0
973,substation_973.png,4.0,0.0,6.0,0.0,0.0,0.0
972,substation_972.png,1.0,0.0,11.0,0.0,0.0,0.0
975,substation_975.png,0.0,0.0,2.0,0.0,0.0,0.0
982,substation_982.png,0.0,0.0,0.0,0.0,0.0,0.0
976,substation_976.png,0.0,0.0,3.0,0.0,0.0,0.0
979,substation_979.png,1.0,0.0,0.0,0.0,0.0,0.0
978,substation_978.png,0.0,0.0,8.0,1.0,0.0,0.0
981,substation_981.png,0.0,0.0,1.0,0.0,0.0,0.0
977,substation_977.png,1.0,0.0,1.0,0.0,0.0,0.0
983,substation_983.png,4.0,0.0,0.0,0.0,0.0,0.0
980,substation_980.png,1.0,0.0,0.0,0.0,1.0,0.0
984,substation_984.png,0.0,0.0,1.0,0.0,0.0,0.0
987,substation_987.png,2.0,0.0,0.0,1.0,0.0,0.0
986,substation_986.png,0.0,0.0,0.0,0.0,0.0,0.0
985,substation_985.png,0.0,0.0,0.0,0.0,0.0,0.0
992,substation_992.png,0.0,4.0,0.0,0.0,0.0,0.0
988,substation_988.png,0.0,0.0,0.0,0.0,0.0,0.0
989,substation_989.png,0.0,0.0,0.0,0.0,0.0,0.0
991,substation_991.png,2.0,0.0,1.0,0.0,0.0,0.0
990,substation_990.png,0.0,0.0,1.0,0.0,0.0,0.0
993,substation_993.png,0.0,1.0,0.0,0.0,0.0,0.0
995,substation_995.png,0.0,0.0,0.0,0.0,0.0,0.0
996,substation_996.png,0.0,0.0,14.0,0.0,0.0,0.0
994,substation_994.png,1.0,0.0,0.0,0.0,0.0,0.0
997,substation_997.png,3.0,0.0,3.0,0.0,0.0,0.0
998,substation_998.png,0.0,0.0,0.0,0.0,0.0,0.0
1000,substation_1000.png,0.0,0.0,0.0,0.0,0.0,0.0
999,substation_999.png,0.0,0.0,19.0,0.0,0.0,0.0
1002,substation_1002.png,0.0,0.0,10.0,0.0,0.0,0.0
1006,substation_1006.png,0.0,0.0,0.0,0.0,0.0,0.0
1001,substation_1001.png,1.0,0.0,7.0,0.0,0.0,0.0
1003,substation_1003.png,1.0,0.0,0.0,1.0,0.0,0.0
1004,substation_1004.png,1.0,0.0,0.0,0.0,0.0,0.0
1005,substation_1005.png,0.0,0.0,1.0,0.0,0.0,0.0
1007,substation_1007.png,0.0,0.0,0.0,0.0,0.0,0.0
1008,substation_1008.png,0.0,0.0,0.0,0.0,0.0,0.0
1009,substation_1009.png,0.0,0.0,0.0,0.0,0.0,0.0
1010,substation_1010.png,1.0,0.0,0.0,0.0,0.0,0.0
1015,substation_1015.png,0.0,0.0,0.0,0.0,0.0,0.0
1017,substation_1017.png,4.0,0.0,0.0,0.0,0.0,0.0
1011,substation_1011.png,0.0,0.0,0.0,0.0,0.0,0.0
1012,substation_1012.png,1.0,0.0,0.0,0.0,0.0,0.0
1013,substation_1013.png,2.0,0.0,0.0,0.0,1.0,0.0
1016,substation_1016.png,0.0,0.0,0.0,1.0,0.0,0.0
1014,substation_1014.png,0.0,0.0,0.0,0.0,0.0,0.0
1021,substation_1021.png,2.0,0.0,1.0,0.0,0.0,0.0
1018,substation_1018.png,0.0,0.0,0.0,0.0,0.0,0.0
1019,substation_1019.png,0.0,0.0,0.0,0.0,0.0,0.0
1020,substation_1020.png,0.0,0.0,1.0,0.0,0.0,0.0
1022,substation_1022.png,3.0,0.0,0.0,0.0,0.0,0.0
1025,substation_1025.png,1.0,0.0,0.0,0.0,0.0,0.0
1026,substation_1026.png,0.0,0.0,1.0,0.0,0.0,0.0
1023,substation_1023.png,0.0,0.0,0.0,5.0,0.0,0.0
1024,substation_1024.png,1.0,0.0,2.0,0.0,0.0,0.0
1027,substation_1027.png,0.0,0.0,5.0,0.0,0.0,0.0
1031,substation_1031.png,0.0,0.0,0.0,0.0,1.0,0.0
1030,substation_1030.png,2.0,0.0,3.0,0.0,0.0,0.0
1028,substation_1028.png,0.0,0.0,0.0,0.0,0.0,0.0
1032,substation_1032.png,1.0,0.0,1.0,0.0,0.0,0.0
1029,substation_1029.png,0.0,0.0,0.0,0.0,0.0,0.0
1034,substation_1034.png,4.0,0.0,1.0,0.0,0.0,0.0
1035,substation_1035.png,0.0,2.0,1.0,1.0,0.0,0.0
1036,substation_1036.png,1.0,0.0,0.0,0.0,0.0,0.0
1037,substation_1037.png,0.0,0.0,11.0,0.0,0.0,0.0
1033,substation_1033.png,0.0,2.0,4.0,0.0,0.0,0.0
1041,substation_1041.png,0.0,0.0,0.0,0.0,0.0,0.0
1038,substation_1038.png,1.0,0.0,0.0,0.0,0.0,0.0
1042,substation_1042.png,0.0,2.0,0.0,0.0,0.0,0.0
1045,substation_1045.png,3.0,0.0,0.0,1.0,0.0,0.0
1040,substation_1040.png,2.0,0.0,0.0,0.0,1.0,0.0
1044,substation_1044.png,3.0,0.0,0.0,0.0,0.0,0.0
1039,substation_1039.png,0.0,0.0,0.0,0.0,0.0,0.0
1047,substation_1047.png,0.0,0.0,1.0,1.0,0.0,0.0
1043,substation_1043.png,0.0,1.0,0.0,0.0,0.0,0.0
1046,substation_1046.png,0.0,0.0,0.0,0.0,0.0,0.0
1048,substation_1048.png,0.0,0.0,4.0,0.0,0.0,0.0
1054,substation_1054.png,0.0,0.0,1.0,0.0,0.0,0.0
1052,substation_1052.png,3.0,0.0,0.0,0.0,0.0,0.0
1053,substation_1053.png,0.0,0.0,0.0,0.0,0.0,0.0
1050,substation_1050.png,0.0,0.0,0.0,0.0,0.0,0.0
1049,substation_1049.png,1.0,0.0,0.0,0.0,0.0,0.0
1056,substation_1056.png,2.0,0.0,9.0,0.0,0.0,0.0
1051,substation_1051.png,0.0,0.0,0.0,0.0,0.0,0.0
1055,substation_1055.png,2.0,0.0,4.0,0.0,0.0,0.0
1059,substation_1059.png,0.0,0.0,1.0,0.0,0.0,0.0
1058,substation_1058.png,0.0,0.0,1.0,0.0,0.0,0.0
1064,substation_1064.png,0.0,0.0,0.0,1.0,0.0,0.0
1057,substation_1057.png,1.0,0.0,10.0,0.0,0.0,0.0
1061,substation_1061.png,1.0,0.0,0.0,0.0,0.0,0.0
1063,substation_1063.png,1.0,1.0,4.0,0.0,0.0,0.0
1065,substation_1065.png,0.0,0.0,0.0,0.0,0.0,0.0
1066,substation_1066.png,0.0,0.0,0.0,0.0,0.0,0.0
1062,substation_1062.png,2.0,1.0,0.0,0.0,0.0,0.0
1067,substation_1067.png,0.0,0.0,0.0,0.0,1.0,0.0
1060,substation_1060.png,0.0,0.0,0.0,0.0,0.0,0.0
1068,substation_1068.png,0.0,0.0,0.0,0.0,0.0,0.0
1069,substation_1069.png,0.0,0.0,1.0,0.0,0.0,0.0
1072,substation_1072.png,0.0,0.0,0.0,1.0,0.0,0.0
1071,substation_1071.png,1.0,0.0,0.0,0.0,0.0,0.0
1073,substation_1073.png,1.0,0.0,0.0,0.0,0.0,0.0
1074,substation_1074.png,1.0,0.0,0.0,0.0,0.0,0.0
1070,substation_1070.png,0.0,0.0,0.0,0.0,1.0,0.0
1077,substation_1077.png,0.0,0.0,5.0,0.0,0.0,0.0
1079,substation_1079.png,1.0,1.0,0.0,0.0,0.0,0.0
1076,substation_1076.png,3.0,0.0,0.0,0.0,0.0,0.0
1078,substation_1078.png,0.0,0.0,0.0,0.0,0.0,0.0
1080,substation_1080.png,1.0,0.0,0.0,0.0,0.0,0.0
1075,substation_1075.png,0.0,0.0,0.0,0.0,0.0,0.0
1081,substation_1081.png,0.0,0.0,0.0,0.0,0.0,0.0
1084,substation_1084.png,1.0,0.0,0.0,0.0,0.0,0.0
1085,substation_1085.png,0.0,1.0,2.0,0.0,0.0,0.0
1082,substation_1082.png,1.0,0.0,2.0,0.0,0.0,0.0
1083,substation_1083.png,1.0,0.0,0.0,0.0,0.0,0.0
8,substation_8.png,0.0,0.0,0.0,0.0,0.0,0.0
9,substation_9.png,0.0,0.0,6.0,0.0,0.0,0.0
0,substation_0.png,1.0,0.0,0.0,0.0,1.0,0.0
5,substation_5.png,0.0,0.0,3.0,0.0,0.0,0.0
10,substation_10.png,1.0,0.0,0.0,0.0,0.0,0.0
11,substation_11.png,0.0,0.0,0.0,0.0,0.0,0.0
2,substation_2.png,0.0,0.0,1.0,0.0,0.0,0.0
4,substation_4.png,0.0,0.0,0.0,0.0,0.0,0.0
3,substation_3.png,0.0,0.0,0.0,1.0,0.0,0.0
6,substation_6.png,1.0,0.0,1.0,0.0,0.0,0.0
7,substation_7.png,1.0,0.0,0.0,0.0,0.0,0.0
12,substation_12.png,0.0,0.0,0.0,0.0,1.0,0.0
17,substation_17.png,0.0,0.0,9.0,0.0,0.0,0.0
13,substation_13.png,0.0,0.0,0.0,0.0,0.0,0.0
1,substation_1.png,4.0,1.0,1.0,0.0,0.0,0.0
23,substation_23.png,0.0,0.0,3.0,0.0,0.0,0.0
16,substation_16.png,4.0,0.0,9.0,0.0,0.0,0.0
14,substation_14.png,0.0,0.0,2.0,0.0,0.0,0.0
18,substation_18.png,2.0,0.0,0.0,0.0,0.0,0.0
19,substation_19.png,3.0,0.0,0.0,1.0,1.0,0.0
20,substation_20.png,0.0,0.0,1.0,0.0,0.0,0.0
21,substation_21.png,0.0,0.0,0.0,1.0,0.0,0.0
24,substation_24.png,0.0,2.0,2.0,0.0,0.0,0.0
15,substation_15.png,0.0,0.0,6.0,0.0,0.0,0.0
25,substation_25.png,0.0,0.0,0.0,0.0,1.0,0.0
26,substation_26.png,3.0,0.0,0.0,0.0,0.0,0.0
22,substation_22.png,0.0,0.0,2.0,0.0,0.0,0.0
28,substation_28.png,3.0,0.0,0.0,0.0,0.0,0.0
36,substation_36.png,1.0,0.0,5.0,0.0,0.0,0.0
29,substation_29.png,0.0,0.0,0.0,0.0,0.0,0.0
37,substation_37.png,0.0,0.0,0.0,0.0,0.0,0.0
27,substation_27.png,1.0,0.0,0.0,0.0,0.0,0.0
34,substation_34.png,0.0,0.0,0.0,0.0,1.0,0.0
32,substation_32.png,1.0,0.0,0.0,0.0,1.0,0.0
30,substation_30.png,0.0,2.0,1.0,0.0,0.0,0.0
35,substation_35.png,0.0,0.0,8.0,0.0,0.0,0.0
38,substation_38.png,0.0,0.0,0.0,0.0,0.0,0.0
33,substation_33.png,3.0,0.0,0.0,0.0,0.0,0.0
31,substation_31.png,0.0,0.0,0.0,0.0,0.0,0.0
39,substation_39.png,4.0,0.0,2.0,0.0,0.0,0.0
40,substation_40.png,2.0,0.0,1.0,1.0,0.0,0.0
43,substation_43.png,0.0,0.0,1.0,0.0,0.0,0.0
41,substation_41.png,2.0,0.0,3.0,1.0,0.0,0.0
45,substation_45.png,1.0,0.0,0.0,0.0,0.0,0.0
42,substation_42.png,0.0,0.0,0.0,0.0,0.0,0.0
46,substation_46.png,0.0,0.0,0.0,0.0,0.0,0.0
48,substation_48.png,0.0,0.0,0.0,0.0,0.0,0.0
44,substation_44.png,0.0,0.0,2.0,0.0,0.0,0.0
51,substation_51.png,3.0,0.0,0.0,0.0,0.0,0.0
50,substation_50.png,3.0,0.0,0.0,0.0,0.0,0.0
47,substation_47.png,0.0,0.0,2.0,0.0,0.0,0.0
54,substation_54.png,0.0,0.0,0.0,0.0,0.0,0.0
57,substation_57.png,1.0,0.0,0.0,0.0,0.0,0.0
49,substation_49.png,0.0,0.0,1.0,0.0,0.0,0.0
53,substation_53.png,1.0,0.0,0.0,0.0,0.0,0.0
52,substation_52.png,0.0,0.0,0.0,0.0,0.0,0.0
56,substation_56.png,0.0,0.0,0.0,0.0,0.0,0.0
55,substation_55.png,0.0,0.0,0.0,0.0,0.0,0.0
60,substation_60.png,1.0,0.0,1.0,0.0,0.0,0.0
63,substation_63.png,3.0,0.0,0.0,0.0,0.0,0.0
59,substation_59.png,0.0,3.0,1.0,0.0,0.0,0.0
62,substation_62.png,1.0,0.0,0.0,0.0,0.0,0.0
68,substation_68.png,1.0,0.0,0.0,0.0,0.0,0.0
64,substation_64.png,0.0,0.0,11.0,0.0,0.0,0.0
65,substation_65.png,0.0,0.0,0.0,1.0,0.0,0.0
61,substation_61.png,3.0,0.0,0.0,0.0,0.0,0.0
66,substation_66.png,0.0,0.0,0.0,0.0,0.0,0.0
67,substation_67.png,0.0,0.0,7.0,1.0,0.0,0.0
69,substation_69.png,1.0,0.0,1.0,0.0,0.0,0.0
58,substation_58.png,0.0,0.0,0.0,0.0,0.0,0.0
70,substation_70.png,1.0,0.0,0.0,0.0,0.0,0.0
71,substation_71.png,0.0,0.0,5.0,0.0,0.0,0.0
72,substation_72.png,0.0,0.0,0.0,0.0,0.0,0.0
78,substation_78.png,1.0,0.0,0.0,0.0,0.0,0.0
75,substation_75.png,0.0,0.0,0.0,0.0,0.0,0.0
76,substation_76.png,0.0,0.0,0.0,0.0,0.0,0.0
74,substation_74.png,0.0,0.0,9.0,0.0,0.0,0.0
79,substation_79.png,1.0,0.0,1.0,0.0,0.0,0.0
73,substation_73.png,0.0,0.0,0.0,0.0,0.0,0.0
77,substation_77.png,0.0,0.0,0.0,0.0,0.0,0.0
81,substation_81.png,1.0,0.0,0.0,0.0,0.0,0.0
80,substation_80.png,0.0,0.0,0.0,0.0,0.0,0.0
82,substation_82.png,0.0,0.0,0.0,1.0,0.0,0.0
83,substation_83.png,0.0,0.0,1.0,0.0,0.0,0.0
85,substation_85.png,5.0,0.0,0.0,0.0,1.0,0.0
