id,latitude,longitude,resolution
3,41.64351175958811,-90.5304058843401,2048
10,34.95572250250735,-79.73428481532655,2048
4,41.6444650503758,-90.5293194605464,2048
5,41.79101586450214,-90.29537464058195,2048
6,41.81098812539779,-90.53581554000796,2048
8,39.13325892775368,-94.48216595175504,2048
0,36.3769931458489,-82.96123103819706,2048
7,39.12985713864353,-94.47964984909856,2048
11,34.95647188416356,-79.73407113127253,2048
2,41.61241300194337,-90.56609320468333,2048
9,36.58722574029518,-90.17947447716914,2048
1,36.46070044556321,-82.80789149872477,2048
12,38.996757885969714,-94.19086791615808,2048
13,39.00933125193598,-94.25553652280114,2048
17,28.48375693922934,-81.45480192181493,2048
23,35.939765799389974,-89.71964797211612,2048
19,34.8856010427125,-83.97351768288169,2048
18,34.85872082647503,-84.0999886745394,2048
16,28.47098873476222,-81.44088812710635,2048
22,35.931932532314256,-89.7334818348368,2048
14,43.9318262062915,-70.20327037247317,2048
21,35.89938254233634,-89.78268045111962,2048
24,35.93992631333516,-89.71845316976253,2048
25,35.92052813296592,-89.76786141381676,2048
20,35.899413731345845,-89.78394778659185,2048
15,43.95359161761926,-69.69545247809143,2048
26,40.19312364654154,-78.93041227644318,2048
28,40.517176646592205,-79.19324130399,2048
36,40.25416679017432,-74.11846467341255,2048
29,35.60755475799655,-84.4518118250012,2048
27,40.29648669385786,-78.97922980260114,2048
37,40.25795141483688,-74.11847032495339,2048
33,34.589459722480775,-78.97442843258916,2048
30,35.72004381113168,-84.36020791868295,2048
38,40.29319082530509,-74.08125149991396,2048
34,47.07179748647048,-101.19595060861847,2048
32,36.85398944383346,-93.31031397469928,2048
35,47.07182622869692,-101.19908251375398,2048
39,40.339045663212296,-74.07088492064096,2048
31,35.72063071279402,-84.35925734509152,2048
40,41.46508190361136,-94.66158513670014,2048
41,41.46526613447452,-94.6065298649314,2048
42,35.00183816937712,-85.62162198902269,2048
45,37.028361448782064,-76.42968634818219,2048
43,46.08793157099988,-98.90383997943282,2048
46,37.03071784778652,-76.43133559166984,2048
48,33.64437364600726,-87.19669028351161,2048
44,46.10488807414571,-98.978187076676,2048
51,37.02992700260762,-76.36705025230239,2048
52,34.98608122510514,-90.7822297008284,2048
47,33.630529643100544,-87.05566643324194,2048
50,36.98661163051056,-76.43038552042786,2048
53,34.967370650153995,-90.45179774976896,2048
54,35.06225665724756,-85.33339910422079,2048
49,33.64609274134228,-87.19660729536761,2048
57,35.10613626990263,-85.24596707765893,2048
55,35.10282044168762,-85.25961911558672,2048
56,35.101144020640284,-85.22947260217238,2048
60,48.83324527769563,-95.32907641905192,2048
63,35.94503291891853,-84.38856437318898,2048
59,35.15736330125784,-81.43362794787075,2048
62,36.16227677076187,-85.53564178005516,2048
65,36.21332551289084,-95.27909444662804,2048
64,36.21316321330554,-95.27774455974122,2048
68,41.62978967989682,-87.5004980501228,2048
66,36.147173673314754,-95.14843658226752,2048
58,35.076296447034046,-81.57428131095946,2048
61,36.2821199322966,-85.46765524383824,2048
67,36.222895898557546,-95.25330993942936,2048
69,41.63514850721334,-87.50712779808735,2048
70,41.64518005334085,-87.5121230918459,2048
71,41.65888494609903,-87.51062391548449,2048
72,40.71312783799377,-75.51812023610468,2048
78,41.002327549380574,-76.50692616803454,2048
76,30.56054838968736,-81.85030127214789,2048
74,40.80033283670311,-75.10856560034816,2048
75,35.467538320741824,-84.58661288079132,2048
79,41.072630491035454,-76.66384308595931,2048
73,40.79962610799154,-75.1106284022157,2048
77,30.57120002443169,-81.83935420393934,2048
80,38.77046161398447,-93.6546724320506,2048
81,36.381594069027,-86.555353184858,2048
82,36.95371307442042,-93.71772177553368,2048
83,38.5636388946624,-90.83472206598324,2048
85,39.0459502363066,-76.67690325964364,2048
84,37.0152067291373,-86.36224249355016,2048
86,39.0152674203915,-76.77203385714462,2048
87,37.00005927568488,-76.41839653246656,2048
88,34.937030184489096,-92.43852615252716,2048
89,35.24322482684791,-92.71377025135884,2048
93,43.21082979976614,-84.8301088013279,2048
90,43.0000303384474,-85.41540713455521,2048
92,43.20351241097073,-85.07393999147978,2048
91,43.04398182808329,-85.43415016812817,2048
94,26.60781550027851,-80.22293370029455,2048
96,26.44629530715673,-80.08867490276829,2048
95,26.674964818650658,-80.21947309382921,2048
97,26.50627235919209,-80.07781244784947,2048
101,37.34688202387946,-88.68976023140752,2048
98,26.53788966039709,-80.12565541325267,2048
99,26.675196906091998,-80.22077777478584,2048
102,42.18796603565137,-71.73746958685764,2048
104,42.274052543918366,-71.73553759549662,2048
105,42.35114946623945,-71.76780201529733,2048
103,42.23295468348414,-71.72997043407558,2048
100,37.09818644732213,-88.29196124559147,2048
108,38.94813739085287,-77.32839854211548,2048
106,42.3603069622795,-71.77590630330752,2048
107,38.93166777969477,-77.30377796497673,2048
109,38.95294659254056,-77.34565504222344,2048
111,30.05815562121933,-81.5289461811955,2048
112,30.07407334519212,-81.60156471412586,2048
110,28.857766017825345,-81.80010646338678,2048
113,35.931094086352914,-85.48986674252421,2048
115,46.75110465449242,-92.1995518515841,2048
117,35.69206261335258,-91.44335092350352,2048
118,42.90993350571895,-86.20015128498352,2048
121,41.51654307274401,-90.42065183072614,2048
122,41.53500035788949,-90.39409701966854,2048
120,42.915171491696974,-86.19088051236372,2048
123,34.25077349776256,-77.88647710394842,2048
119,42.910533966554176,-86.19632455617823,2048
125,35.140326993851886,-78.91188960512976,2048
116,35.67998125596047,-91.41263059843256,2048
114,36.02884693594012,-85.53795733966919,2048
124,35.7992459722233,-78.8057836121365,2048
126,33.6974158870975,-86.90012946932825,2048
127,38.86538451755417,-92.25576121155216,2048
129,37.42013807495133,-76.91195250883233,2048
134,37.66865232669839,-85.90239844304777,2048
128,38.86910387549357,-92.37295845911396,2048
135,37.60488409336696,-85.24994643046374,2048
138,37.79399242171936,-84.720749596074,2048
133,41.29145802921849,-79.8082172026597,2048
130,37.49002253706063,-76.86230347173064,2048
131,32.22915971361624,-86.260616940089,2048
137,37.79344764765651,-84.71664096339319,2048
132,32.32564100964443,-86.29267470536128,2048
136,37.60511979386179,-85.24822293028448,2048
140,34.44985258640012,-88.10087140646792,2048
139,34.32523815321025,-88.17949799766805,2048
141,40.53078882750376,-74.34719149513862,2048
143,40.54858776585221,-74.32359399058875,2048
144,40.45576670075995,-78.03609620005383,2048
142,40.53129029463062,-74.34687598480045,2048
145,40.5803125505391,-77.59022637390605,2048
146,35.20267981872079,-85.22176495960016,2048
150,38.69498396991277,-77.26074023245138,2048
148,37.09138233245214,-76.38873817768032,2048
147,35.05601995058283,-77.20902010056304,2048
149,37.12661166669482,-76.44037531337534,2048
157,30.19791893516423,-90.99159290226136,2048
151,38.713128193279445,-77.26912412358816,2048
152,41.222799050000575,-86.62164145000295,2048
154,41.70670536247449,-86.48371887224144,2048
156,30.197349762945382,-90.99213406762148,2048
155,30.186739094249063,-90.98589390475364,2048
153,40.77125133864683,-86.86733450259656,2048
159,42.01016342218357,-71.67370194621155,2048
158,34.70884537075513,-84.92278016180516,2048
160,42.00950334261839,-71.66952895689907,2048
161,35.96263323419376,-83.53973606236985,2048
162,35.25158166708967,-84.90818369599397,2048
163,33.932563125808926,-84.61064357286745,2048
164,37.05799045321587,-76.40098019220765,2048
166,44.18881185049243,-69.99282475033299,2048
165,44.14098754380407,-70.18605900924447,2048
168,44.25286380425951,-69.77502953991647,2048
167,44.254406116257385,-69.80344816257312,2048
172,35.76961839991463,-91.17531784999744,2048
169,44.29691452741033,-69.55656391054126,2048
170,38.00745484251508,-78.02686845822079,2048
171,38.0097051179195,-78.02847029440395,2048
173,36.016785750305495,-91.01922375001556,2048
175,30.327819185792457,-91.26560944735536,2048
174,30.325469989283608,-91.26389491236446,2048
179,36.45303615213225,-93.1715606317862,2048
178,36.22124484287156,-93.0725184553106,2048
182,41.19136367061755,-103.0487719690351,2048
176,39.03427990014909,-94.22782293544458,2048
177,39.176840811447214,-94.18468321135184,2048
183,35.71323210006916,-84.01996204828679,2048
184,35.77428837265596,-83.97570137640963,2048
181,41.16265925505076,-102.99208033031144,2048
180,41.16168667900024,-102.99120094264904,2048
186,35.23822340682608,-94.39421530827823,2048
185,35.61926065061338,-84.78565833437445,2048
187,35.42213914367344,-94.31999672554784,2048
190,38.950187160217006,-77.19947142503543,2048
188,35.87441820027059,-92.12715765000011,2048
189,35.928118694130184,-91.93384542462933,2048
195,41.36114223480303,-81.57144277938579,2048
192,34.47810293820211,-85.68865473194111,2048
194,41.30344465272984,-81.47421978204298,2048
193,34.52298462406532,-85.77824148461075,2048
191,38.95054605638605,-77.14785654033653,2048
196,35.908084348868734,-89.91092280816275,2048
198,32.882530203373,-83.3169168723771,2048
199,33.129073401508656,-83.3160110497233,2048
197,35.91436260002433,-89.78530794999516,2048
202,27.908376516532027,-82.40878327080004,2048
201,43.63184132270249,-94.98382335361224,2048
200,33.19579589736726,-83.29793513024437,2048
206,35.950604831294754,-78.74979087129624,2048
203,27.96353579229744,-82.4273291594376,2048
205,34.612371856788734,-84.67380190761926,2048
208,28.04365992427518,-80.70674166622007,2048
204,36.018862460995905,-84.15794542019387,2048
207,28.04313751483565,-80.70785022682809,2048
213,35.74936955672469,-84.22780252798913,2048
212,32.28073052305636,-90.1878148685057,2048
209,28.1284380341076,-80.70354863086219,2048
215,26.229191828701,-80.26432691830075,2048
210,28.128981014669872,-80.70449322649615,2048
211,32.26160837989301,-90.16419785936048,2048
216,26.228932747468036,-80.23927921912556,2048
217,26.259242672705376,-80.21728562039941,2048
219,26.19620206007996,-80.29677896734107,2048
220,30.618671650371187,-85.87710074984939,2048
222,30.756728856846884,-86.27610106579839,2048
221,30.71432524367826,-86.55897766363866,2048
218,26.27904583629548,-80.1961027689977,2048
214,35.79282308413746,-84.2446437763321,2048
223,40.351100841096105,-76.36699595508391,2048
225,41.52288828704483,-86.36090594178718,2048
227,41.97484276710272,-86.5553220074026,2048
226,41.97212007611012,-86.55462945135503,2048
228,35.068082022917324,-92.4287546972874,2048
224,40.37574822850268,-76.43576342150507,2048
229,35.071587075351246,-92.41308715818452,2048
236,38.89491305708386,-77.56822564066546,2048
235,34.085281852942884,-84.51345332201659,2048
231,41.63027781646941,-88.09526485572783,2048
232,41.62485225131277,-87.93263066866783,2048
233,33.51956901645475,-88.35413723216098,2048
230,34.8287922648538,-89.20041120581313,2048
234,34.02803669817573,-84.56167999507943,2048
237,38.963835912404726,-77.54914130196636,2048
238,35.83482364286023,-84.45313436305531,2048
240,36.046611709006086,-86.60573426280774,2048
244,36.975160651882064,-93.91582812241012,2048
243,42.477851810927525,-87.89634732464292,2048
246,29.985751233575748,-90.47380913490136,2048
239,35.96657803886339,-86.52661974441845,2048
248,37.79801252381186,-87.61416840641036,2048
241,41.8021822369677,-87.82313135147898,2048
242,42.46922702448754,-87.89552500469415,2048
245,29.985828468872946,-90.47858159002472,2048
250,38.46860306674124,-81.82691528837853,2048
249,38.20489265220272,-81.4205511252708,2048
247,37.64247382261004,-87.50797455910957,2048
251,37.43715621575423,-77.15865522427859,2048
258,30.74983005270868,-90.87946420011428,2048
253,37.36322851326198,-76.80492480621399,2048
254,37.43401400025996,-77.03768209999618,2048
252,37.328268664340165,-76.75711344049579,2048
255,43.158400568636544,-83.63028661410327,2048
257,35.252195069212526,-89.58811331409792,2048
256,43.36922887668874,-83.69161540060287,2048
260,40.15972876004002,-75.11771870860127,2048
259,30.74525392026021,-91.33107750710748,2048
265,27.05695028481949,-80.56051504836142,2048
261,40.17504275819888,-75.10315365724915,2048
262,40.193761060529695,-75.09216652334104,2048
263,40.65312329029823,-86.93447812837259,2048
264,36.43929450313778,-85.24817140475369,2048
270,39.548034415305146,-92.63918465482767,2048
268,30.38414899598181,-81.81661708969368,2048
267,30.306672924160104,-81.81977238313576,2048
266,26.709596966103906,-80.37673191798,2048
274,35.219616502073926,-79.53025299833183,2048
269,35.91852940560069,-78.71714567105454,2048
276,35.33700432919535,-78.65839308766192,2048
271,35.471465731605775,-94.35951462802792,2048
275,35.22043177572944,-79.53079944548246,2048
273,39.71000350442506,-91.43548182777126,2048
272,39.7060394354549,-91.54491993678415,2048
277,39.1820252267384,-76.5357479672729,2048
279,38.64574990668439,-96.46307113394847,2048
278,36.19337648762512,-95.28893847511004,2048
283,42.83247580508965,-85.97686474939124,2048
282,42.65291358722731,-86.06611300554475,2048
281,42.58438601733623,-86.1776390007007,2048
284,34.01532122297972,-84.22398568448921,2048
280,38.44497808143485,-96.065067686184,2048
288,38.560377462687946,-76.68876373413028,2048
287,34.71011037601588,-85.92908552262833,2048
291,39.31251962854016,-94.6679766609286,2048
286,34.710044522727905,-85.93281786421352,2048
289,38.61159700026676,-76.72429488330985,2048
290,39.297655231922406,-94.69314411035684,2048
285,34.01833745759454,-84.22523502580005,2048
296,35.21905701831842,-80.33822313331382,2048
294,39.87828751306569,-86.48340964862629,2048
295,35.78198343668525,-78.45203458300585,2048
292,39.70900627975077,-86.62831574196102,2048
302,27.717687613993174,-82.40567080224417,2048
297,35.21938600896458,-80.38105744660429,2048
298,35.31293321039197,-80.69248765225491,2048
293,39.87757992181989,-86.48310286043541,2048
303,27.764659982503375,-82.3829263426848,2048
301,34.62719518452846,-85.75294822130573,2048
299,38.54051245573803,-77.27944290261277,2048
305,27.040479006445384,-80.51220990642803,2048
304,27.797046836449525,-82.3957657337014,2048
306,27.039172020538864,-80.50310471167717,2048
300,38.65471977323863,-77.28252202444904,2048
307,38.817872019203335,-77.4449093014472,2048
308,38.83202850170903,-77.46576200742219,2048
312,36.27082711260052,-83.11441285516118,2048
311,36.19721773102813,-83.23231255655608,2048
309,41.77346393179443,-89.60692340562753,2048
310,36.12036299378977,-83.29046997290949,2048
315,37.38174929380558,-77.38546046643287,2048
313,37.381047646958336,-77.38715373568535,2048
319,29.747994313228517,-90.57135218531086,2048
316,37.38188535261624,-77.38255920685984,2048
321,32.75722350003637,-89.11804274997267,2048
317,40.2090421852722,-74.70172081773826,2048
318,40.22544706916045,-74.70085361384508,2048
323,32.76727239207184,-89.11558577786798,2048
314,37.38136249496672,-77.38518451282098,2048
320,38.77195154998047,-93.83934115000442,2048
322,32.76590963379495,-89.1156636380096,2048
324,39.82200590154343,-75.39949615257432,2048
325,39.82936320442069,-75.38803490853346,2048
326,36.31455081507051,-86.39864041829578,2048
327,36.3718868770344,-86.4209486691998,2048
336,32.911454975232644,-93.44924778995131,2048
332,31.13587961929244,-87.99618857116529,2048
328,31.22033712837888,-89.39376001141842,2048
329,31.22656733377703,-89.39406093317604,2048
333,32.035050996021575,-93.56923909931211,2048
331,31.01944952849464,-88.03651954082322,2048
330,31.27926433763218,-89.77519396558166,2048
335,32.58537541974272,-93.99381941223452,2048
334,32.40478169530951,-93.8646257066705,2048
337,30.27309206225508,-92.03347431700834,2048
338,30.448087620889545,-92.13657681203529,2048
343,39.0901137761449,-76.905727575188,2048
341,38.74584922178234,-85.03480529212159,2048
342,38.36624823940124,-92.6073405325933,2048
339,42.063671722489374,-88.24013607779086,2048
340,35.319572172103264,-78.60365191565977,2048
348,28.960432116279076,-82.69889725857468,2048
345,39.813702061706586,-74.20924012867368,2048
346,39.95249458989476,-74.21999953496892,2048
344,39.0940706652998,-76.90320869908257,2048
349,34.30419499908023,-82.29325511410097,2048
350,34.30493571663515,-82.27111254254778,2048
351,34.43810379279638,-82.66592820530852,2048
352,33.54406540138771,-86.86174355054584,2048
347,47.0760707976119,-101.19931380618397,2048
353,39.10487506100761,-94.49078805186856,2048
354,43.00862864308325,-88.17330554781692,2048
356,43.27265422517071,-88.14831965864674,2048
358,35.944112320571904,-84.02829707796074,2048
355,43.19496405298981,-88.1492469651651,2048
359,33.70791975643585,-85.14294957833691,2048
357,40.12815375085986,-75.21019448140802,2048
360,33.709097368325246,-85.14250701456861,2048
362,33.798705105980694,-85.19649734763327,2048
363,33.9414589760532,-85.26374446306674,2048
364,33.94189924429636,-85.26408796827073,2048
369,42.13913353032332,-71.44832502779947,2048
361,33.740006770877734,-85.17153325828124,2048
365,33.948778022461944,-85.2769060748795,2048
367,39.02605784141082,-77.45633882210122,2048
368,42.13651612585221,-71.44758132775479,2048
370,42.13136978177656,-71.26833822943657,2048
371,33.094505804272714,-82.98158459569754,2048
366,39.05140604356677,-77.49824565067328,2048
372,35.972099386448434,-86.57842655712894,2048
375,32.484567888708824,-83.58331752179234,2048
373,35.893559479499004,-94.94607030482848,2048
378,37.9263912063912,-100.97189297515766,2048
374,31.98659050071093,-83.56279781199743,2048
376,40.48546796209156,-74.53002808852071,2048
379,38.48598222362013,-100.96887286529076,2048
383,30.79737689623695,-81.55794417059934,2048
377,40.512251048562696,-74.61636905559097,2048
380,33.82264865023518,-84.47688536643628,2048
381,33.86427376709078,-84.47037731448874,2048
382,30.791433143757697,-81.55653426375291,2048
384,38.79639692752456,-94.30053522490688,2048
385,40.62710195795511,-87.01720432476228,2048
387,34.62625474837938,-87.07662412802951,2048
390,34.70612158706573,-87.11872388709826,2048
389,34.70509421450598,-87.11658905412143,2048
394,35.41102788010687,-83.45375979239262,2048
393,36.671490160425805,-93.23891834195427,2048
386,34.608725810863675,-87.0550622031958,2048
391,34.70696109780637,-87.11878465641718,2048
388,34.63944082917603,-87.07732186477102,2048
392,36.65845327498766,-93.1217693437581,2048
395,35.21973272544755,-83.37648699874825,2048
397,35.34189768242502,-83.24532500338066,2048
398,34.36400634304525,-85.05103353400524,2048
400,43.48155492937826,-92.61210434846794,2048
401,43.48258050314326,-92.6122275357139,2048
396,35.19696762887146,-83.36085149892283,2048
402,43.47304380624708,-92.65204968391448,2048
404,35.37616512642741,-83.21431313777886,2048
406,36.26147789091997,-80.78293197046949,2048
399,34.51190199718767,-84.9814109428701,2048
403,35.58002127241714,-88.80634012270737,2048
407,36.24476197939446,-80.30671834215511,2048
405,35.376418227306566,-83.21630114146848,2048
408,39.92113810975791,-75.18831337225038,2048
410,39.94139096520027,-75.18917453278246,2048
409,39.94044602101809,-75.1896500161053,2048
411,42.05054050721309,-87.89690885818824,2048
413,42.115218705478846,-87.92024897934279,2048
412,42.08150922181808,-87.90357190648707,2048
414,41.836114840969415,-79.19078766408835,2048
415,41.45627846869447,-97.40995612490909,2048
416,40.90735411184972,-98.26170359990552,2048
419,31.19411223307485,-89.33771037054231,2048
421,28.000530644815584,-82.73190827563349,2048
418,36.280580732409454,-78.39215014790585,2048
417,36.51563497801447,-89.56768586465284,2048
423,28.184291297299957,-82.7841313884336,2048
422,28.094173307684507,-82.74702733401242,2048
424,36.22067412897056,-95.27491297342456,2048
420,31.259765633704266,-88.91237636052516,2048
426,42.02996026353712,-71.34921370039027,2048
427,42.03078187033913,-71.3489970326984,2048
431,37.97639046787555,-85.68538588482761,2048
429,42.07428030010752,-71.4241289503432,2048
425,42.01997220240845,-71.33536255354213,2048
428,42.059632472414165,-71.39821846571937,2048
430,42.10924057907762,-71.4517907772782,2048
433,38.17288497491818,-85.85090001038746,2048
436,35.22260010032284,-88.24978112178721,2048
435,35.221995505458004,-88.25124782269185,2048
434,38.21508300907725,-85.84980470885867,2048
432,38.12410984352645,-85.79477345231298,2048
437,34.83795973819509,-85.2804234384138,2048
438,34.83920765751095,-85.27994081875454,2048
439,34.857047111826034,-85.01377889409213,2048
445,40.79197586603553,-74.25823886174747,2048
440,39.45039034872928,-84.4603295447217,2048
441,39.45499598779193,-84.37632260512474,2048
443,32.693048695533015,-92.0169879959013,2048
442,32.28138939353147,-90.9288072512077,2048
446,40.80331353216194,-74.29134848725884,2048
444,35.55443075028237,-92.46055965003322,2048
447,40.6334469831048,-77.57724588655775,2048
450,40.060807899808815,-92.1736374999845,2048
448,36.34813606683045,-94.0900857579417,2048
449,39.00549722046318,-76.95716226223892,2048
451,40.14877253527084,-92.59817384669569,2048
452,36.15550868474428,-86.74627241845415,2048
455,36.13023693648307,-86.7589756027796,2048
456,36.6327490406695,-93.25820119189784,2048
459,39.68741342233816,-76.54046304167213,2048
453,35.21977309460865,-81.76709748146556,2048
458,43.06430199190674,-71.57977804472894,2048
454,35.25780343767018,-81.54413147967325,2048
457,42.87389765991362,-71.43916565983679,2048
462,39.75206758092555,-76.30050148854576,2048
461,39.69905001807988,-76.3860820120951,2048
460,39.69555186992627,-76.41157994936749,2048
463,39.75281786200748,-76.26721535452461,2048
464,44.32093100635881,-72.00310387631454,2048
465,41.16860538094207,-76.99195218471094,2048
468,35.97166949808146,-84.13533677595464,2048
467,36.152032909455485,-81.96614156155049,2048
469,34.79668151290396,-87.3835137651193,2048
471,38.86152980625512,-92.9359332871154,2048
476,41.60352604430233,-93.61422095336856,2048
470,34.84532148244009,-87.29314428390745,2048
474,30.622943249747117,-81.6065834189873,2048
473,30.609870623795,-81.51823855219912,2048
472,39.06774889988365,-93.0499778000038,2048
477,41.67166047252686,-93.67772120547492,2048
466,41.2216715471136,-77.01739223730031,2048
475,30.62252310004651,-81.60188600003569,2048
478,43.02402625741741,-83.94331006634292,2048
479,32.21333523921226,-83.16141730026665,2048
482,35.617600508468186,-87.09317515098601,2048
481,32.416256650533,-83.0451888503816,2048
484,35.67286403610517,-87.01861267482074,2048
486,35.42203307217706,-80.94578227234,2048
487,35.52163959055045,-80.99231954861399,2048
480,32.29549427984555,-83.12326416029232,2048
489,35.5940797006933,-80.96852883330885,2048
483,35.66367812347066,-87.0333128251069,2048
485,44.3216685064159,-88.20760280076958,2048
488,35.52249135384464,-80.99256957593512,2048
490,35.59658148388659,-80.96729239591805,2048
492,36.26028862059107,-78.89102987544186,2048
491,36.1753225874408,-78.85423897008027,2048
493,36.480930712901575,-79.07224889693212,2048
502,43.02875230906409,-88.05379094873238,2048
495,43.37218953601134,-87.95898950912637,2048
500,38.919786450706525,-77.42839600485884,2048
496,43.60100193102561,-87.89599959000745,2048
497,43.711026025415656,-87.83833628855247,2048
494,43.71505019792807,-87.70794609937067,2048
501,42.84375630557918,-87.83079958734393,2048
498,43.71113625028355,-87.74816745000771,2048
503,45.034113154376,-92.96573678610392,2048
504,45.03450844223635,-93.03878916943128,2048
499,38.89359399524589,-77.41160929784733,2048
505,45.46148141120111,-92.91273086458844,2048
511,36.476464728826215,-79.0822467765027,2048
507,37.10742512148652,-88.80592261531653,2048
506,37.09683043072965,-88.77934980807734,2048
512,36.47735228657466,-79.08241858089278,2048
508,40.33127728117323,-76.39730136726013,2048
513,36.60347617726364,-79.34820394815647,2048
510,40.57787226585311,-87.33401561713836,2048
514,36.6039649796416,-79.34759336206855,2048
509,40.578964750431446,-87.38087715000358,2048
515,37.216922759398734,-93.36179631396412,2048
517,33.4563589045735,-83.87387580707362,2048
516,33.33590672056336,-83.65328963767088,2048
522,36.52277272722037,-93.272407994852,2048
520,33.58573196995492,-83.90416477240825,2048
524,36.44950851813592,-93.58877137412458,2048
525,36.48105824245075,-79.05054035258058,2048
523,36.59688358091031,-93.30844830926404,2048
519,33.58532918381066,-83.90354608711718,2048
518,33.58490422398753,-83.90382204764356,2048
521,39.82926915270432,-75.41746642012676,2048
526,38.47371097593283,-81.82942131271088,2048
527,38.41464249954206,-82.08025124969346,2048
528,34.72386385068182,-87.67998889987743,2048
531,34.76041318081935,-87.67181555926248,2048
529,34.73144996287461,-87.67860065115924,2048
532,38.75626982994743,-93.56491597842106,2048
536,34.430857936102335,-92.82995291907518,2048
538,34.13308048420468,-86.8468151814915,2048
534,38.50087559158307,-77.70887123480789,2048
530,34.76025894931154,-87.67022644762741,2048
533,38.75818835741186,-93.575017802143,2048
537,33.66723120457654,-87.8412374479921,2048
539,41.36507637277487,-78.5986937939054,2048
543,38.93214286734032,-99.3599250830701,2048
540,41.44990822713426,-78.74231340703807,2048
541,37.29233300046143,-77.27070539980926,2048
535,38.52777106883381,-77.76967383891748,2048
542,39.00196017527654,-99.42042383952872,2048
545,35.190871334789314,-89.89975086398587,2048
544,38.93363944696876,-99.36253877103331,2048
549,41.48434922623712,-87.11781558759702,2048
548,35.12202759588375,-89.86968661646826,2048
553,34.194401788589666,-86.74811255341837,2048
546,35.100795556635305,-89.8722510893661,2048
552,35.46226210449288,-79.18309360189434,2048
551,34.215765727464586,-79.83251318186431,2048
547,35.116548047000904,-89.92865710561219,2048
550,41.53427696635812,-87.10211732716367,2048
555,34.26887932146985,-77.82684025776736,2048
556,35.161621913976,-88.24019430235066,2048
554,35.938382207549324,-78.5578827335523,2048
559,40.04099770063642,-75.2444583204963,2048
562,40.103915740829606,-75.2993422254182,2048
564,26.911387626430496,-80.38506264129215,2048
558,40.04063048321907,-75.24289047142996,2048
560,40.10205137121231,-75.29970087429206,2048
557,40.04020485011811,-75.24349664970397,2048
561,40.103238612765935,-75.29715707030509,2048
565,27.03392594204162,-80.40887611038005,2048
563,40.17154427258424,-75.31001343116311,2048
567,27.21215300246191,-80.41665252577111,2048
566,27.03458974332956,-80.40761677967963,2048
569,31.16032654222589,-87.98305022196863,2048
568,27.26011380078676,-80.41470057532916,2048
570,33.93443621747914,-79.91614962205512,2048
572,37.71837910002087,-93.7964159828328,2048
571,37.69930937579306,-93.74869536525664,2048
579,40.74302169653495,-81.33778044081565,2048
575,26.69484048421796,-81.78217568112086,2048
573,37.71998869507527,-93.86521414068216,2048
574,26.6729754626002,-81.76897489972475,2048
576,26.696868450314696,-81.77923329987632,2048
577,39.19029141802224,-77.10354011975721,2048
578,39.18553029372769,-77.03662374026054,2048
580,33.59244746546017,-84.12641186759788,2048
581,30.035606938447287,-90.44261236524954,2048
582,33.67546572710942,-84.46222863348709,2048
587,41.70711933960901,-91.68238081419028,2048
584,33.693204061456065,-84.49062817337683,2048
585,33.74918267981829,-84.49854327875127,2048
586,41.570727035552345,-91.5357255091141,2048
591,32.93248409935092,-80.02821456775358,2048
590,32.93804748378658,-80.08525370143947,2048
588,36.23209158660831,-86.28706547334458,2048
592,31.676573556441056,-88.69586352546048,2048
594,31.67838550717258,-88.69440157066043,2048
589,32.926520986786684,-80.07876246795381,2048
596,30.390596150741786,-88.51693792423174,2048
583,33.67629576619802,-84.4630937675002,2048
593,31.678237787144628,-88.69541014189124,2048
597,30.526853110658696,-88.1966550234062,2048
599,42.31375315313785,-87.97554804778305,2048
598,42.2447847562273,-87.985734570132,2048
600,40.79422825118038,-74.6992714015886,2048
601,40.90621840678763,-74.59828373843345,2048
604,33.65539561452788,-87.21529461265075,2048
602,40.90691063172631,-74.59664024597909,2048
595,30.390181322380062,-88.51380535521464,2048
603,36.83839352681934,-76.0753978970984,2048
605,33.70166860003925,-87.26401914999504,2048
606,37.85280179925588,-76.81264409611887,2048
608,33.00166378618051,-85.90273726464632,2048
610,33.2448171746833,-86.45905507776752,2048
609,33.24325875005421,-86.4684968499957,2048
611,32.23189160882177,-82.40653456587647,2048
614,38.88683174446638,-92.25831528595276,2048
615,38.95035879459274,-92.27891267522055,2048
607,37.94839581419061,-76.71179718377078,2048
613,35.87011120499512,-86.461593439145,2048
612,32.413063403022115,-81.79792160402228,2048
616,41.42368651304281,-81.75601749284665,2048
617,41.43170589437824,-81.65993301313227,2048
618,39.26760074983226,-88.08288729999282,2048
619,38.93876902457033,-88.27472269172856,2048
620,37.92976237647819,-87.02957337175923,2048
623,37.50210941208293,-77.53232485733112,2048
621,38.741730638914206,-85.43808921858137,2048
622,37.49803117563491,-77.47827106650361,2048
628,33.60594009679163,-84.33339027508929,2048
625,33.55383313851238,-84.50428171443825,2048
624,33.55337146578631,-84.50947107265472,2048
627,33.585050810713795,-84.41782981926654,2048
626,33.56193862573781,-84.46603390894481,2048
629,33.93264183106146,-84.2135786943763,2048
633,33.11531744582803,-89.06762202497602,2048
632,33.99745471817795,-84.15899870515098,2048
631,33.94075941061662,-84.20475470883352,2048
630,33.934828306774314,-84.2107741939489,2048
634,33.3467643191813,-89.08939599054857,2048
636,48.35165565060253,-99.95796045262183,2048
637,41.95213167268781,-91.69364723306128,2048
640,41.584319668504605,-91.04107608709018,2048
635,48.10489649597828,-99.97442324584595,2048
639,41.822527845558575,-88.2172158738309,2048
638,41.98679886307893,-91.66714246193554,2048
643,36.19505327454169,-82.72738482279829,2048
641,27.273053641833467,-80.35632519041305,2048
642,27.318868975120903,-80.37520500546714,2048
644,40.56350727551659,-96.78859970112616,2048
646,28.6847237799386,-81.28526625267311,2048
645,40.83029648179561,-96.81276744384829,2048
651,39.11167804876413,-94.58337192457412,2048
647,28.71813294282441,-81.33707256701004,2048
648,28.76119469196597,-81.34619077490345,2048
652,34.244200321952064,-84.79612511317387,2048
650,39.09093400549049,-94.59972848433485,2048
649,35.99723277338123,-84.22868951474783,2048
654,34.22048043925916,-84.79862953409435,2048
656,44.79297933886889,-69.36213409861422,2048
655,44.57403883094021,-69.50907553031318,2048
657,44.79420125811048,-69.36366968154871,2048
653,34.17997437821568,-84.81063485858334,2048
658,44.73834243561264,-68.7523340446687,2048
662,27.85596760032828,-82.20130651022089,2048
660,33.93512420392297,-84.70955476969257,2048
659,44.74025916883912,-68.75386285643555,2048
663,35.84221858675055,-84.27246713417212,2048
661,33.93806707666685,-84.70950591498685,2048
664,36.30831434707452,-78.42275060574974,2048
665,35.25441000476339,-94.7586034163512,2048
667,38.70252579966528,-93.281848028129,2048
669,41.364191475962144,-81.46676326523965,2048
668,38.72364542341045,-93.2041880468355,2048
666,42.820734567458885,-85.99695586275611,2048
670,41.36568929963695,-81.46766457662721,2048
674,41.43042370186573,-81.35481046105532,2048
671,41.3650889459705,-81.43476022644117,2048
672,41.36526390004392,-81.43461879999761,2048
673,41.38658420682803,-81.40253200906082,2048
676,41.59669081980843,-81.34299071503288,2048
675,41.52282494890372,-81.32967936539713,2048
680,25.830175670122166,-80.33088998156083,2048
678,42.05950718508977,-71.51373874609739,2048
679,25.813354542304776,-80.43552401163528,2048
682,25.83103386007204,-80.31115089627762,2048
681,25.83100114868891,-80.31279221582669,2048
677,36.35839625255954,-86.44425121982319,2048
684,25.831170075802568,-80.35362284551648,2048
688,34.09863932459179,-84.26665289226422,2048
683,25.81827729188977,-80.38007687937917,2048
686,40.00836550025661,-94.34232085262862,2048
687,40.00932959998529,-94.34227905000128,2048
685,40.006473583320194,-94.34240460408616,2048
689,34.097418279106506,-84.2430937451579,2048
690,39.61319962424054,-85.65374546129055,2048
693,38.29985057182176,-93.26217286990251,2048
691,39.8819620711011,-85.45907069825546,2048
696,36.98766618827967,-93.31155317452532,2048
692,38.267299158661935,-93.36440614995756,2048
694,38.51968395200417,-93.52104136059825,2048
697,37.01484695049402,-93.3101644499978,2048
699,39.6004873940743,-84.09547898019191,2048
695,38.99475842070457,-93.89098109975956,2048
700,39.708624206338605,-84.001543486046,2048
698,27.055798637226825,-80.47635977523157,2048
702,47.34204342476421,-103.15958224588022,2048
701,46.84177222358891,-103.07007418131494,2048
703,47.342216266852304,-103.16213111626016,2048
706,40.25948508856349,-76.72375652391376,2048
704,40.22454299738083,-76.82125335264146,2048
710,41.20778775083949,-75.96300714991851,2048
707,26.07172124132132,-80.19860552962983,2048
708,37.118683259116615,-88.80351619315239,2048
705,40.2385092252916,-76.77958575804094,2048
711,41.26469587392753,-75.9655013470046,2048
712,27.747203460376923,-81.84970724023952,2048
713,27.74877701928841,-81.8534567854667,2048
709,41.090980367773774,-76.15437388579755,2048
716,39.19412591578802,-76.82744353359298,2048
718,39.231186599998274,-76.78215770000111,2048
714,27.74879148546636,-81.85345600940798,2048
715,42.64807143532967,-95.625236418762,2048
719,39.23139669999828,-76.78237360000111,2048
717,39.20903337702603,-76.80965042895923,2048
720,39.23143557001646,-76.78182836531823,2048
724,41.4386521462088,-88.11547484124102,2048
725,35.17475669185807,-80.95934692941856,2048
723,41.391046601868766,-88.27496695412809,2048
721,42.07404966593724,-89.28666692145063,2048
722,42.21628299770429,-88.97592871335462,2048
727,35.190172321980285,-81.01105937186547,2048
730,40.98193350387449,-75.17020991936977,2048
729,40.980316492266496,-75.17148320617207,2048
726,35.174468286879275,-80.88392168837362,2048
734,35.30688124603883,-93.91109128544667,2048
728,35.1914664468576,-81.01170007877526,2048
731,41.90844192301736,-80.57238805527858,2048
733,35.21617695238852,-93.80121903366128,2048
732,41.93437345439369,-80.38443686353932,2048
735,36.15319970061712,-82.4193509989375,2048
742,40.10717356758165,-88.60129117119554,2048
737,39.16057433864764,-94.32482283137188,2048
738,38.94129579975019,-94.7005783463704,2048
739,38.969102132717296,-94.69734740034988,2048
743,38.84082557262632,-94.77208466457373,2048
741,40.15812170381143,-88.33997419014969,2048
745,29.25308929992768,-81.15563505004185,2048
740,42.842586910624135,-87.8347931465461,2048
744,38.88523646581216,-94.75803950116637,2048
736,36.250726509847965,-82.4313682929007,2048
749,38.69368426852195,-90.21233555125976,2048
746,29.35438795021849,-81.15846595001432,2048
750,38.96452724256001,-94.63877299289948,2048
748,29.476186850525465,-81.19285685006167,2048
747,29.21642526384895,-81.11654190731204,2048
752,39.31252866266548,-94.71146518030244,2048
751,38.991917575839416,-94.71204201972748,2048
753,39.36466021118573,-94.72430899038064,2048
760,40.26538529263339,-82.98766258123324,2048
759,40.22869236244754,-82.852695840716,2048
754,40.183530035844576,-81.87841334731576,2048
755,40.09639059984895,-82.01842394085082,2048
762,35.141324916394616,-77.12355116877515,2048
758,40.21117834497155,-83.09212431419458,2048
757,35.782767289432904,-87.77447490513259,2048
761,36.04578802095591,-79.01779490129702,2048
764,34.06791916836044,-87.39193116485748,2048
756,35.54408356965845,-87.54914114455356,2048
763,41.06656525785949,-78.36687710886831,2048
765,37.04628704575156,-84.53804833849702,2048
766,37.05678897791713,-84.57913420871114,2048
768,36.31514026801211,-91.46538876513566,2048
771,39.11600188358115,-89.24131752383978,2048
769,36.38860164640414,-91.51853926809754,2048
767,34.15402225611464,-77.93808666648754,2048
770,39.06324048815026,-89.40028383638759,2048
772,39.18492614802894,-89.02875657334037,2048
773,39.18596423891314,-89.031740450723,2048
774,42.44672988378496,-87.80538765530237,2048
775,42.46682889838751,-87.85551132328557,2048
777,39.18386584466089,-93.13474378445508,2048
779,40.31181160122486,-76.03195063315422,2048
776,38.755774126603285,-93.27083577746616,2048
781,38.73716393944919,-85.42314476779897,2048
783,38.28666598240672,-77.23105630816796,2048
780,38.58242338522267,-85.40853811590429,2048
788,40.819490679895765,-74.38007120507055,2048
778,39.18468616787934,-93.13469326448214,2048
782,38.26778740517865,-77.31784716802555,2048
785,36.249829556100224,-91.05308155202576,2048
784,31.905892492808352,-93.1723654929716,2048
786,36.26970873353986,-91.0426040331581,2048
787,39.05600435565607,-94.3929053871817,2048
789,40.81942686866265,-74.37825562752505,2048
790,40.8335166822424,-74.42580670712958,2048
791,39.20311867987586,-79.27177273916067,2048
794,39.05781513103913,-78.25406082340108,2048
793,39.20340356132965,-79.21899385748856,2048
792,39.20203872683736,-79.22185092662717,2048
799,43.68181327448952,-96.09238279522935,2048
795,38.91245397629866,-82.13015032435365,2048
796,39.01621142454939,-83.00405949828402,2048
798,31.9356208905978,-82.3494958759013,2048
800,43.63831259756157,-96.39028657541844,2048
803,36.02609932103505,-83.98697966220746,2048
801,43.63860556900096,-96.39180973849872,2048
797,31.93446795059157,-82.34758515426012,2048
802,35.94565605752746,-88.7725469243242,2048
804,31.05598991332637,-93.25256882360334,2048
806,35.247905425213624,-93.1430492872112,2048
805,31.139930610708667,-93.25377348546026,2048
807,35.27688668124656,-93.097572371147,2048
809,33.969646329092804,-84.25877513096913,2048
810,33.88866461356181,-87.34668245258791,2048
813,27.636900995970283,-81.96214842492788,2048
812,36.759661150063,-90.38968054998506,2048
808,33.94542850081056,-84.27427002975949,2048
811,39.06491394766464,-77.53993840146366,2048
814,27.640768682241333,-81.96090155244364,2048
817,41.14559390519337,-91.18134854928408,2048
816,41.14540967290468,-91.179765615805,2048
815,40.78384233772308,-91.352075934694,2048
818,37.468904234826205,-91.08793928201298,2048
820,37.46975097376825,-91.08931694347498,2048
819,37.35951397512838,-91.14525733994928,2048
822,36.176404998115096,-81.0363445690185,2048
826,39.22143418225026,-88.75919178173442,2048
823,44.90000555002033,-91.42170443075,2048
824,44.93691979373096,-91.3431437888569,2048
828,39.27711214264166,-88.47430305616948,2048
827,39.222668536618826,-88.75927281951702,2048
821,36.22108838638928,-80.81847830702638,2048
830,40.55276948953139,-74.4523026593179,2048
829,39.27756935675003,-88.4767521159954,2048
831,40.560802571534126,-74.46217063193441,2048
833,38.42816256822692,-91.82571951502278,2048
834,38.32907263673541,-91.67620016067522,2048
836,29.593869633194384,-81.28929186747192,2048
832,43.76390579884354,-83.29429039489196,2048
835,29.495829773388127,-81.19931682682278,2048
839,39.05225536970094,-85.15152059712314,2048
837,33.87131127839698,-81.01830435645408,2048
841,34.28624737485903,-77.87243322386846,2048
840,39.26685486973911,-85.21901347487054,2048
842,39.67652479049989,-75.02473449521489,2048
843,39.734033044219,-74.973010991766,2048
845,41.8820794912996,-70.65624137898901,2048
846,41.90673480433223,-70.62931117635628,2048
847,42.51110122667394,-93.26664141610716,2048
848,42.51173585041265,-93.26602215297996,2048
838,33.95887392361891,-81.0501479423481,2048
844,39.05776067482237,-93.21479499279454,2048
850,42.557879652720565,-93.26108806186508,2048
849,42.51905890001358,-93.2590810999996,2048
852,42.42761343544951,-92.28031936295218,2048
858,41.17021063639497,-96.19869613492055,2048
859,41.3144872664726,-96.17827988435538,2048
853,42.43482664310137,-92.2234950925886,2048
854,42.5859282188144,-91.90181712968202,2048
857,41.16831207408974,-96.19860002392198,2048
855,37.47918422118243,-93.62503887366482,2048
851,35.12085485777407,-85.04686115651133,2048
856,37.48847160715282,-93.62054070095756,2048
860,41.33429615603018,-96.13280602557016,2048
861,41.5187322905194,-96.0810370683888,2048
862,40.85602375691336,-74.16396369459807,2048
863,40.86305161141052,-74.19947467637594,2048
868,38.78328025326535,-94.65343628291836,2048
864,40.86723825005365,-74.21758597805577,2048
865,40.86836119037603,-74.22137607363308,2048
870,37.55283543119101,-76.81324602095381,2048
866,35.80895519884121,-83.24842463139629,2048
867,35.77417550697669,-83.09938419538219,2048
869,38.34786245427821,-94.64119999853138,2048
871,37.52781646724405,-77.54451303902613,2048
872,37.574432068062016,-77.57520957959059,2048
873,34.74339935967858,-87.8514008671476,2048
874,39.06772854970854,-90.86575451840976,2048
875,39.14232083459571,-90.8960117959931,2048
876,34.012624633446514,-85.29328018014704,2048
881,38.57116476815735,-76.893907836922,2048
878,34.29043110204433,-81.32870716683526,2048
880,38.54260042816757,-76.91175173993862,2048
882,38.59615400022873,-76.88005014987678,2048
885,28.578470125301948,-81.45594478931609,2048
879,34.295919406606224,-81.31510309472276,2048
877,34.251223197966006,-85.34562667411042,2048
883,38.71386745018107,-76.8057402543994,2048
886,29.88478641235297,-90.0205172335378,2048
884,28.554399199859507,-81.44215159998544,2048
887,29.922789329136908,-89.98096192990758,2048
889,40.61394650785963,-91.43912499014245,2048
891,39.47873217618553,-76.82949588929222,2048
890,39.45949745250239,-76.89628273138483,2048
894,38.33800470012264,-93.155623950039,2048
888,42.43619871184661,-85.60836885291465,2048
895,38.04666119298198,-77.55018171861161,2048
893,36.511729491070994,-91.51648518828712,2048
896,38.243251043958296,-77.58616574059177,2048
892,36.50825766020825,-91.51581048086862,2048
897,38.26233958633144,-77.58925359229151,2048
898,41.57484697403946,-90.69037462698002,2048
899,41.68130861724399,-90.52759691321624,2048
902,35.72128649428457,-81.41003004099316,2048
906,29.819423526297125,-90.81703035307854,2048
900,35.63272718089896,-81.32176419735757,2048
905,36.7710156595991,-76.30333129323637,2048
901,35.598683691556644,-81.2226908788487,2048
904,36.77010420005175,-76.3036242000045,2048
909,38.95746658347505,-94.76907256810166,2048
910,38.93249056265761,-94.81009715157845,2048
903,36.51468331702648,-89.58428903894388,2048
907,37.54342607748692,-76.70193935941202,2048
911,31.31934209624537,-92.44668469532014,2048
913,41.83457653960128,-79.01664494721474,2048
908,26.702895837120945,-80.37612520162554,2048
912,34.708969872526694,-87.67828267703966,2048
916,39.07269627246777,-94.71408763353708,2048
914,39.72784289154209,-79.96041754819251,2048
915,39.740542933935934,-80.03278930058846,2048
917,36.18531223196937,-94.28185721244478,2048
919,36.25477788521031,-94.5264343876816,2048
918,36.25405619249282,-94.52764523631404,2048
920,36.25607200028409,-94.51025450027105,2048
921,37.16191534080175,-76.69502962667906,2048
923,37.37425104450318,-79.90047781139455,2048
922,41.813542230514194,-88.22613015173617,2048
924,37.37552349665934,-79.8932383819928,2048
926,32.78625126922982,-85.42472691200449,2048
932,40.81179346033164,-74.17830962591523,2048
927,32.60827002838291,-85.08250272839105,2048
925,37.381060488788656,-79.89777462134415,2048
931,40.8028435291932,-74.14222258852563,2048
929,29.67556386975801,-91.280182135318,2048
933,40.82690270235474,-74.16940279555757,2048
928,32.61054550024425,-85.08279279989937,2048
930,29.681639844371848,-91.22595418093135,2048
934,40.86158899922745,-74.15829554984815,2048
936,39.058198566212425,-77.53995238973275,2048
942,30.12002271720559,-90.86988636225357,2048
939,27.383082720239045,-80.37820851345059,2048
937,39.075496172268416,-77.53152921596576,2048
940,30.116530391834576,-90.89694361061449,2048
941,30.117068595696026,-90.89719433798273,2048
938,39.07587806428374,-77.52877295231707,2048
946,39.384309898929125,-77.41933064218775,2048
945,39.36244226197633,-77.43605793606504,2048
944,34.720668226741545,-85.0989515240727,2048
935,39.05736327929585,-77.54106283940295,2048
943,32.40192795346035,-89.95171466606512,2048
947,39.40987484265143,-77.40279584838521,2048
950,35.61604398150907,-91.27798398490016,2048
948,39.419589033452425,-77.4028400676309,2048
949,42.59492215101376,-96.32942198575236,2048
951,35.61663228067844,-91.26160615006415,2048
957,33.95898724527786,-78.01314568578442,2048
952,35.47536947511732,-91.23353838663238,2048
953,32.60301198552224,-83.70314484544129,2048
958,33.95970444291814,-78.01105059390225,2048
954,32.565284715733725,-83.59980130062691,2048
956,37.40863818985193,-77.5046481067169,2048
955,37.44444115575013,-77.57653142046188,2048
959,33.97373340807128,-78.04348927940899,2048
961,30.00596859825377,-90.46021741917735,2048
963,40.20141629535706,-74.36063633899712,2048
962,30.019257751881312,-90.40716516683432,2048
964,40.25509461409462,-74.38264279918904,2048
965,40.300392240759656,-74.37691423256979,2048
966,40.40552819259535,-74.48528851632797,2048
967,28.84341825997705,-81.32888625726358,2048
960,34.03894558968887,-78.3288181749452,2048
970,28.080456400618623,-81.92441475035517,2048
971,28.08119595747126,-81.92383755793044,2048
969,35.30725968586248,-84.76123296597765,2048
968,38.9294485836184,-94.77474944634304,2048
974,29.676979433398568,-81.6766169119728,2048
973,29.62998542243156,-81.5858077201963,2048
972,28.08670134651498,-81.9299013316934,2048
975,33.28886515641347,-92.59194231512936,2048
982,29.93208738876396,-90.23728544755784,2048
976,36.96323903202961,-86.92008169347817,2048
979,35.220685184709446,-89.89947875985793,2048
978,35.552666995340175,-95.13835745081494,2048
981,29.9142320437298,-90.3504320062385,2048
977,37.28994014023291,-77.28265923537315,2048
983,38.96971341337565,-76.9975423188141,2048
980,35.273029186707504,-89.95880635296734,2048
984,37.59218699964273,-92.66390644994168,2048
987,38.78104954853943,-77.39886521061426,2048
986,38.76752094822125,-77.37500158167097,2048
985,37.66347123354375,-92.52984343517254,2048
992,32.09766966558629,-84.21170071384446,2048
988,38.77393453866394,-77.26347040984581,2048
989,46.04425494172634,-98.09009519000588,2048
991,39.91664045448152,-88.8910372172374,2048
990,46.00922873580659,-98.56753362517108,2048
993,32.22037384695588,-84.3301632529321,2048
995,39.16922818679571,-94.16437117868124,2048
996,30.296829009696868,-81.48682146861462,2048
994,38.92442636260199,-92.574843696109,2048
997,30.336236715729296,-81.48820970403304,2048
998,30.36051551329778,-81.48892992856453,2048
1000,28.368761150090293,-80.79374280010516,2048
999,30.418261960825763,-81.54977850253181,2048
1002,28.468216791697337,-80.7670572646543,2048
1006,44.29332145061215,-91.25493443881008,2048
1003,35.948038221984675,-84.38966211395476,2048
1001,28.3689734241987,-80.79490270497776,2048
1004,31.11260335059843,-85.57961744998585,2048
1005,31.29388270623024,-85.57954560633215,2048
1007,44.80119395991314,-91.3731020340386,2048
1008,36.35358557340153,-83.0191010404637,2048
1009,34.69221527404486,-86.56248980673548,2048
1010,34.69387065506765,-86.58104200216721,2048
1015,36.65311306548429,-76.99550573663649,2048
1017,35.246524007343936,-93.1727198655874,2048
1011,34.69800493353761,-86.54629966685155,2048
1012,34.7230656219007,-86.5914277763951,2048
1013,34.79568550560283,-86.52179825324208,2048
1016,42.37505051313367,-92.92125046906928,2048
1014,36.65248723122865,-76.99549207280755,2048
1021,39.95211948731086,-74.3778600678436,2048
1018,36.88212163168836,-85.68860100652864,2048
1019,36.56909749588892,-86.07298375754019,2048
1020,36.883489225187525,-85.68877391993375,2048
1022,40.03610139041864,-74.27993000575509,2048
1025,28.05952556811424,-82.6510414113241,2048
1026,38.8211256938077,-84.14100625555348,2048
1023,28.06251269806348,-82.61888300813912,2048
1024,28.058592172587534,-82.65456789650138,2048
1027,38.86568116816172,-84.22518497612516,2048
1031,30.057364784058564,-82.05695279325312,2048
1030,29.92493572245213,-82.0841827780573,2048
1028,38.87031815902414,-84.22500835440654,2048
1032,30.2723836447164,-81.95295400880207,2048
1029,39.833264157487264,-93.51986333845451,2048
1034,26.035357744504736,-80.43962165369575,2048
1035,26.03482355036577,-80.4087547002564,2048
1036,26.03446622603557,-80.35900711332701,2048
1037,38.99041909804058,-84.29076675933564,2048
1033,30.97058725718485,-85.53628105407056,2048
1041,35.57062462655556,-78.77279750695386,2048
1038,35.96077382526509,-83.95261666877583,2048
1042,34.6763954577615,-86.017365779855,2048
1045,38.88703801425829,-77.4576876108186,2048
1040,34.7418493167248,-78.80631281438733,2048
1044,38.875077218490894,-77.47039339495129,2048
1039,35.98522391999478,-84.02267714218692,2048
1047,42.538229294271424,-87.90822163529137,2048
1043,34.71696383993876,-85.9522642044947,2048
1046,42.505724339730975,-87.89891031107241,2048
1048,39.60967156442069,-94.32245903616752,2048
1054,39.415838688519415,-76.40119842416607,2048
1052,41.16995997214208,-73.18536490850552,2048
1053,39.36521717362479,-76.42803054250433,2048
1050,32.41883615008088,-83.0441987499737,2048
1049,39.75633648687547,-94.307445471683,2048
1056,30.06859173583742,-90.595267486983,2048
1051,32.50834795101443,-82.98360696557182,2048
1055,30.0601033371766,-90.59327452560048,2048
1059,35.45082277410392,-80.61861766792485,2048
1058,37.17114938720711,-93.37458092931648,2048
1064,42.56368392346355,-71.48180501053595,2048
1057,39.44104069317692,-76.21755820528274,2048
1061,35.56752357964424,-80.84077885428538,2048
1063,42.56843842473463,-71.53040481318091,2048
1065,42.57077169947261,-71.42954248778629,2048
1066,42.5811078000345,-71.34515544999795,2048
1062,35.580368059924176,-80.88013670048667,2048
1067,42.622960804424686,-71.24249531046316,2048
1060,35.56422328314232,-80.82790305238035,2048
1068,33.97177251503073,-84.74025070473272,2048
1069,33.96142762668011,-84.78572659590573,2048
1072,35.89712905053766,-84.51658226824175,2048
1071,34.98086832543119,-90.81302370777588,2048
1073,38.08468368169802,-78.69855145525615,2048
1074,38.08095146783831,-78.65457034054195,2048
1070,38.694239949900606,-93.15040980002574,2048
1077,38.27389104745834,-89.66678258099616,2048
1076,37.630611486444096,-77.54156669677657,2048
1079,42.60895072222663,-71.53842580216234,2048
1078,38.33353704706597,-88.96842886803245,2048
1080,42.79071421619605,-71.3777058061808,2048
1075,38.07163423767075,-78.53053058619335,2048
1081,42.79147254821618,-71.37687126133386,2048
1084,35.272619394859106,-89.71019576359791,2048
1085,27.55156602585813,-82.53104096384087,2048
1082,37.90746920904423,-87.72178847593993,2048
1083,35.22007281644912,-89.95775030825949,2048
1090,42.3713426458966,-94.11646048219662,2048
1087,27.62280375021557,-82.54060019999734,2048
1088,35.133688107682744,-83.11832536846254,2048
1086,27.557219750514285,-82.5519227500063,2048
1089,39.836517177113095,-91.551375802812,2048
1091,42.37262436681339,-94.11711757542884,2048
1093,42.10001393260323,-91.78122861664158,2048
1092,42.566265561455445,-94.092101190243,2048
1094,42.10231094592707,-91.78053407555164,2048
1096,33.80972699996649,-87.84373774998565,2048
1095,33.712095441477985,-87.85265693212885,2048
1100,34.38765872229464,-86.50740494457038,2048
1097,35.07009420716391,-83.38312337340301,2048
1098,35.96806935497624,-86.77243911718364,2048
1102,34.33296509814283,-89.92775516672923,2048
1101,34.33203798018359,-89.9351201880982,2048
1099,36.01814935981644,-86.75124227002048,2048
1103,38.74733824997247,-77.1935304771283,2048
1104,38.76310239348332,-77.15042983913911,2048
1107,37.77532197608687,-86.48332264208963,2048
1106,28.146095438502016,-81.08667287605438,2048
1109,35.153635478794264,-77.11433959014003,2048
1108,35.05172399975334,-81.07460314997505,2048
1105,28.130131896581062,-81.0977891740002,2048
1110,44.62500180789061,-92.6342918246488,2048
1111,44.88740094962281,-93.0116451236667,2048
1113,30.185147718452463,-90.84912776436674,2048
1112,30.121866054266796,-90.86488672019128,2048
1114,34.42344983435915,-78.26387626249,2048
1117,33.64433710004286,-88.31477269999367,2048
1115,34.32580436997368,-78.2275338832448,2048
1116,34.714456364548,-82.79184782700374,2048
1118,33.64766429789806,-88.31661312079686,2048
1119,38.88576895565183,-77.20981020881807,2048
1120,38.88569368544288,-77.15775918216808,2048
1121,42.46867949484117,-73.09360783133071,2048
1123,42.611027086193296,-72.46835107389057,2048
1122,42.53763683937554,-72.79115808245734,2048
1124,35.86930767010681,-95.22698602261153,2048
1125,41.31481413585182,-72.16537152341418,2048
1126,39.86442717960407,-76.4538310526664,2048
1129,44.83898462719871,-91.5011901769227,2048
1127,39.954753356227975,-76.58511572927307,2048
1128,39.9587860169212,-76.58832741070509,2048
1132,39.86637127567551,-75.47084027310196,2048
1130,45.030264995857,-92.78121615075668,2048
1131,38.58148536139618,-85.41158507562116,2048
1133,36.53357285015235,-87.33644486508727,2048
1134,36.5046539004583,-87.27341528335664,2048
1137,35.7249303185275,-78.81250340469002,2048
1136,35.711826030718505,-78.83997637818719,2048
1140,34.4747661557842,-77.83029394815534,2048
1135,36.44218489578696,-82.27951390003605,2048
1138,35.725206922334905,-78.81144144525919,2048
1142,40.81988016009063,-74.33083840602389,2048
1146,28.278173464261915,-81.43441126135797,2048
1139,34.38587222253815,-77.89280671241274,2048
1143,40.91309425544874,-74.36461536572894,2048
1141,34.76259611180187,-77.5152033592222,2048
1144,34.79884031891559,-77.50353435442098,2048
1145,28.27695768504965,-81.53164281169336,2048
1147,33.23864208754476,-81.5580889870958,2048
1148,33.43289191746198,-81.91128017187941,2048
1150,41.67260621907609,-93.59160051541588,2048
1157,35.59490296850748,-88.93463678200108,2048
1152,41.4420761484892,-87.7512758124949,2048
1149,33.33160660287496,-81.6634870843189,2048
1151,41.67498523499041,-93.49779809887292,2048
1153,36.34054168397159,-82.32975434246397,2048
1156,35.59465100515974,-88.93426714927827,2048
1158,29.96501538960164,-90.10237548250576,2048
1154,37.21216461848169,-93.29587220758712,2048
1155,37.21924730199115,-93.3072774862285,2048
1160,42.42802247213691,-91.56836334265006,2048
1159,42.29576333533616,-91.5694031390329,2048
1164,42.53171609528165,-90.77897652003684,2048
1161,42.428462833046304,-91.56826644136264,2048
1165,36.44596678436987,-77.65909468284678,2048
1162,42.556009611922185,-91.57917229393642,2048
1163,42.51826224546569,-90.73982995982682,2048
1166,36.45162583728824,-77.66068471548166,2048
1168,43.09588131881444,-93.29314010460912,2048
1169,40.72867378412382,-76.44153152607701,2048
1167,43.03759672690714,-92.6641094473054,2048
1170,40.77743152265717,-76.24541472753901,2048
1171,37.01459781334861,-76.73862170141818,2048
1172,36.89569805432064,-76.5865841936413,2048
1173,36.91335086178084,-76.57570757538289,2048
1176,30.39455440987996,-81.78123191260535,2048
1178,30.434352501860992,-81.55448926519813,2048
1177,30.45392501801215,-81.77530530157463,2048
1174,36.95968093518712,-76.66954516864206,2048
1175,37.081143966894125,-76.70345508419312,2048
1183,34.8902432712777,-82.43761281595809,2048
1181,30.454800095518177,-81.63421512485523,2048
1179,30.454402618109164,-81.69832907689252,2048
1180,30.445049902452173,-81.5721608669799,2048
1182,30.45543844814376,-81.57902958592551,2048
1184,34.98258619971728,-82.51606517596521,2048
1189,36.97043933712719,-82.96847755187449,2048
1186,37.080385812534765,-90.72099358077304,2048
1185,34.98347305347694,-82.5153160138952,2048
1193,30.21487395126578,-91.003432000623,2048
1187,38.06116871789474,-77.79719648953122,2048
1192,30.210472358182376,-91.0076734401338,2048
1188,38.24991125442985,-77.78275073844755,2048
1191,38.00836786150441,-76.74358483103525,2048
1190,35.64567645020425,-78.70578170002096,2048
1196,43.141744481815415,-71.1848038045812,2048
1194,38.78485907473933,-77.1084917475265,2048
1195,39.70712101711871,-79.95507264574205,2048
1197,43.37533829249159,-70.94179703605153,2048
1198,43.576785350240336,-70.69575264995864,2048
1199,43.66332150701083,-70.55336709593232,2048
1202,28.540828993548896,-81.2539025203665,2048
1201,28.4930921625656,-81.16006927512046,2048
1203,40.00141572329174,-95.9271881119679,2048
1200,28.504449234689464,-81.25329302395045,2048
1204,40.059934871090725,-95.92671953135586,2048
1206,46.2887413184403,-96.6019091878228,2048
1211,40.15481672174483,-74.26747100181899,2048
1205,35.37422912562545,-89.30486305473195,2048
1207,46.1172129479196,-96.88815304973612,2048
1210,40.113686800586514,-74.19208515272432,2048
1213,38.17080310374097,-78.4114516616776,2048
1209,33.81205502772157,-84.29592674985776,2048
1215,36.657715626603206,-90.79343666099952,2048
1214,34.7695827479914,-87.8940324833279,2048
1208,33.79095520056521,-84.27168011853695,2048
1212,38.11856999002271,-78.41536995482353,2048
1216,36.79178387621058,-90.46581095199883,2048
1218,34.07937148105537,-89.90893131313476,2048
1217,34.18976707880365,-89.92426111453405,2048
1222,35.7236532358694,-86.98897355280147,2048
1219,38.739092342074855,-77.19378449465708,2048
1224,36.27132497289801,-76.30024138848412,2048
1223,36.22266918555805,-76.46119541148899,2048
1220,38.74143373432566,-77.1344832030757,2048
1221,36.84319949560042,-83.32637275920456,2048
1228,34.69715211382876,-84.47969725332321,2048
1226,34.59582467302285,-84.52891584576659,2048
1225,36.27212839436381,-76.30139939179769,2048
1231,33.279757317092226,-86.69508041555501,2048
1227,34.6846344670533,-84.4884417017674,2048
1229,33.98742801448898,-95.05098723775863,2048
1233,33.05438645846743,-80.07306001967493,2048
1236,39.87220132308091,-75.53910488858054,2048
1230,34.69265566190715,-95.92225556139948,2048
1232,39.26666264080553,-94.40590684344608,2048
1237,41.71320516383152,-93.59007871691053,2048
1235,33.366660456410074,-80.1149908040193,2048
1234,33.1214281842806,-80.12756969286553,2048
1238,39.7537271064289,-95.93499764920324,2048
1239,37.69753153686487,-77.4846458677368,2048
1241,41.17565809457491,-95.8358988740228,2048
1240,37.86862363132381,-78.3741512159408,2048
1242,41.17603158219321,-95.83741933267684,2048
1243,41.1787256723618,-95.83959354958262,2048
1245,35.04846482517421,-88.26010793343883,2048
1244,35.06546235535955,-88.63182643614911,2048
1249,35.95176999875434,-77.83319177217918,2048
1251,36.03175971211887,-77.7591100895857,2048
1250,36.00019411352732,-77.79312508240878,2048
1247,36.36121060483034,-86.52711940738867,2048
1248,35.17468091859062,-89.74550811473476,2048
1246,35.04842492509771,-88.25897685898799,2048
1252,39.81171427917258,-75.24930244891841,2048
1255,42.60031624734707,-96.30505091455332,2048
1257,43.16074440805341,-95.2626106473364,2048
1254,38.37949704968616,-92.6064810000738,2048
1253,34.63877518269447,-87.06396092888869,2048
1256,43.160566348744354,-95.261260099008,2048
1258,37.69508866500365,-93.7704945243488,2048
1260,36.37598172689509,-89.46478783204834,2048
1263,32.897253560918465,-80.19025926553908,2048
1259,37.87526500499066,-93.70457097465676,2048
1262,32.83031324635195,-80.07028090111332,2048
1261,36.377056200151216,-89.46540219999831,2048
1268,37.16139128320941,-93.33586862615208,2048
1265,33.06525672292731,-80.62083801744085,2048
1269,40.11116602228228,-76.7278716173996,2048
1266,37.15019281610207,-93.37345395786024,2048
1267,37.16139063476204,-93.33585956496104,2048
1264,33.06414905282917,-80.62068704476734,2048
1272,39.352751796054775,-91.2273490579707,2048
1273,35.07608680501884,-84.01955892649437,2048
1274,46.09604658108916,-97.63241036397864,2048
1275,36.33410482115012,-89.15716545303984,2048
1270,40.15009836339636,-76.71297538544535,2048
1271,40.4291284867009,-77.17092905065857,2048
1276,38.587309740448326,-77.30591977810637,2048
1279,35.17505431999361,-90.2215917634235,2048
1277,41.72651906496921,-90.3062704623666,2048
1278,35.14802117123075,-90.22058314090248,2048
1284,43.736236825261095,-88.49385071655773,2048
1282,40.40439216600071,-80.12157559845838,2048
1280,35.083796969651296,-88.38133968181225,2048
1285,43.97983280895065,-88.6329990245312,2048
1287,29.946287319449805,-90.14972944585423,2048
1281,40.25321622787865,-80.65059991436623,2048
1283,43.734925859091135,-88.49440633979215,2048
1286,34.73300513092364,-87.30813208774333,2048
1288,29.946953658363235,-90.14781725791303,2048
1292,34.934550730192534,-84.31768013506186,2048
1289,36.27931693569352,-80.0624457042047,2048
1294,40.44921016950808,-74.34708632414346,2048
1290,33.98089588077841,-84.60525108892595,2048
1296,35.24335435770933,-92.99987487312696,2048
1295,35.176003746105536,-92.70508267518916,2048
1293,40.43932257141289,-74.34374813488654,2048
1291,33.9944267866232,-84.56913511223846,2048
1297,40.16828241401707,-76.7046991787407,2048
1298,40.22228592993461,-76.71663039644622,2048
1299,35.48202470751308,-83.32388579778969,2048
1300,41.939242381359584,-83.35899662880273,2048
1304,46.45208275959042,-94.06648457703392,2048
1307,46.390950575734095,-94.29366059565054,2048
1303,40.17533056985015,-95.92664933506956,2048
1308,46.38752894868736,-95.02424939347316,2048
1305,46.36868227515201,-94.36093201418412,2048
1302,35.357227273182026,-80.9764189128852,2048
1306,46.368735605780834,-94.36037367507404,2048
1301,42.11607078406,-83.24887818683816,2048
1309,35.61470828093092,-92.49223210142216,2048
1310,35.61502938822188,-92.49287606469248,2048
1312,42.66038960003497,-71.24012474999617,2048
1313,42.7283319134171,-71.20155253632345,2048
1311,34.96427669648176,-85.70739811917245,2048
1320,39.34470239359136,-81.30867114653655,2048
1317,43.16762652548325,-70.81780727253016,2048
1319,43.39683329797305,-70.61734621606706,2048
1315,42.74423944029041,-71.11369840055951,2048
1314,42.74453251165154,-71.16703441689445,2048
1321,39.380183957188734,-80.331856363815,2048
1318,43.16824133854178,-70.82086955328617,2048
1316,39.310597335105065,-91.53455257377222,2048
1323,35.75044504775355,-84.0034877663298,2048
1322,33.052070666512726,-80.05879816391385,2048
1329,33.95328306544606,-84.30832851825065,2048
1324,35.75100449008425,-84.00525991319364,2048
1325,33.23544346374184,-87.56141633976881,2048
1328,35.22476911340309,-85.0944187212487,2048
1331,33.96364342710731,-84.34384373789447,2048
1326,33.234100613735016,-87.47229552790682,2048
1327,34.996797900165994,-85.16109028876247,2048
1330,33.96667401836667,-84.37896294903247,2048
1332,34.1158211000431,-84.92187074995833,2048
1333,34.12159139030888,-84.92229957852743,2048
1335,43.13028032728905,-88.00813607967534,2048
1338,42.0260474166916,-93.60389962065403,2048
1334,43.1277078932312,-88.13296907507068,2048
1337,44.13050868024443,-99.4346240419761,2048
1339,42.02630627264346,-93.60540304140986,2048
1341,37.54966602859236,-96.54473430345064,2048
1336,39.05304921468235,-94.4536842217402,2048
1344,36.4418426963744,-90.0770815822301,2048
1343,38.76624098372624,-93.70304603406716,2048
1340,37.01433763015473,-86.44628078941517,2048
1342,35.61632733545549,-85.89433415776317,2048
1346,36.920675344149714,-81.68020130048832,2048
1345,34.200121502390786,-77.86043570952003,2048
1348,31.416937582765424,-92.48118498472056,2048
1347,31.41673395003213,-92.48006304999544,2048
1349,31.39587736615304,-92.7136488844736,2048
1350,31.40487196683522,-92.70871544902954,2048
1351,30.845182860828245,-92.2635304212242,2048
1354,33.95309795368315,-80.39046073028001,2048
1352,31.06087437167669,-92.45608006952357,2048
1353,41.08900341747518,-76.11550215933812,2048
1355,36.28247314676074,-95.98101141067993,2048
1356,36.361869588704586,-96.47370902822706,2048
1362,42.45192714718106,-71.7374228701831,2048
1359,40.194462939122445,-74.8886869414546,2048
1363,36.36167920052212,-94.19859274043672,2048
1358,40.11829364155872,-75.00283629161636,2048
1357,36.29059022434384,-96.25681649535257,2048
1360,35.54635735833285,-89.64737753645537,2048
1367,31.19713100944975,-87.12759808182693,2048
1361,33.6826873803231,-87.82461816352377,2048
1364,40.074653244588525,-74.87434473752575,2048
1365,35.331634548214936,-86.17858402585345,2048
1368,36.35826040606253,-94.24739297457266,2048
1366,31.23783405255319,-86.28538660381595,2048
1371,39.03165270747537,-77.14525525011778,2048
1370,36.3592121246363,-94.24528139147448,2048
1377,41.143497922502966,-88.58749627427233,2048
1369,36.35834730634564,-94.24576047455557,2048
1374,38.7437756001664,-77.50262720234991,2048
1373,41.62041723698455,-73.44224157293054,2048
1378,41.14519242144907,-88.58505555786996,2048
1372,39.13653361145921,-77.29281050144391,2048
1376,41.14247509077554,-88.58890720015523,2048
1375,38.74969807780355,-77.47440443595143,2048
1380,33.92797714229564,-83.81523472734759,2048
1383,30.613551381784536,-89.55394883560103,2048
1381,35.30354112533829,-85.87627224919748,2048
1387,27.44461583188229,-80.45082763146614,2048
1386,27.37206340552332,-80.41599827039303,2048
1382,35.63533295797924,-78.6301910242143,2048
1384,34.80085349589008,-86.52792922284381,2048
1379,33.86816614263148,-83.88237368219298,2048
1388,27.532864859754444,-80.41588482510618,2048
1385,38.796751762498346,-77.2437471956303,2048
1389,31.25090356079448,-85.28877556395828,2048
1390,40.7132826073652,-96.58293968387176,2048
1392,39.071358781972094,-93.71460156393258,2048
1391,40.84003015430256,-96.54721984156043,2048
1396,42.05015728917787,-87.7547257452557,2048
1395,39.17602897858278,-77.20898521762017,2048
1398,42.18736541219409,-87.82529280423844,2048
1400,42.27856719941302,-87.86663104917396,2048
1394,38.185572500063245,-85.88744219995554,2048
1399,42.21215650381556,-87.84163273280467,2048
1397,42.05030997476435,-87.75650314293206,2048
1393,38.17935846052647,-85.88374867201331,2048
1401,42.30155844366209,-87.8724976727545,2048
1403,42.35352088728327,-87.87630735310603,2048
1402,42.32111473946067,-87.87647245387666,2048
1408,42.06898729014887,-87.76124681956443,2048
1406,42.38482557513705,-87.85574256468061,2048
1404,42.37001765000858,-87.8750166000037,2048
1405,42.3794354990917,-87.82287271909392,2048
1407,42.38357595662117,-87.8327873252246,2048
1411,42.08736646907045,-87.7667621536779,2048
1410,42.08188496111653,-87.76514629231488,2048
1409,42.08065957028588,-87.76510304892193,2048
1412,42.126735787730944,-87.78569009969321,2048
1413,38.53752289871648,-77.28080768025808,2048
1414,39.859631111156254,-75.33177017171498,2048
1416,39.86137558442684,-75.33439055756313,2048
1415,39.86007917048344,-75.32727641792466,2048
1418,36.24870834793448,-92.24117443109252,2048
1417,39.860451645655,-75.32482257447765,2048
1419,36.24926664808356,-92.24003725701826,2048
1420,35.03882019768389,-79.029820586898,2048
1423,39.11328324700933,-77.50478892862066,2048
1421,35.06828120376388,-79.02213264479353,2048
1424,39.20769646071237,-77.45277983281382,2048
1427,38.90368747503452,-94.40373420466209,2048
1428,36.16430409994256,-94.13667485001837,2048
1429,36.19562150904992,-94.16232091073591,2048
1426,38.92982132574826,-94.38934138562806,2048
1425,39.29640124782416,-77.51480430816994,2048
1431,28.20335371044398,-82.68311789764724,2048
1430,36.19612246315797,-94.16227306055328,2048
1422,39.07717146684033,-77.52950947067484,2048
1432,38.89387446503054,-77.56452200928567,2048
1434,30.32517621734102,-91.2439713545495,2048
1433,30.321627230257725,-91.23802149731527,2048
1437,27.79090333690172,-81.87030660972728,2048
1438,30.526985457963114,-87.55693820467413,2048
1435,33.46573401548561,-88.90316806396629,2048
1443,37.15895265465496,-76.91727381604201,2048
1444,37.15932078871003,-76.916834370059,2048
1439,30.527094543296805,-87.50818117495317,2048
1440,35.72385820149423,-79.75516220114122,2048
1441,38.94221068868752,-94.60254995275616,2048
1442,37.15870263806892,-76.91698531678513,2048
1436,44.03230957636034,-92.49104002709164,2048
1445,37.42731955443533,-77.1559542284842,2048
1447,36.42658697185331,-95.7041918470383,2048
1446,36.86622412292196,-78.7063276458073,2048
1448,36.01151189214017,-95.70293654009744,2048
1449,31.22375852435701,-85.1162252130583,2048
1456,38.38248838631133,-85.80932417689077,2048
1450,35.746795806083014,-80.29026122917496,2048
1451,35.802144403469605,-80.04115123053836,2048
1452,35.89339560004816,-79.81288629999084,2048
1454,35.454416809200005,-86.83382940756557,2048
1453,35.72282996294574,-80.60097304365281,2048
1457,38.40251715492749,-85.78536484169341,2048
1455,38.30531810510811,-85.85418766433712,2048
1459,41.24474897029849,-88.22537889643819,2048
1458,38.440557325812186,-85.75485693658868,2048
1460,41.24444614932741,-88.66511262558056,2048
1465,34.35028720019157,-89.53417966091892,2048
1462,36.870899280415145,-85.14584648461634,2048
1464,34.34853961665469,-89.51427320091378,2048
1463,38.975819614879335,-81.94227197161112,2048
1461,36.06811669728727,-81.92423829092729,2048
1466,40.43100468398331,-86.85323790161344,2048
1468,41.5352421000501,-87.10052970000213,2048
1469,41.565081004299046,-87.04473608117762,2048
1467,40.45026090233439,-86.2866626953691,2048
1472,41.71941814336692,-86.91123046237394,2048
1473,41.72134783633582,-86.91130105375453,2048
1475,35.716161700320185,-78.5045631000084,2048
1470,41.651007050792494,-86.92856354999806,2048
1479,37.43906370013749,-93.26020204999888,2048
1471,41.6988226484476,-86.92299638100533,2048
1476,27.04787269588411,-80.26475757476018,2048
1474,36.1592394860202,-94.5270753341422,2048
1477,27.047414439317446,-80.16557334146879,2048
1480,36.33531885708826,-86.56233302304504,2048
1481,29.557971488154948,-82.50537218031636,2048
1478,37.34050314173341,-93.14646513341168,2048
1482,29.669640550337533,-82.59427149992568,2048
1483,39.90713076437707,-75.336778692391,2048
1484,39.91833917824252,-75.40355875348577,2048
1485,41.88913037173558,-93.60927984238351,2048
1488,41.51036875111536,-72.56970860203008,2048
1486,42.08614065605347,-93.80963024705731,2048
1490,35.2131110201452,-90.78973323836064,2048
1487,41.511421588606034,-72.6723086264056,2048
1492,33.99548527406494,-83.75316130963377,2048
1489,41.58843311070159,-72.86645639631566,2048
1491,35.23821066324563,-90.78903112077474,2048
1498,42.66924150156133,-83.00347895062329,2048
1493,39.806465171965314,-93.34504607106278,2048
1495,33.71061103437948,-84.35044884182021,2048
1494,33.65092639989759,-84.23472145033114,2048
1497,42.594553943354,-82.99670160434374,2048
1499,42.718051173073775,-83.00849957734154,2048
1496,42.47397290263325,-82.99664913560765,2048
1500,36.90230377902414,-90.48625876530046,2048
1501,30.03294677448419,-90.45806296194426,2048
1503,30.06122225934615,-90.58895173307307,2048
1502,30.03655628370782,-90.46054099262405,2048
1504,30.061965774851195,-90.58897294308458,2048
1507,26.094551850708804,-80.2345690501968,2048
1505,37.47505030491515,-90.11681781707536,2048
1506,26.093913880369257,-80.23474361288564,2048
1509,36.20524171806601,-86.46505776843505,2048
1508,38.69680275612532,-83.81543567469704,2048
1511,43.55416441590937,-91.99049676667651,2048
1510,38.979444110701216,-77.36155180423518,2048
1512,43.335680468011184,-91.16786550917878,2048
1514,32.3810179589125,-86.57549143585061,2048
1515,32.38328002462812,-86.57535324859376,2048
1519,35.45094534566686,-83.80524905226846,2048
1520,32.51136168589974,-90.08370610908383,2048
1516,35.271747451761414,-83.67686301720008,2048
1518,35.447526860522586,-83.86377842003661,2048
1523,36.165634967548726,-86.31173574538417,2048
1517,35.322580353069306,-83.79598969353067,2048
1513,32.37779153649929,-86.58367947333252,2048
1522,33.594934998278795,-83.95437388017562,2048
1524,35.63222790631888,-78.95194053487224,2048
1521,32.515504542910286,-90.1373490993606,2048
1525,39.39802685138916,-77.17216834194252,2048
1529,35.68981885975644,-97.31562795631596,2048
1526,39.476771300699866,-77.1967033516145,2048
1528,35.68856341844764,-97.5134105660995,2048
1530,38.5273530029059,-87.24945873499642,2048
1527,35.63638505474178,-97.6454710253114,2048
1533,32.816261193418235,-88.46059764768252,2048
1532,39.60435546983982,-86.17241874073929,2048
1535,40.69422866701576,-82.79966461563735,2048
1531,39.59529314815463,-86.18547990696027,2048
1536,40.8340297499428,-83.05477514999892,2048
1534,32.79037605186966,-88.5932736398088,2048
1537,41.02088134382808,-83.2992277604923,2048
1539,33.355782425326105,-88.47947661222632,2048
1538,34.95800868398273,-82.91004807988341,2048
1543,41.5893658031429,-90.51049943558311,2048
1545,45.75527269259542,-93.63853350329398,2048
1540,33.35880908912383,-88.45963417071088,2048
1542,41.5885312841845,-90.5503391382348,2048
1550,45.41137190765648,-92.6465641008458,2048
1541,33.93469649993357,-87.1585424999502,2048
1544,45.56910623111772,-94.03878149233512,2048
1549,44.83715358643635,-91.49953317418172,2048
1548,41.11970274167414,-81.22692737208708,2048
1546,39.30601754024831,-84.24944143703094,2048
1547,40.77327075775006,-81.32922432940791,2048
1552,34.91362805331917,-76.94423143421383,2048
1553,34.914501846517,-76.94442664924236,2048
1554,40.364224425630056,-95.92335266322029,2048
1556,38.639429684347725,-83.69248220897003,2048
1555,40.35981521567314,-95.64262731669882,2048
1558,34.43520501662854,-92.87692855717998,2048
1551,45.41156330190744,-92.64601605546596,2048
1559,39.42304159865942,-77.31014991716583,2048
1561,41.56516065023993,-90.81175080001168,2048
1560,39.43956620318149,-77.40109957675546,2048
1557,39.397673948214845,-83.85475569611378,2048
1563,40.540614912312975,-89.68631275190323,2048
1562,30.048257095030483,-84.60822814947825,2048
1564,40.56218212341472,-89.53745655231069,2048
1570,39.24390704009069,-84.43728240705768,2048
1567,34.966061256871754,-96.73163631844096,2048
1565,36.52486806602626,-78.88850564479036,2048
1569,30.146529195667863,-81.5291212475269,2048
1571,39.24416909996726,-84.43575305000807,2048
1568,30.10737023186997,-81.5376439524181,2048
1566,34.96438088205339,-96.73095168546809,2048
1573,39.28536802681588,-84.43541881853608,2048
1572,39.27789582597355,-84.43233104451821,2048
1575,29.088367532360547,-81.99447326598278,2048
1574,39.32752640995125,-84.44937740759092,2048
1576,29.01492210742599,-81.37218460499795,2048
1581,39.23195480876369,-94.30918442519295,2048
1577,34.571178920380746,-87.05875411549322,2048
1580,36.49688348463534,-77.81013946196015,2048
1583,36.108408038902496,-94.43423658234268,2048
1579,36.47462259062058,-77.67082673884845,2048
1582,39.325627616059705,-94.22766008809832,2048
1578,34.60662885300797,-87.05167861703353,2048
1584,36.54548172124032,-87.66758383760967,2048
1587,29.94492983448382,-90.06556628502298,2048
1589,40.401692746940014,-78.56650855355988,2048
1586,34.84174982137552,-79.73658086977937,2048
1585,34.84308888192843,-79.74641057467706,2048
1590,40.40223281835278,-78.56627557680348,2048
1593,28.575125286063063,-82.49837182115304,2048
1591,40.4662633264492,-78.32543477788082,2048
1594,29.981889631001454,-81.96464006252401,2048
1597,34.83278657896957,-86.63882400060034,2048
1592,28.52785311791935,-82.50061084685692,2048
1596,38.85441170904374,-77.21910862598459,2048
1595,30.06526470007557,-81.8983683243279,2048
1588,32.516651934925605,-86.41907535777213,2048
1598,32.5856994501928,-90.05412554049491,2048
1600,40.45425058605472,-80.57006047795369,2048
1599,33.635693441660905,-88.65327755992054,2048
1605,26.274069690448005,-81.75636963527977,2048
1602,27.897191050341423,-81.90051740004584,2048
1606,41.6600848815655,-93.81196356285017,2048
1603,26.17575059008313,-81.75312227423477,2048
1604,26.17617880037007,-81.75183940003892,2048
1601,40.72296668599178,-80.09839513103934,2048
1608,41.6612552028764,-93.75475251225625,2048
1609,34.042935436475766,-83.52554176735089,2048
1607,41.66119388672148,-93.80737832509908,2048
1612,35.27150730004446,-92.73164990001214,2048
1611,39.872788247485545,-77.16883523024156,2048
1610,39.86876416142604,-77.16769171212961,2048
1613,35.36309252527924,-93.00053696148852,2048
1614,35.88671071147607,-78.56207249968577,2048
1619,42.931065697414326,-70.84330778431413,2048
1615,31.421276770035963,-87.10840793882177,2048
1617,31.80124273766138,-86.6210303965223,2048
1618,42.90071891175247,-70.85388317774925,2048
1620,42.94730945401088,-70.86961983511776,2048
1616,31.422461130221325,-87.1080897787603,2048
1621,42.94983965993065,-70.86892322690153,2048
1623,41.36992010962824,-77.54105956565634,2048
1625,38.870791301287376,-86.50996196854693,2048
1630,36.8695336401206,-94.85841253354052,2048
1627,34.4102765105287,-80.19860164141684,2048
1631,37.62081890786881,-88.96198165633878,2048
1628,34.41764490078411,-80.16758079991455,2048
1629,36.6899786377232,-94.92842382552372,2048
1632,37.786854156138126,-89.21783630782919,2048
1626,34.38859749158991,-80.31937147089056,2048
1633,34.68342354051835,-95.93217724973576,2048
1624,38.86969689664225,-86.50624847301246,2048
1622,41.34089404991597,-77.76319859997417,2048
1634,31.36263918177462,-92.58382385578544,2048
1635,34.06395135597953,-84.31103862462899,2048
1637,32.58885338006955,-84.6931751182352,2048
1641,41.63359311154112,-87.54574514993838,2048
1645,37.1532293970236,-94.31216020449315,2048
1640,36.79525942876135,-83.75578842383143,2048
1643,41.64636214597679,-87.5414871749303,2048
1639,36.99824787851429,-84.39583205953227,2048
1644,41.669233246034814,-87.53981457228014,2048
1642,41.64595156540875,-87.54151197500241,2048
1638,40.1240910557784,-82.84503142904302,2048
1636,34.10559071071009,-84.37853966440572,2048
1646,37.18089395990364,-94.3187565247738,2048
1647,29.95296398362881,-90.08593636825256,2048
1648,42.14161303551938,-71.10094958833982,2048
1649,42.1545101827296,-71.04257059165813,2048
1652,30.55400627275676,-87.76411700650108,2048
1651,32.352128464237744,-81.17511914014082,2048
1654,42.6750243741948,-94.18950590473148,2048
1650,42.16719438276957,-70.99843199569263,2048
1656,43.17010377784287,-94.15656708375614,2048
1657,33.449032308716426,-84.51939204791505,2048
1655,43.1699495115662,-94.15864911435656,2048
1653,42.67455881338115,-94.188757230964,2048
1658,33.48400945142696,-84.46060446619971,2048
1663,39.79351009981642,-85.91528279998288,2048
1661,32.70405992504239,-92.07457494420522,2048
1659,40.28770603487542,-94.79095483349386,2048
1662,32.705729288420166,-92.06969753448784,2048
1664,39.71391907030899,-86.0524591909175,2048
1660,40.09949685128211,-94.48266665352531,2048
1665,39.86793989272539,-85.97092352446643,2048
1669,37.51560256425312,-77.3659734206982,2048
1666,39.63320570117169,-75.73068345936653,2048
1667,39.69301086803256,-75.69391670821773,2048
1668,37.49580287759934,-77.37049848404432,2048
1670,36.78388653219032,-83.04325593553715,2048
1672,44.449184024234015,-100.39041920343831,2048
1673,36.220670086590175,-95.27716854967196,2048
1676,35.69903935004347,-91.64883560001208,2048
1671,44.30425199983159,-101.69602654999268,2048
1677,35.7243662606849,-91.52229142018206,2048
1681,40.11586945008983,-75.41753319985614,2048
1675,32.006208642697395,-91.04751523328642,2048
1674,32.00518093352175,-91.0441485986151,2048
1678,37.63670813064636,-84.62631472240889,2048
1680,40.114695562284,-75.42018174087139,2048
1686,38.77422722231008,-93.91498124978996,2048
1682,40.114412309491016,-75.35845091575155,2048
1683,36.20969372862172,-94.47147036878184,2048
1689,46.81363187735648,-100.72892701854649,2048
1684,36.35937205048091,-94.18209094998568,2048
1679,36.02499498970612,-86.5926062427897,2048
1685,35.22707923207407,-81.74707240785003,2048
1688,38.50640645006833,-87.60440645001104,2048
1691,37.26486482569538,-93.03904952079,2048
1690,46.88424625613939,-100.80621069600669,2048
1694,40.91206620487043,-98.2623579179968,2048
1687,38.3744969214422,-87.76385082219758,2048
1693,37.329210386565535,-92.88084877937658,2048
1700,34.904838316545074,-79.75594922905564,2048
1692,37.3285190829032,-92.88333888180225,2048
1697,39.94129443688166,-76.84833868975099,2048
1699,34.90389069401976,-79.75855237168739,2048
1696,35.30240323157289,-84.78316532376617,2048
1698,40.12353240096496,-76.71120830798164,2048
1695,33.95690209942364,-87.87517351798813,2048
1703,39.96392956893915,-86.80404670790504,2048
1702,39.56878392650596,-87.35057136626193,2048
1705,38.97797130511044,-95.4286716751996,2048
1704,38.84219302003662,-95.5905154823738,2048
1701,39.5286329647072,-87.42456221613857,2048
1708,36.62402857537464,-93.19315738437484,2048
1706,39.00287004695078,-95.27091782867453,2048
1709,39.2856713059228,-91.12473702451648,2048
1707,36.59941171161067,-93.2618079023844,2048
1712,35.06689461125923,-90.1474537736666,2048
1710,39.343597101279805,-91.21919255002548,2048
1717,40.61974976814244,-75.30872975255201,2048
1713,35.07253360084939,-90.14878671737024,2048
1711,35.04352391041668,-90.09575521303115,2048
1716,40.62275336362673,-75.34919821178187,2048
1714,35.07124150417332,-90.00978115341192,2048
1719,30.37038648546153,-83.18245179790677,2048
1718,38.551745917802485,-77.27820941396155,2048
1724,39.58573317289676,-75.24738737038156,2048
1723,30.83413260480478,-83.22432212634514,2048
1720,30.728363658571823,-83.2179834235728,2048
1715,40.6188716001592,-75.33183314994669,2048
1726,27.357626370232232,-82.48356683168291,2048
1722,30.690021183793995,-83.23571746563275,2048
1721,30.764696103841167,-83.21023345743076,2048
1725,39.74100467332955,-74.96274105504091,2048
1729,38.148514516587966,-78.83356304938754,2048
1730,38.26605701393577,-78.81280536270623,2048
1727,27.35842349541872,-82.48228883741295,2048
1733,41.59011895467095,-83.4497249250559,2048
1728,38.10692778700067,-78.84878322156362,2048
1734,41.64509105018588,-83.45841970000015,2048
1735,41.66594434174386,-83.45943737445717,2048
1736,32.541484794716496,-85.03798150051328,2048
1732,41.47479450487528,-83.45143970687775,2048
1737,35.474557543507714,-77.11916205826384,2048
1738,38.00281764134327,-86.87327905161868,2048
1731,38.27990245719522,-77.20439147359916,2048
1740,43.79971902674636,-94.84141780035588,2048
1739,38.01727446475709,-86.79413127872097,2048
1741,43.80086846092957,-94.8401805666864,2048
1747,45.80218461551658,-87.97341107212097,2048
1743,38.16358126244088,-84.96202277780358,2048
1744,28.37399994520888,-81.37536327504155,2048
1742,38.44455639799799,-85.0059301568834,2048
1746,45.28422878159383,-88.17783152591079,2048
1748,37.21005687292251,-88.86021122480949,2048
1745,44.83842541595596,-88.19421122082943,2048
1749,33.923360983498334,-84.38049180184836,2048
1753,39.0148754618234,-94.32318698476242,2048
1750,33.94395654728232,-84.37096901676516,2048
1751,33.82442240906202,-87.3002805304547,2048
1755,29.159145968972197,-82.08573407541398,2048
1752,39.01249145795197,-94.38816507248194,2048
1758,29.998495988733676,-90.47573985209914,2048
1757,38.99131505443074,-90.84291237377523,2048
1759,37.219611024784,-93.32603428919352,2048
1754,29.124157434658947,-82.03170953490822,2048
1763,40.06102212282965,-74.16722874466117,2048
1761,30.055825506696703,-90.7939285793748,2048
1756,32.64848805471912,-86.73842914992893,2048
1762,30.05879504061341,-90.82861900392804,2048
1765,38.12661517583045,-78.22144779937891,2048
1769,38.67222499180687,-87.29176165530157,2048
1760,37.21965296049788,-93.3250275787319,2048
1764,38.117461334453374,-78.21561345535162,2048
1766,35.75412452401284,-84.05005573755747,2048
1770,41.96617685710977,-95.4073507567751,2048
1767,38.59298595531507,-87.31077977023817,2048
1774,33.01765682494184,-79.93212354865175,2048
1768,38.65898369217618,-87.2950530264112,2048
1773,33.058443825648354,-79.93888067026141,2048
1772,33.838748910670326,-84.36822209694422,2048
1771,33.826987762041455,-84.36768663046806,2048
1775,33.02259929268859,-79.9338132248907,2048
1779,37.95181079580878,-92.03016692849346,2048
1777,36.45644250219917,-86.67043931804149,2048
1780,41.49341713259953,-88.24186496881603,2048
1776,35.30685473425432,-95.35586705554977,2048
1778,37.9505510340854,-92.03135533051392,2048
1781,41.542468142861175,-88.23605697474592,2048
1784,36.12950484747376,-92.9710161088496,2048
1782,41.631005959343526,-88.12241993570693,2048
1783,38.81548627492726,-90.8254356582059,2048
1785,36.01510620021883,-92.78297100012364,2048
1786,34.91470694820388,-82.92253995263219,2048
1791,42.77446412222364,-96.76950984493028,2048
1787,34.37763081947994,-88.85889715131785,2048
1788,34.410652800301946,-88.86650374998025,2048
1792,40.22102112074175,-74.04587485456757,2048
1789,44.90191490997311,-91.56798803475284,2048
1790,45.38680254716859,-91.8679694618721,2048
1796,38.79915197759288,-77.06026895448365,2048
1794,32.40737388608737,-90.11580113396606,2048
1795,38.79709189372899,-77.05485591628302,2048
1793,32.349806497186094,-90.05500845819226,2048
1797,34.80333503606097,-77.44701517651349,2048
1798,44.47071853482551,-98.34138302270348,2048
1799,34.32678846357183,-78.68619474175175,2048
1807,28.55882480837962,-80.8449303014175,2048
1808,28.667297704592773,-80.89001645350886,2048
1802,30.776109758742894,-81.5410956694497,2048
1800,38.08115203335658,-76.84358127228295,2048
1805,33.870467179062175,-84.13287742194333,2048
1803,30.782563130804224,-81.56297728456812,2048
1801,37.48989202049986,-93.6207120069578,2048
1804,33.74905544797245,-84.00062258103549,2048
1806,33.91023985011722,-84.16717279882971,2048
1810,41.96812182393905,-71.52564126684734,2048
1809,41.96947474177488,-71.53915501429985,2048
1818,30.27851383759055,-91.11279057065283,2048
1811,41.99362163994336,-71.47266772486215,2048
1819,30.371663486928934,-90.97623760135606,2048
1813,34.74853009778466,-76.80309325402594,2048
1812,34.748462216943345,-76.80431438459442,2048
1814,34.82471088863972,-76.85413384066119,2048
1815,47.07007599071832,-101.19940939867683,2048
1820,30.48760748645708,-90.89631103570542,2048
1816,33.421186100336755,-82.31282890011848,2048
1817,33.43338855027479,-82.2512462994955,2048
1824,38.4098385729279,-78.9281377694875,2048
1821,37.0730476500647,-94.70214386225167,2048
1825,38.41129299344343,-78.93297201107401,2048
1823,38.31421806251863,-78.97082526603252,2048
1822,35.65411654390158,-84.15241862217921,2048
1826,33.98481429697039,-85.65193281644119,2048
1827,27.05274484906057,-82.35123819574545,2048
1828,26.977119340966887,-82.30917062866054,2048
1830,41.53478242757589,-90.46924747107164,2048
1829,41.53437350002478,-90.46884695009564,2048
1831,41.54108741443102,-90.45725249063442,2048
1832,41.54103842180668,-90.44894117742356,2048
1835,39.69245253246315,-86.32376311052761,2048
1833,41.541257605769815,-90.45002596955668,2048
1834,41.57219854442037,-90.48224077249178,2048
1837,30.66383157650606,-84.90079886974998,2048
1841,36.48420036263038,-78.89415413813721,2048
1836,39.71065946593294,-86.19404856612107,2048
1838,30.740682214356685,-84.69676705236212,2048
1840,30.67487395087342,-84.8877992359074,2048
1839,30.741330656070183,-84.6973249850831,2048
1846,36.35194801423769,-78.58902076942232,2048
1842,36.4903036472307,-78.91337409297665,2048
1844,41.89816470322599,-70.78840475444485,2048
1843,34.29805356565475,-92.87055326846748,2048
1847,36.35233593735847,-78.58873182984897,2048
1851,42.55341256316967,-95.3273624923265,2048
1852,39.38514284967129,-90.94838098401408,2048
1848,45.13732887472828,-93.28461407780736,2048
1845,33.92547227529527,-87.39446475947615,2048
1849,45.14363485006694,-93.28895014999992,2048
1855,40.5253626200631,-95.39453582092676,2048
1850,45.22081319943288,-93.30695512010035,2048
1853,41.39930018950084,-87.94901674833687,2048
1854,41.50860089177552,-93.92071790982229,2048
1857,40.60418319950003,-95.2750081695713,2048
1858,41.18756185834789,-94.39794995029604,2048
1856,40.52647881731404,-95.39470783390286,2048
1859,33.03206942797554,-84.20125818418181,2048
1866,36.11411834299256,-84.1201196198509,2048
1860,35.38336009583303,-80.83239881252494,2048
1864,36.093515292839975,-84.10867839145516,2048
1865,36.09366798232355,-84.10787462998843,2048
1861,35.38409207234512,-80.83149486009914,2048
1863,30.940786995390752,-88.01019803640943,2048
1862,30.813792775250388,-88.18586984359717,2048
1869,33.29087769910689,-89.4207848932865,2048
1870,33.29832862618448,-89.41271404242221,2048
1871,32.669161101344784,-82.79189589910848,2048
1868,33.28943402694752,-89.42188418493586,2048
1867,35.179709100451106,-85.96732219993402,2048
1874,44.28049609473268,-87.53837038745661,2048
1872,32.738453000918106,-82.73818865030215,2048
1878,39.33921498518831,-76.83948305717517,2048
1876,44.2862240247576,-87.57269405848488,2048
1877,44.32030774742235,-88.20667407605113,2048
1873,32.568481117763845,-82.89826164657902,2048
1879,39.46002723006609,-76.83983680181348,2048
1881,41.75411383798209,-93.56162326463904,2048
1875,44.283376398091214,-87.55532798793006,2048
1880,41.75971234668031,-93.02318590843016,2048
1883,47.48643650723284,-94.95173217197966,2048
1882,47.55783225277983,-96.0140824371038,2048
1888,38.43344328650476,-98.3411653797973,2048
1884,37.95394038852008,-86.81892300544796,2048
1892,38.7879219159968,-94.98860316222924,2048
1890,38.73019567164964,-94.89211411626287,2048
1886,38.58567384505949,-75.24360048196232,2048
1889,40.03000039804694,-74.18582814203161,2048
1887,38.09486338777236,-97.87131177172569,2048
1891,38.78784146435065,-94.98608136277208,2048
1885,38.58376597574944,-75.24060360652405,2048
1895,39.33044239701125,-94.58045085613392,2048
1893,40.59706033718125,-74.4864102295705,2048
1894,40.67810322812367,-74.46266612983592,2048
1897,32.47598811865184,-80.75782635413705,2048
1896,39.27722508814342,-94.64735805465664,2048
1899,29.230933449012888,-82.07889230434704,2048
1898,29.22934548588977,-82.07841074372487,2048
1902,35.34309756643825,-91.53914674604172,2048
1900,29.729134207957475,-81.63218957803898,2048
1904,41.6010919909152,-73.24118390460627,2048
1901,35.3284111743864,-91.56176639126772,2048
1903,37.94644485898972,-86.79018818591142,2048
1906,42.62386131766288,-71.24665933374946,2048
1905,41.61250889591313,-73.06068333570956,2048
1907,42.736666466054935,-71.30997534115619,2048
1911,28.057361988296996,-81.24245737164647,2048
1909,36.60979402122801,-91.64270893808686,2048
1912,27.902892524971247,-81.6628829466337,2048
1908,36.272827695517535,-83.22636952503052,2048
1910,36.50825491802424,-89.56856743188392,2048
1915,31.418427925229977,-89.50177520944601,2048
1914,34.38202311730427,-80.14602191812217,2048
1913,34.40162137513768,-80.15758002903779,2048
1916,31.41858805552463,-89.50251635183818,2048
1917,31.52888743980733,-89.30154542250268,2048
1925,41.10313375536518,-101.70989366481916,2048
1918,27.55185989362142,-82.45772965755356,2048
1919,27.58057577106986,-82.45767661466392,2048
1922,38.92306565969372,-92.5736850014261,2048
1920,27.60394999632261,-82.34544636754536,2048
1924,41.08105023431594,-101.14724879472556,2048
1921,34.05302625005884,-87.55296425000553,2048
1928,35.22651094581773,-86.09780654715223,2048
1926,42.56143349968304,-93.86368770000028,2048
1930,33.1429708715429,-87.15694571834462,2048
1923,41.10197870231136,-101.70942145576733,2048
1929,35.22760398458292,-86.0971613804588,2048
1927,42.56424784017199,-93.63590389436378,2048
1933,26.695464900254866,-81.11239745009364,2048
1932,33.044322518698536,-87.4474463647753,2048
1935,26.703733206451208,-81.60040254895044,2048
1934,26.70378805177344,-81.4377579606497,2048
1936,26.64987774710365,-80.71318516525253,2048
1931,33.2197742944836,-87.06302375678273,2048
1939,26.69540487740015,-81.13808674958753,2048
1942,37.213098032117855,-76.46109536756259,2048
1938,26.692138821414257,-81.32423083939113,2048
1937,26.690085974657386,-80.94339579214615,2048
1940,26.69600984917952,-80.3762938003112,2048
1941,26.69926337218764,-80.37637514803677,2048
1946,33.81199206796009,-86.98512052401657,2048
1945,39.88765114614911,-82.56887410389713,2048
1944,41.819513123359776,-103.94252848852788,2048
1943,41.79833302402932,-103.96196931096526,2048
1950,38.970718451219895,-78.18106655751004,2048
1948,38.94182496755649,-78.14992644446173,2048
1947,38.65163690003853,-77.92666095031745,2048
1949,38.96547832657559,-78.17723966614257,2048
1955,33.80951263507815,-84.35286424756701,2048
1952,39.025034661266936,-84.37670026857461,2048
1953,38.90903190153364,-84.8517216670107,2048
1958,42.77203318993701,-82.49056026230853,2048
1954,33.79103517839477,-84.36632076779281,2048
1957,42.77204487884693,-82.49524801539818,2048
1951,39.36203117828646,-94.58635286938716,2048
1956,33.94373652457326,-83.51117079650383,2048
1960,34.35952964611242,-89.48506532837072,2048
1959,42.78310414114801,-82.49487754299061,2048
1963,39.0118195151881,-94.69835160648968,2048
1962,33.992211452481484,-89.65824418070451,2048
1961,36.35820254267032,-94.354521539839,2048
1964,39.08635617602537,-94.61894312295298,2048
1965,39.06908600892274,-94.64725927252256,2048
1966,32.74356025881715,-85.341747277942,2048
1970,29.723079531034468,-81.76486581427487,2048
1969,43.3760233389539,-96.44996559559104,2048
1968,43.0678796204098,-96.40135981978354,2048
1967,34.19884905722305,-87.05362760100417,2048
1971,44.7058741983872,-100.32640516600064,2048
1972,44.70660759997874,-100.32578574999732,2048
1973,45.00971371454308,-100.22833425015286,2048
1976,34.06161235830908,-84.6496793191966,2048
1975,34.05011519454143,-84.58528584402566,2048
1974,41.5544871156575,-72.57806007505116,2048
1977,30.638768720703744,-91.24512748659993,2048
1980,40.54428863021642,-74.74274099685768,2048
1981,40.9915460331566,-74.63535215639428,2048
1979,30.59135863362602,-91.00616470929565,2048
1978,30.56734552712256,-91.00364016316128,2048
1982,38.73838711038636,-76.8709456863813,2048
1983,38.75521603347587,-76.92309699033046,2048
1984,38.77332735975002,-76.95894875552737,2048
1985,35.38605863847537,-89.80341777929446,2048
1990,41.78420714417975,-88.30873877497596,2048
1988,43.28779272539667,-91.00661939854656,2048
1986,37.158703118329655,-84.09803166562023,2048
1992,41.79524321287189,-88.24304088009974,2048
1989,41.80230166510032,-88.3750674971339,2048
1987,43.5614277759997,-91.23043501480886,2048
1994,41.7606090932392,-89.60915179781968,2048
1991,41.78857475010353,-88.28084775003641,2048
1993,41.79788676341453,-88.23349712285382,2048
1995,41.806477993333935,-88.43370587768793,2048
1999,38.73763761326603,-90.04268420791311,2048
1998,38.73570474069837,-90.04391021138119,2048
1996,41.80254747579808,-88.35103866613811,2048
1997,39.29040286372973,-92.47804162461637,2048
2000,38.82497600869958,-90.09718533912611,2048
2001,35.80668446994584,-85.6357353563069,2048
2002,34.7377089305008,-87.63366598968395,2048
2007,41.55489686680088,-91.22368668626063,2048
2005,28.655867627292466,-81.41204000457809,2048
2004,36.12985854308212,-80.83295437824538,2048
2006,28.675287728231076,-81.35914597533827,2048
2003,35.77993185298041,-80.98911402334596,2048
2008,41.57301561819874,-91.53264426328994,2048
2011,36.46532916289059,-90.11628516046385,2048
2010,36.21968880511512,-89.75575323962734,2048
2009,36.21877691103459,-89.7558461662926,2048
2012,37.818809318018815,-77.43722654538753,2048
2015,33.72514777386095,-88.45015661022599,2048
2020,37.14890671813637,-88.77679936688577,2048
2014,33.83482375963968,-84.33153985343219,2048
2016,36.820301229606216,-94.3957307776655,2048
2017,36.83926052422464,-94.41097430803477,2048
2013,37.8215228903632,-77.44358303331965,2048
2019,37.00675752689761,-88.53291369436297,2048
2018,37.02467640082848,-88.39424780451145,2048
2022,35.11034275004192,-92.51736970001066,2048
2021,35.10078407161145,-92.5069961853591,2048
2024,29.49755337196017,-81.26819020877976,2048
2026,36.78158906299594,-83.04462601753806,2048
2023,29.406398345264137,-81.1695530499711,2048
2030,30.286639837873377,-90.78613048965678,2048
2025,35.395818792056794,-78.54589527140008,2048
2031,34.26259712052156,-89.06929798290076,2048
2029,34.56321780040327,-87.0165007999857,2048
2033,36.277689062689376,-86.71315069174177,2048
2028,34.560000814374376,-87.00877768170754,2048
2032,36.27673385526994,-86.71265577845892,2048
2027,34.55773855787611,-86.98114801499074,2048
2035,30.15855363318569,-81.51856890620597,2048
2038,33.327600322805765,-82.05654627542867,2048
2040,45.3309709873176,-93.8462254452521,2048
2039,33.34159086814486,-82.14966942199534,2048
2036,30.19245897369153,-81.52149480796713,2048
2037,36.05176874314743,-94.2791407252974,2048
2034,35.28260248165147,-83.45242657107401,2048
2041,45.37491438606252,-93.89761317534295,2048
2043,40.81297177580763,-75.56897322454807,2048
2042,37.21331217520343,-88.86089430175039,2048
2046,34.155930774003565,-84.27612878170638,2048
2044,40.93538500370418,-76.03032122750301,2048
2045,34.12927981431795,-84.2298793578811,2048
2047,33.37498270072348,-89.21715845031865,2048
2052,37.6455405371104,-87.5035517043898,2048
2051,38.85997014837529,-94.29659235068456,2048
2049,36.27911580394808,-82.3815868669193,2048
2048,38.21375415472899,-90.45135704526945,2048
2053,37.65610187737503,-87.5034961721411,2048
2050,36.312887760163854,-82.39201271404504,2048
2054,34.99763860482892,-81.12156850414102,2048
2057,39.16543651689216,-85.95978828048915,2048
2056,39.29610577160069,-86.52037058172438,2048
2062,34.24599347642866,-88.71430381564733,2048
2058,40.24047916802292,-74.51849756804266,2048
2060,40.28202877781905,-74.69228681341161,2048
2055,35.853851292140924,-86.66044306600008,2048
2059,40.248906970774414,-74.56500929450004,2048
2063,34.25608119362587,-88.69648653627995,2048
2064,34.40740243495932,-79.38976511191522,2048
2061,34.26413402629144,-88.73065852381117,2048
2065,43.82779535434559,-91.23877962072456,2048
2066,36.26886450895287,-95.10116012021255,2048
2067,36.228051565672445,-95.1818547036732,2048
2070,44.5000787189064,-89.60527317013276,2048
2068,35.6690262234735,-78.57777742938848,2048
2077,33.62193159776862,-88.45062839241169,2048
2072,44.858589786976005,-89.65515525565769,2048
2071,44.84721510995452,-89.65609943691898,2048
2069,34.93471330623874,-85.17887619430545,2048
2075,30.564473729981756,-90.89485926115375,2048
2078,33.62298470966274,-88.44984192111039,2048
2076,36.109035343450806,-87.07892110677001,2048
2073,36.46670590892491,-77.61453621427857,2048
2080,35.9505289563988,-77.83400913050251,2048
2081,36.07462059605721,-78.01688751770105,2048
2079,47.37268151935017,-101.09831932323291,2048
2074,33.89626874394176,-89.29348877597305,2048
2083,40.83609425585451,-76.82786349784288,2048
2084,40.83640596656573,-76.828473529629,2048
2085,40.53240000010115,-79.21791324996606,2048
2087,36.875367984972605,-76.42107215881566,2048
2089,32.14769295701039,-81.1527384039986,2048
2086,36.88339263401792,-76.5249129052457,2048
2088,32.33053420021724,-81.18768040010696,2048
2082,40.8352179144558,-76.82898385346657,2048
2092,39.11779273491279,-94.55746835260226,2048
2090,32.151626474168395,-81.17383729015485,2048
2093,39.12211955258787,-94.56026047840402,2048
2097,33.96776754791048,-84.3818025317277,2048
2091,32.20886175028014,-81.20821094985023,2048
2095,38.7637727004487,-93.74553204996224,2048
2101,27.954870792956505,-82.34163312500796,2048
2094,38.56551355011717,-93.75146539999209,2048
2096,33.96610804004697,-84.39509863224437,2048
2099,27.908311600283017,-82.4062784000172,2048
2098,27.90676022548224,-82.39903618841235,2048
2102,27.985027945809136,-82.35848461140748,2048
2104,28.044139288991552,-82.36363409914368,2048
2100,27.943326538901548,-82.34175239805283,2048
2103,28.026700859731164,-82.36244958115903,2048
2107,35.191943938879,-85.047941836116,2048
2105,28.048044313036986,-82.35908280695054,2048
2106,34.224285149164906,-81.39542588632528,2048
2108,35.22706034145285,-85.09419779291801,2048
2109,40.44315965625158,-86.99677375011552,2048
2111,30.27684291374598,-91.11038652461949,2048
2116,41.43106018353924,-87.61914670537527,2048
2112,39.07535862527028,-93.81617276396167,2048
2113,39.18013771503171,-93.88576222002364,2048
2115,35.699703832570016,-79.16658608355662,2048
2110,40.469082300211504,-87.01458493939127,2048
2114,35.69950400467128,-79.16557949240888,2048
2118,26.312335425132947,-80.21883905656782,2048
2120,26.391872691412296,-80.22084226678005,2048
2117,33.63476153785328,-87.06132910988131,2048
2119,26.33676162581347,-80.21974656507496,2048
2123,36.05678906943404,-86.77069603064481,2048
2124,41.16915314204896,-96.08801883003017,2048
2121,26.4282711904532,-80.20534767498751,2048
2122,31.387447402961456,-84.08165605368487,2048
2125,41.16963539736568,-95.96946192385812,2048
2126,35.0446039065341,-89.74026690002901,2048
2128,41.68585676550948,-70.3503228228956,2048
2130,41.71747024993411,-70.46635157734936,2048
2127,35.075176972824764,-89.65429813308525,2048
2129,41.68709809768163,-70.34985374562201,2048
2133,41.76639362043503,-70.55818569297216,2048
2131,41.75183400289584,-70.54578714315265,2048
2132,41.76584472299439,-70.55907808042012,2048
2134,41.76660858739931,-70.55666265160114,2048
2136,41.7823393501931,-70.58143300410845,2048
2135,41.782023552275206,-70.58227370366758,2048
2137,40.479449208006855,-74.35358068694032,2048
2143,38.85677730396135,-76.8013456733403,2048
2139,41.88588831920488,-86.18942134182116,2048
2138,41.66889812849935,-86.13636460357532,2048
2142,42.46995342221668,-92.45207636393047,2048
2145,38.63056367595477,-92.58224874781028,2048
2140,30.908601229025574,-90.87158583929228,2048
2146,38.63128974897132,-92.58188697462802,2048
2144,35.47556287904565,-84.64184195747077,2048
2141,42.464485653159215,-92.42758700340512,2048
2149,38.49669230199154,-85.56166142866441,2048
2147,36.95430677508073,-85.96935840126264,2048
2148,33.32790692924594,-89.177247727369,2048
2150,35.62582367947629,-77.36551155010726,2048
2152,33.726660332483405,-84.37260284616421,2048
2153,40.53096551560721,-78.05293542904926,2048
2155,35.330213497756084,-92.26756743531465,2048
2159,31.31119757400112,-92.56905766076164,2048
2158,31.26843241737168,-92.51347146364766,2048
2157,35.479234976110384,-92.035658868136,2048
2156,35.435350675151994,-92.10737623436565,2048
2151,35.83844977379811,-77.10592414107256,2048
2154,40.65772677867257,-79.33853001453231,2048
2160,38.11163077408088,-89.34846109842721,2048
2162,33.319765499047506,-81.99532419812378,2048
2161,38.11162707573831,-89.34729817512427,2048
2165,27.33094141387078,-82.44611922471293,2048
2163,33.2338019452766,-82.38065697221552,2048
2164,27.284866668765805,-82.44753333164034,2048
2167,43.07486797481756,-93.60585136832466,2048
2166,43.07422174988159,-93.6059286546894,2048
2168,34.36668095046757,-86.3869321367769,2048
2169,34.42085946461532,-86.39381665517244,2048
2172,34.77898702870047,-87.53024490381823,2048
2170,42.41685373543682,-96.50360207512584,2048
2174,34.40150335020502,-83.700747651148,2048
2171,42.44773564663885,-96.50336347680086,2048
2173,34.26050835040089,-83.71344375005947,2048
2179,34.133502216574755,-80.95470360213642,2048
2175,40.45437679237019,-75.50528169069537,2048
2181,34.35713192269661,-81.13924369543858,2048
2178,34.12224642339374,-80.94402434932583,2048
2176,40.455732415857305,-75.50320060717404,2048
2180,34.1740742500583,-80.95480329999698,2048
2177,40.49197580466933,-75.34664295524428,2048
2184,34.36766381799158,-81.08738248528132,2048
2183,34.29158600022387,-81.00573544989253,2048
2186,35.68383276452429,-90.00681267758226,2048
2182,34.189926591714055,-80.96825881062584,2048
2185,34.36935766293246,-81.08952777937911,2048
2187,35.7080794171654,-89.9899556808229,2048
2189,37.66339691623885,-87.11220001649643,2048
2192,34.31140303151613,-86.2317637959293,2048
2191,34.29387407865808,-86.23933704625273,2048
2188,33.765351792640594,-84.37143100794869,2048
2197,36.8675926893823,-89.83994221911536,2048
2190,40.63404730091073,-80.40821845829144,2048
2193,36.87108221547087,-76.3769645974754,2048
2194,36.8940694441792,-76.34502128413818,2048
2195,38.69931107661333,-88.53789901010734,2048
2196,36.86494776925159,-89.83045782529636,2048
2198,40.41630393478741,-75.9272959801598,2048
2204,41.63820943501019,-88.09483006990209,2048
2199,39.31177469674682,-92.6284175258328,2048
2206,41.70397483800216,-88.09692942428833,2048
2200,34.05984470042298,-86.78026615000803,2048
2202,31.296685572762204,-92.34082317652656,2048
2201,34.0607626954126,-86.78064872480944,2048
2203,35.736830355148385,-79.43959139188775,2048
2205,41.66202040887845,-88.09394212995876,2048
2210,40.677451008679824,-84.18316032974371,2048
2207,41.756543931890114,-88.05953551550249,2048
2209,40.85063310755753,-80.33467099370571,2048
2211,40.5865631756248,-83.73146738539761,2048
2208,40.84970440772871,-80.33473931251247,2048
2212,40.33283999613622,-83.43021161304576,2048
2215,38.519079077462216,-87.26985686876702,2048
2214,33.62961525008635,-87.59744920010415,2048
2213,35.926848991616694,-78.81706659775921,2048
2216,35.94148264969432,-79.75426261707246,2048
2218,36.01194179947179,-80.21919180055806,2048
2219,36.00063860030899,-80.13782550000539,2048
2225,43.20973645044822,-84.64257661648452,2048
2223,34.05745397260973,-84.22913762898385,2048
2217,36.01143338132575,-80.2222387216567,2048
2220,36.018237650531795,-80.01383970029723,2048
2222,34.05785257479415,-84.27601224169491,2048
2226,43.20977018814725,-84.64147796485997,2048
2227,43.20961344770072,-84.52940069284028,2048
2224,43.21074854832092,-84.82664456411294,2048
2221,36.019078793333634,-79.95740167626299,2048
2228,39.15285934095016,-84.40517158387456,2048
2231,42.709073974176015,-90.98456996514491,2048
2232,42.72314217880817,-91.00742146984472,2048
2229,39.19526819745273,-84.45351162007833,2048
2230,39.20494799200047,-84.47776956447724,2048
2234,42.50900817896912,-92.36835677464197,2048
2233,42.50444996927844,-92.3525874869584,2048
2235,38.35943925095742,-76.96397726224482,2048
2236,35.97274841826593,-92.73601481619076,2048
2239,31.524394037207745,-90.64411441360826,2048
2238,35.60032501352119,-84.78911440442187,2048
2240,32.00399429554122,-91.04197238285994,2048
2241,35.47207997198503,-94.33831362252832,2048
2237,35.87958044783488,-84.67088208326038,2048
2242,35.47311618354591,-94.33786427922789,2048
2243,34.20990723659254,-84.77906454902762,2048
2246,35.28894707180695,-95.1137746731064,2048
2247,35.34439005031719,-94.77358445103584,2048
2245,39.54481688549848,-92.64092856966909,2048
2248,35.46932784623535,-93.8175418094466,2048
2244,38.97982784037425,-91.98024246885288,2048
2251,35.849188201760384,-90.7385353991638,2048
2249,37.13923992279925,-94.30525921063447,2048
2252,35.916069049821495,-90.64752130001864,2048
2253,30.227682998198823,-91.06832497978694,2048
2254,30.229977627313925,-91.06668868418484,2048
2250,37.13715225176573,-94.10426533679713,2048
2260,40.928340916598046,-84.56062056425996,2048
2256,30.254959046475932,-91.09572288455992,2048
2255,30.25259160750998,-91.09383380552332,2048
2259,40.928530113101054,-84.739221523896,2048
2258,38.87810927352922,-91.0113330736972,2048
2257,38.86897127971479,-90.81508189347244,2048
2263,38.90042170021066,-75.8125721998472,2048
2265,36.1658466219474,-86.86627591109793,2048
2268,37.79293101304626,-97.51958086057932,2048
2262,38.89230970475292,-75.81639656408771,2048
2261,40.92955718928421,-84.56070287120673,2048
2264,39.61281240755512,-75.77151715781427,2048
2270,37.91170813698452,-97.52730719986069,2048
2266,36.17205460005184,-86.86245504992894,2048
2272,38.113472494501885,-97.79069617456592,2048
2267,42.20381112695791,-71.25342094379147,2048
2269,37.824413133748266,-97.52229607133954,2048
2271,38.16178796611584,-97.52997684579142,2048
2273,34.21873985393399,-83.80262963723287,2048
2276,44.03458189920756,-92.6696569601371,2048
2275,37.35108650004356,-77.39525650003785,2048
2277,44.02761577223049,-92.85747250939748,2048
2279,30.510878755735416,-91.17739945048486,2048
2274,37.29114890001286,-77.30915254993191,2048
2282,34.88629784882756,-85.75506540937009,2048
2278,30.491016363026898,-91.18531398455949,2048
2281,35.056659134899085,-85.3872891884666,2048
2280,30.51918662426353,-91.18300200341724,2048
2283,33.99878556098455,-90.01631362513591,2048
2284,33.96559614569613,-89.90128076783965,2048
2287,39.76666667780294,-83.97848437126198,2048
2285,40.52716745879134,-74.40310513079106,2048
2286,40.53357917109808,-74.42528676647102,2048
2289,38.90198445004605,-82.12731635001741,2048
2293,39.83356519514934,-80.80593990858571,2048
2290,38.96179161517237,-81.92965095465132,2048
2288,39.94175622722203,-84.1697744325153,2048
2294,25.43554279568704,-80.33361005614488,2048
2295,25.640138777461328,-80.39658204036775,2048
2296,41.45880626330631,-93.68048801685788,2048
2291,30.9127088774484,-89.33587913730976,2048
2292,34.59216266073271,-84.56439236136671,2048
2297,41.541727072040295,-93.52721403537866,2048
2298,28.61936623416551,-81.28472384134409,2048
2299,41.39829379078412,-87.95259927907195,2048
2300,41.35276107150018,-88.34715775723754,2048
2306,38.824405131834375,-90.50356426223269,2048
2305,38.82221358257788,-90.52950866699015,2048
2302,28.49409614562608,-80.80312538684508,2048
2309,34.2468718881934,-81.58894173619485,2048
2303,36.11883517666365,-86.77160801409777,2048
2301,33.96281795794772,-81.05408189571281,2048
2308,42.439885466422446,-87.89887241020178,2048
2304,38.82648946191498,-90.68073902239094,2048
2307,38.91493753222873,-90.29384396346002,2048
2311,32.823148287188744,-84.97449115490043,2048
2316,37.05429370088507,-87.0863435502395,2048
2313,38.62427285303709,-93.9878830739259,2048
2314,36.55561035167605,-87.31925866681328,2048
2315,36.88934826390589,-87.17197679808457,2048
2312,38.52860127962771,-94.0696880147314,2048
2310,32.67127590050898,-84.94930750026384,2048
2322,39.09475547660983,-94.41148874374689,2048
2319,25.8058163565216,-80.32652332513946,2048
2317,38.03837651911717,-93.67410393956442,2048
2321,35.717429201171086,-86.41265739965681,2048
2320,35.52128579917423,-86.33560608590751,2048
2318,38.039306201689065,-93.67471035755553,2048
2325,35.85102694467147,-76.76872363140109,2048
2324,35.80569770606269,-76.87969427610017,2048
2327,39.11189260681712,-94.58041187663956,2048
2328,30.361673393247592,-91.04797434199604,2048
2331,30.4098989996745,-91.02895749686044,2048
2323,39.09556536616884,-94.38800931064674,2048
2332,28.622990430181847,-81.45468197661205,2048
2326,39.11150271515682,-94.58157296174184,2048
2334,38.41225909625514,-78.88259631853315,2048
2330,30.435748486456166,-91.05913888322245,2048
2329,30.389108251270464,-91.0346091499566,2048
2337,29.95327603594693,-82.7796114631013,2048
2333,38.4112918417846,-78.88229160456733,2048
2335,29.636909388906503,-82.67864420018934,2048
2336,29.723534582292555,-82.70737779964398,2048
2342,37.73232025044034,-78.28976688404163,2048
2338,33.89765407612181,-80.32401611868418,2048
2345,41.45091893341911,-87.39892702501935,2048
2340,38.990867473800485,-95.81267149431513,2048
2344,41.43242409897504,-87.48840042440264,2048
2341,37.70969694272859,-78.28859436331398,2048
2343,41.433629554390265,-87.74109696933918,2048
2339,40.61817171258063,-95.78068722081028,2048
2346,41.43988870073132,-87.75145453239216,2048
2347,29.623878886304848,-90.6934665554376,2048
2352,38.50030292824702,-90.87995275876192,2048
2348,29.655160895182597,-90.74530892206263,2048
2349,29.65877689988207,-90.75634201918548,2048
2356,35.02102441376128,-78.91665643557712,2048
2354,42.34232548608987,-83.18028283443701,2048
2351,38.499174491255765,-90.87976287493098,2048
2357,40.84200247301418,-88.59893392977028,2048
2358,43.64753516466957,-93.26272536649928,2048
2353,42.32737982095517,-83.19631657135874,2048
2355,34.87916603395313,-78.78205187289947,2048
2350,38.495247305901614,-90.50896923330812,2048
2359,43.71714590193341,-93.4097385495324,2048
2361,36.55166925031577,-86.2235313997791,2048
2362,34.952765054036654,-82.15549696032055,2048
2360,35.18746119958595,-86.83354285029829,2048
2363,34.998120579759565,-82.03703339626469,2048
2364,35.00644721376342,-81.8963720491599,2048
2365,34.82806485835584,-82.52349901659676,2048
2367,40.96254219471527,-88.44653313534192,2048
2366,40.96183441642846,-88.44732726941159,2048
2369,35.18428409054044,-84.82135173214462,2048
2370,37.86783513224032,-99.75340255550252,2048
2373,42.686715699351566,-95.26051185004052,2048
2372,35.30555342521974,-93.12320346077207,2048
2371,37.86974397565951,-99.79635253036024,2048
2374,42.68680449918693,-95.25968265300418,2048
2368,35.21852805620307,-84.58891885592914,2048
2377,30.932110246462724,-84.04332081685611,2048
2376,30.90849502138541,-84.00505527766354,2048
2375,35.892993062291126,-89.79711163043429,2048
2382,34.64166961634266,-92.41051680614328,2048
2380,38.82184980543386,-77.22367146428718,2048
2378,31.172352969599384,-84.13134071433639,2048
2379,38.69237136588217,-77.29483148356209,2048
2385,33.81364788568208,-83.69486322051024,2048
2381,34.634429417294655,-92.41061038298662,2048
2386,41.64305149885043,-87.85310601547528,2048
2389,41.73851118459215,-87.80858521804187,2048
2384,33.01019913159241,-79.88364209150694,2048
2383,33.00417700482052,-79.8551283635059,2048
2387,41.65773930536479,-87.81041862305757,2048
2391,41.76151226683109,-87.76571402401808,2048
2392,40.38402841416336,-76.9067410278046,2048
2394,40.50746295971771,-80.30485113556364,2048
2390,41.753041848172,-87.79314774482033,2048
2388,41.70505824640684,-87.81218975225029,2048
2393,40.41229212040973,-77.02433811479457,2048
2395,33.70658747627797,-84.95061181907423,2048
2403,39.3089589671039,-100.92036937739324,2048
2396,39.42449131556005,-92.48354888152768,2048
2399,28.49498107899042,-81.15923002503948,2048
2404,37.17935964968459,-89.5336308206341,2048
2400,28.502610753499237,-81.04313955904189,2048
2401,28.49201787269877,-80.78067765733448,2048
2397,39.40731674146712,-92.85080920126023,2048
2398,34.47667149528295,-86.22476043165118,2048
2405,37.25833161617943,-89.83562187009524,2048
2402,32.54337109336938,-82.96209125109053,2048
2406,39.014906195492784,-76.7709989176102,2048
2407,39.05471231690253,-76.85012578016726,2048
2409,35.29725761116087,-76.85182541738757,2048
2408,35.3464552754952,-93.96995145940164,2048
2412,35.29827040020375,-76.84298304986658,2048
2410,35.29756029996585,-76.85286369994895,2048
2411,35.29779320002209,-76.8509911999841,2048
2413,35.37324740422528,-76.78143346646733,2048
2415,31.579756757281334,-81.88413977112124,2048
2414,31.293544338622887,-81.68082184443499,2048
2416,31.60310630143784,-81.92494738333019,2048
2417,31.615300000164492,-81.94726134991448,2048
2419,40.21530918135132,-83.08938142864918,2048
2420,40.2707663807868,-83.18544598157804,2048
2421,35.57767398894336,-89.27456497622465,2048
2423,35.492717421839934,-79.19519562925214,2048
2418,34.483032684057505,-87.90795523479306,2048
2426,33.87648573965553,-84.38078721156037,2048
2425,33.85608139706426,-84.3836244335577,2048
2424,35.49328598443699,-79.19345432316786,2048
2427,37.53890897015318,-93.3805223607012,2048
2422,35.57859230045965,-89.27546364992344,2048
2428,34.93154140023616,-89.98215980000724,2048
2430,34.86167549928509,-89.96437829989932,2048
2432,29.955394656522103,-90.13734249059436,2048
2431,36.33677797734231,-93.46689733105865,2048
2429,34.96763596087567,-90.0180945231495,2048
2433,36.690097894694574,-76.18987481802665,2048
2435,35.71673233302577,-95.46804537599988,2048
2436,35.75519349538819,-95.28711515563266,2048
2434,36.763036305633946,-76.35485090753365,2048
2438,39.16841207181975,-94.69628064461276,2048
2437,39.139088369687386,-94.7258482502705,2048
2441,35.35257221656359,-96.1174760668272,2048
2442,35.97720304202483,-90.5661718465246,2048
2440,33.96123294228577,-78.01065344218931,2048
2439,38.85509163308004,-93.24938313368766,2048
2443,36.05559603824569,-90.47534816744113,2048
2448,39.81805454075283,-75.43308376436187,2048
2445,41.48922023804462,-72.7550151125978,2048
2444,39.201065838612365,-79.22191777251707,2048
2446,41.51011898784298,-72.75190040054186,2048
2454,40.83393138087235,-74.0161971340852,2048
2447,36.30663554837224,-86.62297466269884,2048
2451,40.804319421087584,-74.02557253089219,2048
2449,40.77884623381711,-74.04225134220496,2048
2452,40.83327831254445,-74.01604775280076,2048
2450,40.7887526351873,-74.0358448290563,2048
2453,40.83308428565332,-74.01438727798173,2048
2455,40.83456780512571,-74.01613782614139,2048
2459,36.710460999834616,-76.58031715026647,2048
2456,36.07926503644049,-90.48896316815544,2048
2457,36.07980001407133,-90.4725221159344,2048
2460,36.77127875057834,-76.69661825017698,2048
2464,31.423038037944064,-82.14367292035972,2048
2462,39.09872043040373,-93.18212383950365,2048
2463,39.11406608413003,-93.2311739323749,2048
2465,34.35987853185341,-88.31008225765862,2048
2467,41.82769818926103,-89.407259707156,2048
2466,29.94624395253383,-90.34689377280984,2048
2461,37.08542876808169,-77.40595368084884,2048
2468,36.577558515121645,-89.57118709063533,2048
2458,36.27194907846464,-90.0502411867449,2048
2469,33.24138815886731,-87.44218432196377,2048
2470,33.33647324381467,-87.36151882735207,2048
2473,33.42387421642608,-87.29022368840984,2048
2476,40.64328248074126,-74.40470102886344,2048
2472,33.45473783193398,-87.26202126610885,2048
2477,40.68203096608463,-74.42497535071588,2048
2471,33.36655550181966,-87.34567826279225,2048
2475,40.6359735163152,-74.39009260907825,2048
2474,33.52691000015466,-87.1798274999944,2048
2478,40.77972613029782,-74.35380092772266,2048
2481,35.492891975130696,-94.54825025907196,2048
2479,34.42647289435499,-86.94285621786507,2048
2480,34.52333055036036,-86.89121935050726,2048
2482,35.504157800131146,-94.54000374999558,2048
2483,36.8764622411562,-89.62527519674242,2048
2485,35.82791498759098,-86.59841528231762,2048
2488,36.864375795142855,-90.2484319483466,2048
2487,36.25465104923575,-91.54810174990926,2048
2484,36.87146098932909,-89.8546254344643,2048
2490,38.60562847167483,-90.64869394645088,2048
2486,39.060663965823046,-89.40295111623874,2048
2492,38.62564209025204,-90.58146144228768,2048
2489,37.78009464444756,-94.27377957039756,2048
2493,38.64771296655504,-90.52461187948438,2048
2491,38.60672371365027,-90.6476697557724,2048
2498,36.76082490001857,-93.33594815000724,2048
2494,38.68653248106867,-90.47382036168754,2048
2499,37.04451106004746,-93.33819887990164,2048
2497,37.48850449268981,-93.54436182081322,2048
2500,33.410951865773995,-85.03076826695741,2048
2495,36.59842634438694,-87.3819380784858,2048
2503,34.52398515354123,-88.62757848070922,2048
2496,36.99384824153157,-84.88780447874628,2048
2506,36.98637215909408,-94.43409504517948,2048
2501,33.74105088037202,-84.85539335538459,2048
2508,27.236928929825183,-80.34299623538843,2048
2502,34.490441303310405,-88.66088248265775,2048
2507,27.167678381074676,-80.30788187179185,2048
2504,34.74392677285374,-87.9720620463146,2048
2505,34.74156781671512,-87.89948341845549,2048
2510,37.58822965009343,-77.38912750006328,2048
2509,35.7023869829758,-88.79026201810221,2048
2514,37.90573500011675,-93.27658744999933,2048
2517,38.002727621103446,-77.54460121272918,2048
2513,37.84504833534019,-93.42567669553918,2048
2512,36.82830745313121,-76.42035181734127,2048
2518,36.77131715911919,-76.09243280854035,2048
2511,36.79448973874926,-76.39714845318,2048
2519,36.69707462932485,-76.17130353726493,2048
2515,40.34680600488488,-76.63980618137282,2048
2516,37.77821045014977,-77.55190424461885,2048
2521,34.6404638715713,-92.0483164874339,2048
2520,36.69721881873857,-76.17196909593596,2048
2522,35.11776349417683,-90.18768094985816,2048
2524,40.6304427116146,-74.21448736927991,2048
2528,39.68152192588427,-76.09645010582587,2048
2526,40.64467541896432,-74.20602254414594,2048
2525,40.63412327175167,-74.21210845375927,2048
2523,40.62148319229316,-74.21064126359774,2048
2531,43.80052030042671,-92.68245294582914,2048
2529,41.33477874708362,-91.55514510052382,2048
2527,26.060203590453423,-80.14264799455496,2048
2533,40.14468054649165,-74.84541309543629,2048
2532,34.02418462720465,-82.59799115671022,2048
2530,43.55713692316472,-92.68027453791277,2048
2534,30.19386377373566,-85.6318885433646,2048
2539,40.28136300230151,-75.06251650696255,2048
2535,30.194964008256196,-85.63128121229212,2048
2540,44.19856839831459,-94.008338369221,2048
2544,34.057146386545966,-84.55458877973838,2048
2537,40.248336835594806,-75.12535171295855,2048
2545,28.67288212964566,-81.45520785940163,2048
2536,30.194533932654867,-85.56313623589266,2048
2543,32.78846032749286,-83.51253175893405,2048
2541,33.95072516990947,-83.75262834331839,2048
2542,34.52829645167674,-78.30103895611164,2048
2538,40.26275103160671,-75.08647514001382,2048
2546,37.34164081049179,-83.91033545448548,2048
2548,37.342494231055,-83.90992187027783,2048
2551,33.74023657350794,-86.55796911210395,2048
2550,33.72436101848369,-86.65686105137173,2048
2549,36.87029770508963,-76.35099547854668,2048
2552,34.466488580710724,-88.64700558240966,2048
2553,40.15366009417704,-76.72314738077777,2048
2555,39.81475752183328,-75.42534963885707,2048
2547,37.34218585810623,-83.90978897189414,2048
2557,36.19314737491853,-94.25282185177292,2048
2554,39.8073435399326,-75.42106136184046,2048
2560,44.17959065000596,-84.14020204999994,2048
2564,35.19513032179075,-94.64722845853332,2048
2561,43.57385071103448,-84.18140644604365,2048
2559,38.31029105014306,-93.85532719999792,2048
2556,36.63354509435878,-86.56636382762024,2048
2563,40.62046472475191,-80.43165242557122,2048
2558,38.16051047459654,-93.9977180352015,2048
2562,44.27391086836008,-84.13603598649163,2048
2565,37.15228684663995,-93.38590337266008,2048
2567,35.25958211279168,-91.36288811273386,2048
2568,35.25997062297415,-91.36159791765468,2048
2566,34.87868228086863,-82.60927694988986,2048
2571,45.04446735341236,-93.4543488659394,2048
2569,30.34721405320685,-81.76345187792113,2048
2576,28.90574524963345,-81.33278460006981,2048
2573,45.13925722059499,-93.46396738730712,2048
2570,44.99285210667839,-93.45704039473296,2048
2572,45.04613229325867,-93.4543387813602,2048
2578,35.09888371955765,-90.0077948211159,2048
2574,36.79111812769852,-90.42614007729722,2048
2579,46.87601390123163,-98.68395119999931,2048
2575,36.791858894039294,-90.42594061857548,2048
2577,35.04983555640072,-89.81566242439285,2048
2581,35.1089466751021,-95.10430442044218,2048
2580,46.85337676320381,-99.76468907367877,2048
2584,47.36440285624315,-101.84196349710304,2048
2586,41.69542243278869,-72.29628775640941,2048
2583,34.13209533237848,-81.61217924713357,2048
2582,33.872176144284765,-81.69772038694344,2048
2589,31.258560832320235,-88.05062519379923,2048
2585,47.37099446922133,-101.84233485969584,2048
2588,41.77021170389968,-72.55755665532938,2048
2587,41.702180460105794,-72.23452215629848,2048
2592,37.69349732961525,-91.8503035290632,2048
2596,28.05285382496758,-81.90824365846117,2048
2594,35.521722374732384,-93.44668429229164,2048
2591,31.48646442991704,-87.91181336568897,2048
2593,37.69114329326175,-91.51729460654536,2048
2597,28.07694455017303,-81.90924280004299,2048
2595,28.011936288408226,-81.90620068806167,2048
2598,28.704321819656588,-81.50818789992945,2048
2599,28.83048713863343,-81.55249212376869,2048
2590,31.483884400129767,-87.91345160018098,2048
2600,28.831632224547484,-81.55235258433322,2048
2602,28.040219849302964,-82.59133261537514,2048
2601,34.444609653904934,-85.75401061863865,2048
2606,37.16225884992069,-93.34015600000482,2048
2605,37.1621348357176,-93.33897036738298,2048
2603,37.1589447000161,-93.42416040000047,2048
2604,37.16213321944255,-93.33896289738956,2048
2609,36.69605625260468,-91.88150822635087,2048
2607,43.42924084178998,-72.66013046552584,2048
2608,43.63371752214493,-73.05773203294987,2048
2610,30.24565011854116,-91.1816138849043,2048
2611,30.24788150540808,-91.17194327833208,2048
2612,30.2567281029786,-91.16815165265288,2048
2616,34.492933028247094,-87.02889066578554,2048
2613,30.442393420854163,-91.47573130034198,2048
2614,37.01571416949414,-88.26887129288562,2048
2615,37.12230499920528,-93.33636994456496,2048
2618,26.120345350303765,-80.2174591002902,2048
2620,26.178719951638996,-80.22258780029166,2048
2619,26.150997126826,-80.21863939540938,2048
2621,28.49158891306552,-82.51854302360005,2048
2622,28.36563029986421,-82.56799731103274,2048
2617,35.379480923053926,-86.68638062017281,2048
2627,36.41072395113847,-93.74343270887502,2048
2629,35.98901588242052,-95.9474242518242,2048
2623,32.163446148688266,-88.83477515807634,2048
2625,33.4765965000303,-84.33115415003408,2048
2624,31.69080894125919,-89.10167774980845,2048
2628,35.98406534272099,-95.93536154313284,2048
2626,33.4820207962137,-84.36659357263773,2048
2630,39.46317205098243,-75.53257821052235,2048
2632,28.41563009981323,-81.21477435809724,2048
2631,28.37955516749908,-81.28308450849057,2048
2636,33.060808704277925,-83.81265592341455,2048
2633,28.41648474067504,-81.21392762347072,2048
2639,36.36360009372604,-92.57626192068922,2048
2641,28.8449153190998,-81.32420488061078,2048
2635,32.952177950760486,-83.85253759998851,2048
2642,35.18469725042455,-89.42172845001295,2048
2634,32.618035113906785,-83.72774690214553,2048
2640,40.19591524089798,-74.71694467323636,2048
2638,41.83393592811324,-96.28828587188504,2048
2644,36.288679253892376,-82.17006847204787,2048
2645,34.30371332202316,-89.26343798933793,2048
2643,36.19320795934453,-82.05835886883669,2048
2637,41.544525396861175,-96.2040630007373,2048
2650,33.84540442268251,-87.25880188718263,2048
2647,34.79450708479164,-87.66876992920984,2048
2648,34.793135906815486,-87.62428841094405,2048
2646,35.14464845122284,-84.93688385191643,2048
2649,34.86192449752923,-87.77914802129136,2048
2652,30.18516837675214,-84.39964076577255,2048
2654,41.56619894957399,-90.26958690037276,2048
2657,35.30070059179149,-98.02865761686286,2048
2653,33.56632483027485,-86.80391024502214,2048
2655,41.71415706966126,-90.2749653962962,2048
2656,35.30068560565771,-98.0268936491165,2048
2651,34.467600173988096,-86.56961731155411,2048
2658,35.5111125298863,-97.79213987143206,2048
2660,33.51727577315534,-86.88183555928217,2048
2661,36.04458476881354,-79.01645848028006,2048
2663,39.09793279396855,-76.90270158027849,2048
2668,40.113388650017455,-75.34669819999674,2048
2665,39.14109965371708,-76.87282877626983,2048
2664,39.09824849120175,-76.90150578705189,2048
2662,36.06384266727872,-78.81266906992826,2048
2670,37.25905909333934,-86.97715304353358,2048
2667,32.93193880313958,-89.93630368432952,2048
2659,40.76228656686013,-76.03859108880758,2048
2666,32.61766831934656,-89.99953606909746,2048
2671,35.41208706206408,-83.46035440967086,2048
2675,34.332013787351045,-78.01211957671038,2048
2669,34.96153346079382,-85.7178238616659,2048
2674,39.01560837821566,-76.76924520541203,2048
2673,27.930423950243,-81.86754265004696,2048
2672,27.93268962486891,-81.88883218452672,2048
2678,40.62392283470387,-74.2111553564735,2048
2676,37.30612520094696,-95.1108900425313,2048
2677,37.368526982656505,-94.8147036659562,2048
2679,41.86830180929151,-88.22502837301724,2048
2683,37.04378616688096,-88.3410252501205,2048
2684,28.85364562376152,-81.16435845036668,2048
2682,39.60857209119129,-75.62927847341811,2048
2680,34.960666653588,-84.08409294924452,2048
2685,28.919542925078943,-81.1826259066545,2048
2686,34.26302200390994,-83.80967281766384,2048
2681,35.095657697629775,-84.02188173728464,2048
2687,30.332662108697637,-85.75143072514791,2048
2689,39.19763018133001,-93.38924179339816,2048
2690,36.04822393903483,-86.85931237844817,2048
2691,36.06751309326702,-86.9839218425339,2048
2688,33.82638240967142,-84.47468938108247,2048
2692,34.61656327524802,-78.00408270105792,2048
2696,36.77945843843555,-76.15756046684776,2048
2693,34.67615313978684,-77.97691298276877,2048
2695,36.054718357311245,-96.07031636445798,2048
2698,40.6208507070962,-85.30498949616776,2048
2694,34.7244874594576,-77.96275774063741,2048
2697,40.23676238903725,-85.30572507057695,2048
2700,46.7736289440781,-96.873128327298,2048
2699,46.47163180005849,-96.86249489999992,2048
2702,42.1656803320887,-79.8357232100332,2048
2701,33.7988169747821,-88.70001044464631,2048
2705,38.99449034757807,-90.98778065987332,2048
2706,30.269947750700496,-85.69991924953487,2048
2703,42.10260640482616,-79.98128872196071,2048
2704,42.10358874787196,-79.98429870656291,2048
2707,30.27226426184998,-85.69931532527453,2048
2708,38.539644790167415,-77.77723439718433,2048
2709,38.55633532118415,-77.70970174358527,2048
2713,38.79082009376567,-77.56517957899729,2048
2711,38.73155304857468,-77.59206365093283,2048
2712,38.73156904182797,-77.59042706371642,2048
2716,34.820914554720595,-85.04582487802392,2048
2715,38.89666451045916,-77.56985147103053,2048
2717,32.266814863733195,-90.21112868119368,2048
2710,38.69126932878684,-77.59586627019787,2048
2720,35.52887956664548,-78.63870471704249,2048
2714,38.85428175908476,-77.56819347238027,2048
2721,30.00610671465871,-90.39950557605688,2048
2719,36.53750970042435,-87.49231009993089,2048
2723,37.96014029840165,-86.79149643921671,2048
2718,35.14535461774913,-89.59329978435123,2048
2722,30.00675399998521,-90.39788175741278,2048
2724,30.80191650619208,-81.52571258379928,2048
2728,33.656143578061354,-93.81428018936482,2048
2729,33.63247330544553,-96.35766837312576,2048
2725,30.545042997875196,-89.59707557284321,2048
2732,30.193790777915787,-93.37990199999872,2048
2726,33.4883317699003,-94.17606408447,2048
2727,33.65608649514304,-93.81534563383136,2048
2730,30.02442911857456,-93.8792347171701,2048
2733,43.86921551313388,-91.2188374364636,2048
2731,30.041195865828584,-93.74972117732786,2048
2741,28.8166248158234,-81.95525681781935,2048
2734,35.23306640018103,-93.16830265012804,2048
2735,36.41761677739842,-86.74921243501589,2048
2736,36.75644801994191,-86.19985463265431,2048
2737,36.76599836507172,-86.18327335505643,2048
2738,28.75669911681063,-82.02166446687343,2048
2740,28.76186487545362,-82.02302986109213,2048
2739,28.75487289802532,-81.99697925532008,2048
2742,36.358821893936025,-82.20989336097853,2048
2744,34.90525672745664,-85.06971227208244,2048
2743,36.44047420113692,-81.94015555069817,2048
2745,26.807062072869247,-81.75780965189527,2048
2748,41.71389401123133,-90.27978051945516,2048
2747,35.47332797478323,-94.33435864107908,2048
2746,26.95348644114962,-81.97683876409502,2048
2751,33.45218978884805,-88.57073563593636,2048
2750,33.72765800483175,-88.45301447239119,2048
2749,41.7151699832801,-90.27893894031124,2048
2753,46.03276725045726,-102.6072440499987,2048
2756,37.872751528663485,-100.33959539904164,2048
2754,46.03276456174861,-102.61986689271605,2048
2755,37.8702047381345,-100.33948347506046,2048
2757,40.55897637104638,-74.61530721273942,2048
2759,36.2512527063675,-91.75694285633227,2048
2758,40.56023166514123,-74.56449829255979,2048
2760,35.763663386925515,-95.29589746984864,2048
2752,33.4540790566098,-88.56602367199316,2048
2763,28.388274336487065,-81.61982011338937,2048
2765,28.22682966982628,-82.02670738295602,2048
2762,28.264098862055185,-81.54892749244418,2048
2764,28.258671666479334,-82.18111950882991,2048
2766,37.506837065078194,-83.78880844751815,2048
2769,47.112835423515016,-100.70814271358223,2048
2761,40.295648819706,-76.74174581083248,2048
2770,47.11420580008475,-100.7081266999989,2048
2767,37.587494608364175,-83.72506604635613,2048
2768,37.36408758640236,-87.12245664376937,2048
2773,47.28659160931188,-101.33358741190725,2048
2774,46.86555626816918,-100.88524732955374,2048
2772,47.28306271133111,-101.31876040928674,2048
2771,47.1145074500384,-100.70915064999986,2048
2776,46.874726599301965,-100.89475548932056,2048
2775,46.866534901015946,-100.88520569275184,2048
2779,42.32936646386526,-96.36550818811249,2048
2781,35.33222190782255,-87.69142148936325,2048
2777,34.31765135253818,-82.89408246286843,2048
2782,37.051861037952,-88.34300743976236,2048
2780,42.33550391368709,-96.3695426281871,2048
2778,34.34115676256757,-82.82117295709662,2048
2784,37.02230328981077,-88.21996323160747,2048
2783,37.05584748086253,-88.35079571513543,2048
2788,36.95517684376131,-88.58495464731328,2048
2790,37.014429594445005,-88.46668022176901,2048
2787,37.24879012847848,-87.90132563725285,2048
2785,37.05436089966359,-88.1695777396217,2048
2789,36.95868305498241,-88.61525703571117,2048
2791,26.6990881250273,-81.7802521293336,2048
2793,34.20039764437433,-86.83335402517574,2048
2786,37.24792677976596,-87.8997794850948,2048
2792,34.18380360105694,-86.82468939999144,2048
2794,36.99938056868072,-84.5916343107113,2048
2796,37.09010209800292,-88.67679943812227,2048
2795,37.001598619072446,-84.59131784646416,2048
2804,38.5435081405784,-77.76946314250925,2048
2800,36.20780595811701,-86.73432742243504,2048
2799,35.14933100995021,-79.63554657781665,2048
2798,35.06310696185904,-79.76165666512269,2048
2802,36.21026545127753,-86.73477360047083,2048
2801,36.21199034489145,-86.7798746223661,2048
2807,38.77440607366312,-77.53395314282841,2048
2797,35.06288172602546,-79.76136574589148,2048
2803,34.13629335028418,-86.83031625000031,2048
2806,38.77751948362556,-77.53561341223828,2048
2811,38.73307449873511,-77.50680777505299,2048
2812,38.73394160105172,-77.50791929952507,2048
2805,38.776536983557385,-77.53600830003447,2048
2813,38.73997294096897,-77.50922194444188,2048
2808,38.77488015096481,-77.53292882062613,2048
2814,38.820522263527685,-77.05200388402915,2048
2809,38.719504286301934,-77.49930030248596,2048
2810,38.72966661971308,-77.50712306680468,2048
2815,33.884259862993886,-79.79149684627754,2048
2820,33.67649485006745,-83.67992864975339,2048
2817,34.89327572610428,-85.13750918289162,2048
2819,33.67412526335094,-83.67931649153441,2048
2818,34.74481595777692,-85.00170079368553,2048
2825,31.53309842632536,-82.8766811628074,2048
2816,34.96098758162556,-85.17025175917053,2048
2822,33.78598419097774,-83.68501722260433,2048
2823,33.81096833226259,-83.69491649505872,2048
2821,33.78522635035203,-83.68401320012637,2048
2824,31.53080904842739,-82.8778942658332,2048
2828,31.536663974308997,-83.18081259528411,2048
2829,31.552556666572062,-82.64318755327655,2048
2826,32.00678589910137,-81.25315130375498,2048
2830,31.53894335090658,-82.80780881243251,2048
2831,31.545933473740085,-82.37184912754296,2048
2835,45.4032340255212,-92.6102302664832,2048
2832,45.36738033418048,-92.57927876562478,2048
2839,28.86589099611633,-82.50370547095406,2048
2834,45.36758439962767,-92.58005320003672,2048
2827,32.15527075571451,-81.36832036961135,2048
2838,28.052638708739902,-81.80614802430728,2048
2837,27.98724083261879,-81.74406696814812,2048
2841,28.880865676694494,-82.51807506328385,2048
2848,35.76476865413547,-90.6361445534246,2048
2840,28.90491917230405,-81.33443306883792,2048
2842,26.76388710066962,-80.10667755052987,2048
2846,33.467280100219256,-88.80037119992666,2048
2844,26.763667921855184,-80.0531145826928,2048
2843,26.766251380797197,-80.09483044633448,2048
2845,26.765029182527595,-80.05430499601228,2048
2850,35.86108309516607,-90.02046266729347,2048
2849,35.861177712117,-90.02272179293698,2048
2847,33.46799575070896,-88.79940324979951,2048
2854,36.84289032707703,-87.41851270438154,2048
2851,36.9482259273084,-86.33836183662362,2048
2853,37.04189471649732,-87.88024650824445,2048
2858,35.80538893453769,-90.62344215948806,2048
2857,36.96087470054557,-87.69843461732694,2048
2852,36.94267694549208,-86.4316392002237,2048
2855,36.944385945274014,-87.4801270071007,2048
2856,36.866613980691184,-87.80990612768095,2048
2861,36.84208004436593,-87.4253530479313,2048
2863,30.61622591942153,-87.1997851945867,2048
2860,36.83853009824111,-87.46465081362823,2048
2862,30.614342877403963,-87.20074898744906,2048
2866,30.564145490810485,-87.22683595353764,2048
2859,36.83745563014891,-87.46265506405847,2048
2865,30.562383917916645,-87.22822130232106,2048
2864,30.641399700246243,-87.1701378999822,2048
2869,34.81910208239164,-87.68175227083452,2048
2870,34.829994374004784,-87.67008317258365,2048
2867,36.743275096380486,-86.57708491057355,2048
2868,34.81571950003971,-87.65771420002858,2048
2874,34.85723620976704,-87.67441150211049,2048
2872,34.82461934292052,-87.66766969531972,2048
2873,34.82723362611357,-87.6675055894549,2048
2871,34.81810042488638,-87.66640326953541,2048
2875,34.84328077819558,-87.64723025913149,2048
2876,34.970259338818494,-87.37858618549556,2048
2877,35.1980219624023,-87.32541697080484,2048
2878,35.198177575570206,-87.32466334606812,2048
2881,41.43897568729476,-75.27120674161041,2048
2879,34.86985994743082,-87.38444422763949,2048
2880,41.287050616158254,-75.45054401275773,2048
2883,30.718184197236077,-87.34901952584698,2048
2882,41.46796754755263,-75.26554406255921,2048
2884,30.794828356105256,-87.33129011627929,2048
2890,41.68793736760108,-81.14133709112257,2048
2888,40.63153477184635,-79.31297322560323,2048
2885,30.60036832448946,-87.27119912983937,2048
2889,40.92825798312291,-79.4666000697431,2048
2886,30.971157700074382,-87.29977365000155,2048
2892,41.392735763236175,-81.53854792868604,2048
2891,41.36235208214968,-81.52419650321734,2048
2887,40.61784373821943,-79.31061343636132,2048
2895,40.6620780976167,-74.00268823582488,2048
2893,41.47833861572473,-81.62613313947554,2048
2896,40.69810809907938,-73.98728690942195,2048
2902,40.758017601419695,-73.94690949138617,2048
2899,40.70420752211418,-73.98439245092082,2048
2897,40.70170078551681,-73.98725858655216,2048
2894,38.9323723718557,-77.62019789887843,2048
2901,40.66940039169748,-74.17459660479199,2048
2898,40.703986639419256,-73.98342902990619,2048
2903,40.76320609522213,-73.9430463954855,2048
2900,40.70495809703572,-73.98447617038627,2048
2905,40.76600299647002,-73.99588397543617,2048
2904,40.765710259692696,-73.99519335538425,2048
2907,40.77547421715734,-73.98699355240927,2048
2906,40.76615713138956,-73.99630980987591,2048
2908,40.77583802730749,-73.9880883536195,2048
2909,40.82524476625623,-73.95224866139615,2048
2913,40.88901288166147,-74.10105117525406,2048
2910,40.86004355380327,-73.92624353719923,2048
2912,40.72734151149248,-73.97416690190838,2048
2911,40.69408409665802,-74.10559620631633,2048
2914,40.89882629726039,-74.06958602710334,2048
2918,40.56080103553834,-74.25210019416905,2048
2916,40.5639958090768,-74.29480034164716,2048
2915,40.89902037331636,-74.07024636631947,2048
2917,40.55658648202027,-74.24894718596768,2048
2920,40.56132102555966,-74.25274953845076,2048
2919,40.56769509868147,-74.28952538290669,2048
2923,40.7183938172439,-74.00648305541935,2048
2925,40.73899915615458,-74.00224596043066,2048
2922,40.59099250997193,-74.23794940517337,2048
2924,40.73611181978945,-74.00108248362832,2048
2931,39.93367517994793,-75.0535891025275,2048
2926,40.6563543151445,-74.28553302897681,2048
2921,40.577179045061314,-74.24899243011362,2048
2927,40.71271988435709,-74.26654910835059,2048
2929,39.889037185693205,-75.09812295290189,2048
2930,39.91326351088707,-75.10065665812043,2048
2932,39.9656551273389,-75.04503422306888,2048
2928,40.78995001721139,-74.25710682123787,2048
2933,40.58682081729579,-74.3492658204672,2048
2938,40.94952324088092,-74.12844368659111,2048
2937,40.868017469132695,-73.9916476943415,2048
2935,40.930240435805096,-74.02746029917847,2048
2934,40.92971247795193,-74.02717037149205,2048
2936,40.930458479323576,-74.0275727792744,2048
2941,40.95559716316728,-74.2227679130523,2048
2942,41.00784918548043,-74.04595699727741,2048
2943,42.39151972461497,-71.14313706060541,2048
2944,42.39127549889066,-71.06917375044686,2048
2940,40.96632680637774,-74.15061263589403,2048
2939,41.0168565266365,-74.12538893899014,2048
2949,42.82898414976753,-71.48639559987336,2048
2945,42.393067294406784,-71.06707502610956,2048
2946,42.46232143538247,-71.15404681453529,2048
2947,42.809027282337865,-71.59282888985874,2048
2948,42.82867829634632,-71.4871815706519,2048
2950,42.83099072912595,-71.48349891972877,2048
2953,40.456212153998806,-74.32628622925516,2048
2951,42.90456941094941,-71.34225927433326,2048
2954,40.46057110275158,-74.32620479411172,2048
2955,42.310246071636506,-90.67433201797924,2048
2952,40.44098804622608,-74.31658891025383,2048
2957,42.40220316623671,-90.66396538738556,2048
2959,43.25408716850357,-93.29164887391616,2048
2960,43.3562565489569,-93.29090411107951,2048
2958,42.59343191854424,-92.35472215875238,2048
2956,42.401750796176245,-90.66556789273442,2048
2961,41.397696874631016,-90.58602014102262,2048
2966,33.33594590805139,-81.95405791725841,2048
2963,43.09826794973659,-93.29001370597663,2048
2964,33.15107045684248,-81.76866002097417,2048
2965,33.33037441855151,-81.96049185598868,2048
2962,41.44236767784217,-90.61190859110296,2048
2967,33.14568673909987,-81.76319715108984,2048
2970,39.837127338477934,-75.18922366341974,2048
2968,33.274243214060355,-82.40909677609385,2048
2972,39.85888144766944,-75.13707587163577,2048
2971,39.843014472266205,-75.14728127417278,2048
2969,33.45424108976357,-82.41422600312062,2048
2976,32.49841271611788,-84.2772698312441,2048
2978,32.261295641852406,-84.25210287217399,2048
2974,36.37760809412676,-92.93185138163848,2048
2975,36.564262635332376,-93.2591755626149,2048
2973,39.839902589252674,-75.22104764760165,2048
2981,33.304418797855924,-83.40249251208186,2048
2980,32.5966532505029,-84.3122570999947,2048
2977,32.57103212601531,-84.2897350222054,2048
2979,32.596212443487424,-84.31020167488163,2048
2982,33.32195869130433,-83.49745225408226,2048
2984,34.8966995261163,-84.95152388338613,2048
2983,34.89586273828992,-84.95167751685646,2048
2987,37.87510169926769,-100.33996595561476,2048
2985,32.2928031278931,-88.74484649505848,2048
2986,32.37649415246126,-88.547001875334,2048
2989,39.23334496755201,-96.58940836752232,2048
2988,39.18864608409805,-96.54251030617392,2048
2990,32.45436186145845,-88.58657284468455,2048
2991,39.50338596103591,-97.54635098322002,2048
2992,44.627421678442296,-92.64286959670392,2048
2995,32.453753913995506,-88.58432913367669,2048
2993,32.41462952872357,-88.67684539825166,2048
2996,32.60288175333161,-87.78167016439149,2048
2994,32.10456632372187,-88.60962195977382,2048
3000,34.81062909453938,-87.64536721785218,2048
2999,38.840273050393925,-77.05083959930785,2048
2998,32.36446969713552,-88.76076653251154,2048
3002,34.800896036042545,-87.66695669713562,2048
3001,34.82230845230359,-87.62744957769026,2048
3003,34.79760114065969,-87.6800726818193,2048
3007,40.83206277039932,-74.01256690438537,2048
3004,34.79240765003522,-87.69294620000763,2048
3006,34.826401970416406,-87.70102912461532,2048
3009,41.08451290938388,-74.14611319708796,2048
3012,42.339664589830015,-71.03848429092764,2048
3008,40.90627530276499,-74.24509014250651,2048
2997,32.40223874967328,-88.75222244997013,2048
3010,41.08662409300097,-74.1460907166622,2048
3011,42.27353212289375,-71.12060228953838,2048
3014,42.361974100067485,-71.06064295018531,2048
3005,34.792676550064115,-87.69247785005113,2048
3015,39.14365429530981,-94.61604895220924,2048
3013,42.35303281775007,-71.0598733004958,2048
3016,39.145644038592266,-94.59805314395037,2048
3017,36.43622915093734,-76.09001280967948,2048
3018,36.47593044220376,-76.1369216055574,2048
3019,34.56338043153257,-78.76211391316072,2048
3025,47.41476402607542,-102.8637255663572,2048
3021,34.67933792511474,-86.67503786071018,2048
3022,34.6799351757234,-86.6764479898928,2048
3020,34.53937914676007,-78.75397114652463,2048
3026,34.1952604982106,-79.36898684147565,2048
3028,34.70569007600474,-86.69522563981675,2048
3027,38.05815409676221,-92.77665138906978,2048
3031,32.07828639849115,-93.38225676801224,2048
3023,34.652538706048254,-86.64950050135779,2048
3024,47.41035346899466,-102.76532969913686,2048
3029,31.9800320061487,-93.18766271480764,2048
3030,31.982188154513555,-93.18730815519538,2048
3035,28.18173670835613,-81.27312872529063,2048
3032,41.14652874312192,-75.637289704802,2048
3036,28.22417620000744,-81.17823575000291,2048
3034,35.324960275363374,-87.75933872105266,2048
3038,37.14725146711989,-88.77842988689628,2048
3037,37.14527711943223,-88.77750331021849,2048
3033,46.84599135587612,-103.06957842514086,2048
3040,35.04536673371177,-85.03377046649207,2048
3039,26.858269267214336,-81.74384047678558,2048
3041,35.07850286719411,-85.0697141799668,2048
3043,37.020771828911485,-84.66342179127535,2048
3042,37.11043885744613,-88.80454970932487,2048
3049,34.812988279861194,-84.8531209132587,2048
3044,34.76572048017382,-79.47435498075727,2048
3045,34.76609168584298,-79.47468385999807,2048
3047,34.2833448396678,-77.9845360089983,2048
3046,34.28181665805726,-77.98393207544443,2048
3052,33.7174442488135,-79.43510006524238,2048
3053,31.2233313820972,-82.39920840966525,2048
3050,33.844831676963345,-79.75320027335147,2048
3048,34.72444323395407,-84.84909580658498,2048
3051,33.91227286286304,-79.69916526805463,2048
3054,31.22391070544216,-82.39651422973367,2048
3060,33.772451428227285,-84.40719857471268,2048
3055,30.87991830389951,-82.03237148169947,2048
3064,38.0972687219728,-92.82807375615582,2048
3056,33.89403093436174,-84.33209291563722,2048
3059,33.76301625606077,-84.4044255581636,2048
3057,33.9128874688581,-84.33599276437793,2048
3061,34.1256913500604,-84.9254602999997,2048
3065,38.11310883599531,-92.81972032922764,2048
3058,33.93625480016423,-84.24447290027312,2048
3063,37.94551227531864,-91.3416613876634,2048
3066,37.58261109376407,-92.76289315724432,2048
3067,36.01190582153574,-95.69865303997707,2048
3069,41.61736302448167,-90.57337469460022,2048
3068,43.10014835126744,-93.29323038221617,2048
3070,31.36133423231037,-86.51898055307281,2048
3062,37.7382511550883,-91.44265742586452,2048
3072,34.75637535222136,-87.59178950844408,2048
3074,36.43628539477848,-81.80337917716001,2048
3075,36.468888975375705,-81.80613145393443,2048
3071,33.668390589083735,-87.67363327539486,2048
3076,35.72975437933034,-85.22899415019653,2048
3081,36.06936955035521,-86.42802245002062,2048
3079,35.828743056492904,-77.4780178160513,2048
3077,32.65220590350806,-88.75483462570216,2048
3080,35.89111051403285,-77.5389131188374,2048
3082,36.13659134478836,-86.40796331529056,2048
3073,34.76084181560207,-87.59165657258659,2048
3086,35.806805968775095,-77.31795299150623,2048
3083,33.92746945059306,-84.3340279881344,2048
3085,35.79567877820625,-77.38388378703434,2048
3078,32.65241015165477,-88.7574392718433,2048
3089,47.90611087561838,-97.11331245208608,2048
3087,35.811607570718216,-77.29241426291141,2048
3084,34.2954031421494,-82.95466674912944,2048
3090,47.54413840417139,-98.62836162515264,2048
3088,35.052273766339084,-85.14816017979058,2048
3091,34.31091654682944,-77.98355250050732,2048
3092,34.69256770033482,-86.68081329999872,2048
3099,37.7715183849615,-86.48800563963678,2048
3098,36.78729361113768,-85.37605147561551,2048
3094,39.1504839569158,-94.63828068345008,2048
3095,39.124350767642674,-94.63749669155632,2048
3096,39.09293723234007,-94.63941635379616,2048
3097,39.09446704643986,-94.63974089688786,2048
3101,40.3976396844155,-74.24289775174633,2048
3104,28.156313942778947,-81.10811023845766,2048
3102,27.82915872876025,-82.79419072656951,2048
3100,37.03346908610887,-88.61415606116854,2048
3093,39.1458421729466,-94.62815586893636,2048
3107,44.57526740206789,-92.59529122314892,2048
3108,44.57582085249987,-92.59672596786086,2048
3105,39.642729676121135,-86.11232228677777,2048
3106,39.67913060009089,-86.07113924997289,2048
3103,27.91356060805819,-82.77280021886877,2048
3109,36.64363568636865,-76.23693435347187,2048
3110,47.11450431376226,-100.79829806734838,2048
3111,35.0865707398884,-90.1350705751006,2048
3114,35.675241991800085,-84.87436354475292,2048
3112,34.603796502393685,-98.314592174972,2048
3115,44.31924257371751,-71.99335834752159,2048
3117,41.74774648309632,-88.2344425686469,2048
3116,41.70754612746777,-88.23252078016664,2048
3121,44.0297145495452,-92.58758779657592,2048
3118,30.118751034337254,-83.55947505130725,2048
3113,34.0861743683962,-99.1807078640351,2048
3120,39.131899672837214,-77.0790618276327,2048
3119,30.16157403373326,-83.60377955482878,2048
3123,35.383349850606365,-99.91324575000024,2048
3126,38.04154904612234,-78.45786009472975,2048
3131,30.26610585513095,-93.7384011954247,2048
3124,35.372847976018505,-100.24378093868852,2048
3122,34.98433701893635,-85.09984621712746,2048
3127,34.98255664276441,-80.0401307387267,2048
3125,37.96844115702195,-78.40461052710016,2048
3132,30.75559830463517,-93.77792732959,2048
3129,32.57706627946679,-92.6874666737796,2048
3130,35.923261593702726,-84.08584717900531,2048
3133,34.816860653371094,-85.32365603353047,2048
3128,34.9833985047547,-80.04072399025823,2048
3134,34.80423053916073,-85.43952309994067,2048
3137,32.31115562510748,-90.32928749425272,2048
3140,44.309465705854656,-91.91093378161342,2048
3136,34.68345011522135,-84.98640133622224,2048
3139,44.13035454966047,-92.16981665001796,2048
3135,34.66673822854824,-84.9713142010036,2048
3138,32.38164272764125,-90.2145992015806,2048
3146,42.05826093307682,-90.6998177857462,2048
3141,44.63830634772151,-92.99663264558936,2048
3143,44.473552167477,-95.6739156033048,2048
3142,44.47323317520465,-95.67135988514276,2048
3144,44.51537989368049,-94.8284822298862,2048
3145,44.59591857600813,-93.29591839238184,2048
3147,39.92754454008829,-76.3892098244951,2048
3150,43.69830130449752,-92.99223815438982,2048
3151,43.70029119730064,-92.96047485016123,2048
3148,39.92829831225628,-76.3885522466804,2048
3152,43.7005674129685,-92.96219268834122,2048
3153,39.76084640524674,-76.03137062679728,2048
3149,39.463632278420526,-76.84056999383355,2048
3155,39.80132443366264,-75.8813315574073,2048
3154,39.76304482342092,-75.82625018946148,2048
3158,39.9686923326308,-75.6649011056043,2048
3157,39.76245314998903,-76.27364045002149,2048
3156,39.855777780575565,-75.86331419400992,2048
3159,39.96917500947294,-75.66765797048117,2048
3163,40.09341230978625,-75.34240694987467,2048
3162,40.07946353764925,-75.39688366510279,2048
3164,45.95740037499256,-91.64297228791985,2048
3166,41.88135173782823,-71.89120488531404,2048
3161,40.05486073202194,-75.47286378113749,2048
3167,43.24808969760109,-93.2039444082287,2048
3168,43.24966985110048,-93.20966793968536,2048
3160,40.03634260036653,-75.58536116807717,2048
3165,32.42883728186184,-90.40202335920262,2048
3170,43.38690259607564,-93.10346149916948,2048
3169,45.7684040879404,-91.86482433365728,2048
3171,43.38689918940166,-93.10251405398222,2048
3173,39.68928296592157,-75.66250515592304,2048
3172,41.46084816553888,-72.47724754276355,2048
3177,39.63391282268496,-75.72651716769016,2048
3179,45.36861304999079,-92.5489782500006,2048
3180,39.39681290201174,-83.10023684889995,2048
3174,39.467924426135,-75.5338518401713,2048
3181,41.82874204842905,-72.6689843143988,2048
3176,39.74077545301616,-75.50958246985105,2048
3178,45.37259998575537,-92.30749765137918,2048
3182,41.89090301669087,-72.75828306776238,2048
3184,42.04939146788398,-72.64785552896643,2048
3183,42.04854598490929,-72.64775746322671,2048
3185,42.06100189998456,-72.64105044988322,2048
3175,39.608108876271736,-75.62610748412207,2048
3190,39.76764860362652,-75.42430413045899,2048
3189,39.76742206473892,-75.42538572696849,2048
3186,42.09068053171067,-72.63488197919888,2048
3192,44.86814110641754,-91.45780441917928,2048
3193,39.79316941588733,-75.40524449373989,2048
3187,39.69418987812667,-75.48476503814442,2048
3188,39.76540539368576,-75.4250614460286,2048
3191,39.674689746047854,-75.50150794870304,2048
3195,39.17744494761323,-76.53015854042509,2048
3194,39.78633022204659,-75.4015283588308,2048
3196,39.11791437672339,-84.36648329293119,2048
3199,41.59578245547363,-83.09099232486332,2048
3198,41.69084196628131,-83.4350441012937,2048
3203,38.88011968160769,-76.87750585393277,2048
3201,41.63723315177766,-83.33298055265952,2048
3197,39.14641479923965,-76.58694493134331,2048
3200,41.596961692409415,-83.0895590238086,2048
3202,41.28842656951689,-82.08806276204534,2048
3204,38.88928960006648,-76.91092179998061,2048
3206,42.77545134880914,-96.17610388036992,2048
3205,38.898483944969485,-76.95250223595433,2048
3208,38.86690933275578,-77.01135898315975,2048
3207,38.84551672915007,-76.9826756706886,2048
3212,36.1969206256163,-93.13132880060876,2048
3215,38.96006641780073,-76.82027873446852,2048
3211,38.82084874828172,-77.04215069325599,2048
3213,36.40430834903976,-93.8274598741484,2048
3216,38.65311382627905,-76.9752043859113,2048
3214,38.61267739056039,-76.6651233434629,2048
3217,38.43276198037256,-76.44424669490684,2048
3210,38.816791288360015,-77.02557544420476,2048
3209,38.79111791243545,-76.98826927092381,2048
3218,38.53497526836456,-76.5957680827521,2048
3219,38.43727110070072,-76.82319725032694,2048
3220,41.82244367101796,-90.68564671198882,2048
3222,38.28116623088289,-76.48499376840414,2048
3223,38.29152064003124,-76.54170829803536,2048
3221,41.84430870637805,-90.66454379545588,2048
3224,38.34964377728631,-76.6879690964012,2048
3226,41.45768917215907,-90.82358589541958,2048
3227,41.49571617498982,-90.73231158963776,2048
3229,41.480291740802095,-90.82146120068202,2048
3228,41.50498082468149,-90.70728245943997,2048
3225,38.723618399561126,-77.28874301324086,2048
3233,42.37793911952481,-83.98085593551441,2048
3232,38.83900377482367,-94.63591708381588,2048
3231,44.7824181196852,-89.14850264579208,2048
3230,44.7223746534559,-88.83771590857113,2048
3235,42.55498828031551,-84.02509188682939,2048
3236,42.92344897897679,-83.45335356109783,2048
3237,42.710712890761954,-83.45672355451134,2048
3234,42.39291361006456,-83.97228070616544,2048
3238,42.73168266520237,-83.28336756546494,2048
3242,42.35315170074493,-83.62308279386397,2048
3239,42.51286909202226,-83.52823026014538,2048
3241,42.310098152734575,-83.46516011755686,2048
3243,42.46424280530023,-83.52571145871674,2048
3246,42.291514624612745,-83.1342010568087,2048
3240,42.23743868069828,-83.45449159768937,2048
3245,42.13989945294701,-83.44678204983833,2048
3248,42.29619486014689,-83.10260541560937,2048
3251,42.27031084463777,-83.20707682737908,2048
3244,42.12640391911554,-83.38592222785228,2048
3247,42.29454201430728,-83.12874637697757,2048
3249,42.30276750025955,-83.15119944999134,2048
3253,42.28535338075165,-83.16140773149407,2048
3252,42.284521397215165,-83.160888105175,2048
3259,36.097067898830886,-86.74632275967083,2048
3261,42.28908162154668,-83.18999699878242,2048
3258,42.29722012712744,-83.1609606688071,2048
3250,42.30294535393375,-83.15279457204986,2048
3256,42.3059867278043,-83.17390083309087,2048
3254,42.28616914347349,-83.16113938417851,2048
3262,42.30919340496764,-83.18874464593557,2048
3255,42.29249569948964,-83.16901273040085,2048
3257,42.29560069752348,-83.1611639696071,2048
3263,42.1841766000472,-83.26165804999339,2048
3260,42.25749077894713,-83.25443831791173,2048
3265,43.45659856804915,-83.78454908704691,2048
3266,43.483068896315565,-83.783920751282,2048
3264,36.04906325450661,-86.70844958673908,2048
3270,41.59101486258256,-93.6197134472445,2048
3271,42.9137863534375,-86.200965066164,2048
3276,42.48609899030152,-90.73979809328873,2048
3269,43.43301089130404,-84.21659522384401,2048
3273,44.900243943624815,-91.87414099861512,2048
3274,41.51483592990988,-94.91989730373815,2048
3268,43.58551237167868,-84.22253635796906,2048
3272,44.88538424184063,-91.51473246675089,2048
3277,42.48644183181574,-90.74034205642992,2048
3275,41.7775766640094,-95.2091290814104,2048
3267,43.58415739320668,-84.22494713718885,2048
3278,44.72526370128519,-92.21684205585822,2048
3279,44.84578102487308,-92.3078394121954,2048
3283,42.25663610816936,-90.49581251220228,2048
3285,41.68208052426555,-91.59878481711812,2048
3286,41.55367987439701,-93.52395384860976,2048
3281,44.85962427999507,-92.32531422560562,2048
3284,41.67252938493856,-91.56448040867848,2048
3288,28.814983269690003,-81.88791595381583,2048
3282,41.30849847012578,-91.08720441051776,2048
3280,44.845792399975295,-92.30812584999327,2048
3290,28.84716305056299,-81.8122114361013,2048
3287,34.12833990962875,-87.13935683830594,2048
3289,28.81351872523068,-81.87072293892379,2048
3292,41.56436004387064,-92.0644452295118,2048
3293,41.566879038599225,-91.73670219016984,2048
3291,41.70419501491872,-91.66093106379796,2048
3296,41.661802386086784,-91.55815317933046,2048
3295,41.6473521119558,-91.57354284355873,2048
3294,41.60026720010119,-91.56116549999716,2048
3297,41.63692417363528,-91.48384492563328,2048
3300,41.59809563099007,-91.5056274328329,2048
3298,41.68512709560255,-91.49190394744991,2048
3299,41.64745446439319,-91.51132300510017,2048
3302,41.38799326985696,-91.06061263663136,2048
3303,41.5013163687162,-93.62738450324191,2048
3305,41.93854017468756,-91.64983104115626,2048
3304,41.62661684026307,-93.75502194651818,2048
3301,41.35120861519882,-91.10131086768332,2048
3306,41.94473878584887,-91.63888671985144,2048
3308,41.5486031749092,-93.55699365764588,2048
3307,41.95826476620562,-91.5570675013956,2048
3309,41.60462188278182,-93.50197929464429,2048
3311,43.60051518867939,-96.63184739747123,2048
3310,41.69404514884646,-93.77297784218578,2048
3313,44.88373772349463,-97.04103724592149,2048
3312,44.38671720945239,-96.5368475422592,2048
3315,41.57141260064405,-92.69848968793474,2048
3316,41.57042999865112,-92.5855867430534,2048
3318,41.57045336874308,-92.40877435834436,2048
3317,41.57017791110941,-92.40740706170097,2048
3314,44.38925535228995,-96.52929965796324,2048
3321,41.14358838607123,-92.64422510164246,2048
3323,41.55625002477195,-93.52598592086586,2048
3320,41.144581499797376,-92.64104584995592,2048
3319,41.092785791836285,-92.55399974030536,2048
3322,41.64324935051901,-93.4989137644732,2048
3324,41.66630232663855,-93.51209317196592,2048
3326,42.006150918632,-94.2379290741774,2048
3328,42.00636994638855,-94.23849372325527,2048
3327,41.986806750419376,-94.47468670000204,2048
3325,41.75156551206295,-93.81986587980526,2048
3329,42.00749238308604,-94.2387980387518,2048
3330,41.51488447598307,-93.70573320996633,2048
3334,41.54186398758235,-93.82742771184652,2048
3332,41.30457092610592,-93.97590735210026,2048
3331,41.54785394684996,-93.6290612577802,2048
3338,41.56940720357968,-93.755286932515,2048
3333,41.20153406324346,-94.16970148409006,2048
3336,41.47607738910345,-94.18613900172708,2048
3337,41.55599037189084,-93.79139583357176,2048
3339,41.58955418181121,-93.82709378843286,2048
3340,41.57125615000327,-93.6671820270364,2048
3341,41.57894594756403,-93.64627845463512,2048
3335,41.54229281658333,-93.82611566729985,2048
3343,41.5803608972591,-93.63687704399116,2048
3347,26.719110561036203,-81.7782879183963,2048
3342,41.52224110638864,-93.71429187292624,2048
3344,41.62132630701068,-93.85430023151338,2048
3348,41.82127401167212,-93.87755331134778,2048
3345,41.64055445091708,-93.81643944827492,2048
3346,41.60258144548714,-93.76937006962206,2048
3353,39.99159825003065,-87.69861684995816,2048
3350,42.08517924987774,-94.73496317902128,2048
3349,41.83684131655602,-94.12452677718942,2048
3352,39.99140865004402,-87.69788470001515,2048
3354,39.992763298186006,-87.69933695469717,2048
3351,41.36836054799544,-90.86868526840368,2048
3356,41.49066739973111,-94.7784058603338,2048
3357,41.466883445926086,-94.26271299716616,2048
3358,41.5466555916281,-94.66354955042904,2048
3355,41.631216539937554,-94.4890889327284,2048
3359,42.08651240920176,-94.841603348766,2048
3361,42.5083413741698,-94.30839501561316,2048
3360,37.915011943063305,-100.97527611845872,2048
3363,40.473466623213824,-85.91533172930586,2048
3367,42.06348422003056,-93.88877470274002,2048
3365,40.74113177024231,-91.11821415679869,2048
3362,42.48756278466356,-94.1933169504883,2048
3368,42.064094717349626,-93.88809006865702,2048
3370,42.04792903641326,-92.96191870088182,2048
3369,42.0863365969045,-93.80756232110498,2048
3366,42.06319519230789,-93.88945062479984,2048
3364,40.72848706141938,-86.03808931514686,2048
3371,42.08581100034944,-93.2717726500008,2048
3372,42.08725198298267,-93.27207106665804,2048
3375,42.0843781640758,-93.56128715885544,2048
3373,42.224582103034535,-93.3739965197246,2048
3374,42.08560243388528,-93.44557771423806,2048
3377,42.04580184191288,-93.64905588477627,2048
3376,42.0487550874692,-93.71759731938404,2048
3378,42.04600375625593,-93.65030862496953,2048
3379,42.16617849863507,-92.5131222631354,2048
3380,42.16531661722362,-92.76582138829892,2048
3381,42.1662741406824,-92.76592440343728,2048
3383,25.966908400696383,-80.30943080014328,2048
3385,26.030530794833563,-80.24938682441012,2048
3382,25.942065455637373,-80.31960410456391,2048
3384,26.00155733450402,-80.28698915405649,2048
3386,42.48010081164162,-92.49373104151864,2048
3392,41.11545019613399,-94.3488511842666,2048
3387,42.53452298108579,-92.4941067818235,2048
3391,41.11460407064658,-94.34879681091331,2048
3388,40.74289777126039,-95.00306692409698,2048
3389,40.99361632626347,-95.50020709611664,2048
3395,41.17267336557971,-95.83152178815348,2048
3390,40.346061311252406,-94.84336499470564,2048
3394,41.15660248788729,-95.80522014152912,2048
3397,27.337104377303017,-80.43598597063561,2048
3393,41.46804055045435,-94.8561802580191,2048
3396,41.17624586104517,-95.83403170695362,2048
3399,27.349057800401432,-80.3264919970752,2048
3402,39.91755527665988,-91.7086506183854,2048
3398,39.98998614150285,-91.98930087776792,2048
3400,27.345971864759772,-80.24961287740655,2048
3401,27.346584672450568,-80.24912093004333,2048
3407,42.54274594898735,-92.35649998995326,2048
3404,39.84307991775688,-91.4398138010604,2048
3403,39.84209920771944,-91.44054652680128,2048
3409,42.50637884860699,-92.34369213261884,2048
3406,42.44088950017191,-92.41932615583396,2048
3408,42.51715490029525,-92.27164594956014,2048
3405,42.42133682479285,-92.3566944354073,2048
3411,30.26032299768369,-82.18437199167906,2048
3413,30.15911134660434,-82.56928572345446,2048
3410,42.50495939733842,-92.34531267426792,2048
3412,30.27471455915259,-81.98921193546127,2048
3417,40.41719277503356,-91.4248893301318,2048
3414,30.16037356312637,-82.5699845818391,2048
3415,30.27398114042273,-82.12168155997148,2048
3416,40.4050399690419,-91.4253209661547,2048
3418,40.42816765888454,-91.42479164144362,2048
3419,40.38447760549756,-91.42352365756132,2048
3421,40.695053094593554,-91.2369392717919,2048
3423,40.20534387571559,-93.1522196384936,2048
3422,40.00013504381479,-93.66247354647024,2048
3420,40.60726279903009,-91.2667586022418,2048
3425,30.224481535737947,-81.8186369905242,2048
3424,30.1044804722916,-81.83934049071848,2048
3428,38.97724043196451,-94.4329112193298,2048
3427,38.87956756847876,-94.59774773175272,2048
3426,38.8783037058549,-94.58075939018602,2048
3430,39.28166841808502,-94.55564356876562,2048
3431,39.24728007800599,-94.51954450272603,2048
3429,39.01410434031714,-94.44421345889766,2048
3434,39.12558173990197,-94.5770592342285,2048
3435,39.16852535775702,-94.62203386090329,2048
3432,39.15115716015355,-94.54925113947256,2048
3436,38.93088235140116,-94.45201724360868,2048
3433,39.22279139788295,-94.55478199545576,2048
3437,38.97026650913772,-94.5751275688559,2048
3440,38.86561105276516,-94.55594987220906,2048
3439,38.82999685748088,-94.54312728105472,2048
3446,38.94555629574305,-94.5275534510624,2048
3441,38.80667752537297,-94.51209604916674,2048
3444,41.327615843468365,-95.9444211194498,2048
3442,38.80732095269634,-94.5112562079658,2048
3443,41.27782770211948,-95.86519071292926,2048
3447,38.87810920333944,-94.5043968734093,2048
3448,39.04867460271023,-94.49740111225928,2048
3449,39.01474226275977,-94.51088756406304,2048
3438,38.823546265619946,-94.52914086372208,2048
3450,38.90825491805594,-94.31717132012284,2048
3445,38.96345103448708,-94.5114383852576,2048
3451,38.83603033530068,-94.29180919701768,2048
3452,41.34300607922814,-96.00347286141591,2048
3456,30.03221242840768,-81.82568920105628,2048
3454,29.93992144957165,-81.72263495527105,2048
3455,29.972767901817527,-81.74501218377449,2048
3458,41.31001749407678,-95.92852212500988,2048
3453,41.45050826908946,-96.02280888119874,2048
3457,41.27446647696976,-95.92443159709504,2048
3464,41.251169301974166,-95.94126327566543,2048
3461,41.24500307365168,-96.02332093059113,2048
3465,41.250114506219866,-96.05929937808838,2048
3462,41.25396054714782,-95.9834001451017,2048
3466,41.17681930033016,-96.1380619500002,2048
3467,41.21983079714263,-96.138055457293,2048
3460,41.21933028439152,-96.02801422170651,2048
3459,41.267245450246136,-95.94744935625631,2048
3468,41.247884299291606,-96.10608252752108,2048
3469,41.24902971243992,-96.17769892347988,2048
3463,41.25304916577172,-95.96194227283104,2048
3470,41.24925072573361,-96.23322211233597,2048
3471,41.20386957454973,-96.25462173898656,2048
3473,41.27701954842329,-96.1379412289327,2048
3472,41.305552412476985,-96.23593416222556,2048
3474,41.530906513275255,-97.3370119804898,2048
3479,42.06232555021708,-97.35874945000046,2048
3476,41.81619482978055,-97.37755996296568,2048
3475,41.71357958422685,-97.37835977092112,2048
3477,42.01760193444074,-97.37826340193286,2048
3483,37.41852320023027,-83.8376356000007,2048
3480,42.078188403898366,-97.35456166717005,2048
3478,42.01780212328296,-97.38028889923552,2048
3481,38.043207886200165,-84.64700317494507,2048
3482,38.07402189420055,-84.62080751159868,2048
3487,27.523495555260784,-81.92583461102342,2048
3484,44.0103186785998,-103.16522898491569,2048
3485,44.0249220756241,-103.22791195594915,2048
3486,41.16415115949152,-102.98764088814136,2048
3488,27.74880077881832,-81.8184873502644,2048
3489,37.41734214283061,-85.39690101116027,2048
3493,30.41362839193824,-85.44738993200401,2048
3492,30.405684610526336,-85.44929157731988,2048
3494,30.783311805932144,-85.27278370010609,2048
3496,30.87046003190941,-85.40201463670059,2048
3491,30.265427100313737,-85.51888194994615,2048
3490,41.52489042852582,-96.10433041477472,2048
3497,34.74161927553538,-87.87961476078426,2048
3495,30.870018848232466,-85.40151768306333,2048
3500,41.1255399204973,-96.25243190692122,2048
3499,41.08941376627816,-96.384917123111,2048
3498,25.882661050890874,-80.32791710031165,2048
3509,35.08941425016086,-80.16359875037492,2048
3501,40.90695182294297,-96.62366560243828,2048
3502,41.125648110824926,-96.19891028531116,2048
3506,41.225438701598186,-95.86698395478652,2048
3507,28.05402533770029,-82.72414859844649,2048
3503,41.20437606585175,-96.1951184420765,2048
3504,41.1254242043893,-96.14056914014448,2048
3505,41.25392530166422,-95.86803419945284,2048
3510,35.11329100051462,-80.19865289999966,2048
3508,28.068956039008544,-82.76450679304342,2048
3511,34.96845101330067,-79.92110830184639,2048
3512,34.9686791006361,-79.91847440000764,2048
3515,44.5550652931866,-93.65683184367552,2048
3517,44.78678714533303,-93.4269341198997,2048
3520,36.49444815019675,-101.39153460000004,2048
3513,37.41738732077848,-77.43269100898536,2048
3518,44.79773305957757,-93.16580383430885,2048
3514,37.49204609746093,-77.43074829911279,2048
3516,46.33197609217754,-94.07593721052574,2048
3519,44.782950997064304,-93.0417666899714,2048
3522,36.50251079957875,-101.3934048498787,2048
3521,36.49650747828778,-101.39170282721216,2048
3523,38.91742564401053,-77.49156076702619,2048
3524,38.949928916392246,-77.51902085352214,2048
3527,35.36411976112831,-94.42885091130604,2048
3526,35.29991941491928,-94.43048081133806,2048
3528,35.357865467486235,-94.33471984892692,2048
3529,35.42238835684855,-94.33024557465878,2048
3525,38.95027684544881,-77.51832793955231,2048
3530,35.31571506956232,-94.3927420364622,2048
3532,35.40776555031494,-94.37080910000776,2048
3533,35.460288950144566,-94.35178454999692,2048
3531,35.31496290018175,-94.40557970002992,2048
3537,35.396755467322905,-94.42133574801382,2048
3534,35.453493626304706,-94.35916003941378,2048
3536,35.39135741048615,-94.42656767264388,2048
3535,35.43342414454853,-94.38130907546017,2048
3540,35.305101875504135,-94.37905205684086,2048
3542,35.326358954289105,-94.32421610093206,2048
3541,35.281506793870626,-94.37861807528432,2048
3539,35.42884892560092,-94.38798900903188,2048
3538,35.43126657014295,-94.3779274879712,2048
3544,37.114097078963766,-92.59617279790072,2048
3543,35.42033514995594,-94.28758810001702,2048
3545,37.25141441381123,-92.52758307972648,2048
3546,38.17967836435863,-91.20304443169552,2048
3553,35.72505664977297,-95.39719250412016,2048
3548,38.68367376765883,-91.75515818415742,2048
3547,38.19611020018234,-91.21787529999916,2048
3550,37.10951899368232,-93.25962381827534,2048
3551,38.69906870848431,-94.44703048344068,2048
3556,35.776271000140795,-95.36326194998104,2048
3554,35.724940802506474,-95.34703605643912,2048
3549,37.108208459243,-93.25876935936884,2048
3555,35.773716150674844,-95.41517494999827,2048
3557,35.78138616921247,-96.06945500954956,2048
3552,39.163104617697904,-94.45833931693583,2048
3559,35.78607284328748,-95.30898554572472,2048
3558,35.77431782995251,-95.30622540386202,2048
3561,35.76218930563908,-95.2893562691116,2048
3567,37.50311127017868,-77.70640276882672,2048
3560,35.742818688434106,-95.30412306767872,2048
3562,35.771619908818614,-95.25059255020528,2048
3565,38.604530610803614,-92.96613183883504,2048
3564,35.87154600008511,-94.9455603265454,2048
3563,35.87400191362161,-94.96999000972136,2048
3568,33.70256864505428,-88.30393863774002,2048
3569,37.50719780414861,-77.62893766803674,2048
3571,33.981094131148154,-89.35061553731232,2048
3570,37.636225401645945,-77.79392133291505,2048
3566,37.50267670685358,-77.70401547652371,2048
3572,31.496456627986788,-88.23647807575864,2048
3573,34.882894122864265,-88.63971922931489,2048
3575,34.92744293042685,-88.52079180998592,2048
3576,34.95162762107111,-88.45055477227281,2048
3579,30.00575220792945,-91.89133754810013,2048
3577,34.86811800050613,-88.43084835029185,2048
3578,37.39323000876035,-77.67193946002165,2048
3574,34.91250138764246,-88.50930976910074,2048
3580,30.131801532343506,-92.12618832947226,2048
3582,36.2741632619551,-77.10471881970729,2048
3581,36.25638828998192,-77.07919524880947,2048
3589,37.20000850440984,-77.3591221350127,2048
3587,32.575735150491454,-89.32533625018634,2048
3592,34.80067735011696,-89.43960194999964,2048
3584,34.283849310627616,-88.39802888829014,2048
3586,32.622611610724555,-88.68197353824792,2048
3588,37.08917434473616,-77.42519092656367,2048
3583,35.435110042120755,-78.41371632259032,2048
3585,32.77691679646421,-88.65923043710596,2048
3593,33.24582068011865,-88.55688525468241,2048
3591,34.22643693388573,-88.71638691553821,2048
3594,33.11699297072227,-88.56715532560956,2048
3590,37.253669953344,-77.60975231607128,2048
3595,36.71821393516561,-77.58506888001266,2048
3596,35.55018602946409,-79.17208597269715,2048
3598,33.47761712548699,-88.73781548945782,2048
3600,34.46486389996605,-89.8128906500102,2048
3597,43.59426740210306,-96.59470357583815,2048
3602,43.71649646672181,-97.13843530741764,2048
3604,43.90279032450035,-98.32974533889148,2048
3601,34.539939994482445,-89.8092852546694,2048
3608,40.59459692156588,-89.76207503401729,2048
3606,34.24133982148334,-88.76927739464155,2048
3599,34.33512159258594,-89.92116257514384,2048
3603,43.84921379392743,-97.96854615027353,2048
3605,34.241056674398344,-88.78967636149615,2048
3607,43.60096719972262,-98.95666289997428,2048
3614,43.19169687294854,-94.61763972303076,2048
3609,40.78276032414932,-89.69959930798568,2048
3611,40.78489053013689,-89.70056981589545,2048
3612,43.06295823985441,-98.55469672367552,2048
3613,43.190661189135454,-94.73191012726878,2048
3616,37.67041130522946,-77.52189371807347,2048
3610,40.78330483140381,-89.70086632363936,2048
3615,42.56934621708732,-94.0939081661078,2048
3618,43.05683515093887,-95.68756815932772,2048
3621,40.462251233158206,-89.9853057333544,2048
3619,43.20782780896153,-95.58168815573084,2048
3620,41.20375645085312,-90.46220001178357,2048
3617,47.3736062993402,-101.15628853098868,2048
3627,38.727706152938126,-97.54077119445954,2048
3622,40.97323270290645,-90.33023376358764,2048
3624,41.52570736764632,-90.35394165890212,2048
3623,41.313203700183074,-91.09362314994264,2048
3626,34.2544230037839,-77.87337021488662,2048
3629,40.55784496922589,-89.75042930804005,2048
3630,43.66999189873526,-95.14358923154192,2048
3628,39.42765119959246,-97.54424564281804,2048
3625,34.15974659607554,-77.89382968238748,2048
3632,48.97209832627265,-99.56000132935353,2048
3631,48.486466165390574,-99.96618259056682,2048
3633,43.6712021353609,-95.14055594040578,2048
3635,39.05346749636072,-95.56480543037742,2048
3636,39.4245583918952,-97.73526439197056,2048
3634,35.672926599634984,-78.9175575746334,2048
3643,35.932017713117204,-98.7538125950678,2048
3637,36.31142759321044,-99.36854878074055,2048
3638,37.29354552907371,-98.4653039162566,2048
3640,34.77762342735097,-77.42287490968214,2048
3642,36.47868964914964,-78.86264620523323,2048
3641,34.39127614905418,-77.69018088269468,2048
3644,36.14619897955031,-99.1856025910113,2048
3645,36.52524767913512,-100.94987683393909,2048
3639,36.51233272667663,-77.44723025045325,2048
3646,36.52075950088908,-100.86521509999965,2048
3647,36.52117455596599,-100.89947832642424,2048
3653,37.85375712376536,-99.7368330499499,2048
3652,37.853645391742056,-99.73843304326114,2048
3649,34.9838460618396,-79.87782868914829,2048
3654,37.86419667655855,-99.75577434233332,2048
3656,40.638572754262974,-79.35059019396053,2048
3658,36.16311128743244,-94.56361851171953,2048
3648,34.910536231194804,-79.68480608564889,2048
3655,37.46741079490205,-99.87683265188622,2048
3650,34.930635990819766,-79.79677714599129,2048
3651,34.93086589444364,-79.79705717015017,2048
3657,40.64159001584907,-79.34600470622425,2048
3659,36.173884214130375,-94.63666308876049,2048
3661,35.81797302292932,-78.70766396083522,2048
3660,35.90865605365684,-78.65423790378732,2048
3668,36.92601217429456,-97.6668967670578,2048
3662,36.27810589866474,-95.79477712347848,2048
3665,36.36511939236669,-95.829828628079,2048
3663,36.31154373902583,-95.8141008081289,2048
3664,36.365010836238575,-95.8285903278734,2048
3667,36.86747588477443,-97.67234353866672,2048
3669,35.11511144575909,-94.6297531638737,2048
3670,41.30733675006271,-85.137185349993,2048
3673,35.11301221653442,-94.6561473831364,2048
3666,35.303815000356806,-78.06021544984783,2048
3679,35.308418185504884,-93.6467604767292,2048
3676,35.19503770803662,-94.36124742449164,2048
3672,35.48389738272049,-94.18539723414054,2048
3675,35.134733353742405,-93.95640414528282,2048
3671,41.55757902625409,-85.59649858336083,2048
3677,35.45113862475457,-93.7794678898434,2048
3678,35.46309058754386,-93.8053537472762,2048
3680,35.33531825037022,-93.56131705000284,2048
3681,35.430272001083274,-93.57496874851223,2048
3674,35.08518952134338,-94.2676993032944,2048
3684,35.40964691252007,-93.77464071477652,2048
3690,35.52593142480019,-94.25191349034066,2048
3688,35.49332336068514,-94.150640093325,2048
3687,35.50081629998611,-94.10693544999704,2048
3682,35.477603070222465,-93.51096263298936,2048
3683,35.402002274685266,-93.74686393606386,2048
3689,35.48258767342746,-94.22976406247386,2048
3685,35.496521410302606,-93.84666779850618,2048
3693,35.307644828714686,-94.37371400544886,2048
3692,34.95687812146953,-95.07610612431066,2048
3686,35.5061369221338,-93.86734343716516,2048
3691,35.460763048229985,-94.28968576694616,2048
3699,35.79309493595272,-90.91203650356384,2048
3694,36.4339689753229,-90.60484125851433,2048
3696,36.33446851866661,-95.7398217988495,2048
3698,35.64625998122052,-91.21971313689512,2048
3700,36.17165709457403,-95.7537428377332,2048
3695,36.40831320024774,-90.7299857543578,2048
3702,36.43502837611005,-90.3723517322688,2048
3704,36.49748687496337,-90.28946154168564,2048
3703,36.49736995000278,-90.28901165000026,2048
3701,36.42058146842698,-90.57437522001604,2048
3697,36.3357343827462,-95.60679404172495,2048
3706,36.28512447456239,-90.93882586253456,2048
3705,36.49761310002066,-90.28900809999912,2048
3710,36.31376527247122,-90.28185771882866,2048
3707,36.28560514188042,-90.93896797260118,2048
3711,36.257497967629625,-90.29684133430328,2048
3712,36.17124239913789,-90.36769468298893,2048
3713,36.17123072521836,-90.3667330908048,2048
3708,36.75919771635235,-76.24024175627872,2048
3709,35.889029286224144,-90.26263890035476,2048
3714,36.08597490306093,-90.44027466776753,2048
3716,41.10727874999637,-74.15645089995644,2048
3715,36.14411141786788,-90.38998284805608,2048
3720,34.185576490871185,-97.24130621985904,2048
3717,35.25795415867928,-89.01838540099936,2048
3719,34.01908692458436,-95.31246327083636,2048
3718,35.3339466302856,-88.92626435518963,2048
3724,34.811682206995954,-92.48785344062718,2048
3722,34.88978015002275,-92.68059159993808,2048
3721,36.76427115008058,-76.34345339991128,2048
3723,35.087834548075854,-92.78047884578284,2048
3726,36.60011326361089,-88.29946490752181,2048
3725,34.94865914157492,-89.74038011460887,2048
3729,36.76774735459704,-88.29110927655665,2048
3727,36.63382684674234,-88.3250097312256,2048
3728,36.646075250207225,-88.38603785030206,2048
3736,35.05070460013208,-89.91647705013652,2048
3731,35.098475682946834,-89.82937346972618,2048
3733,34.93559167517952,-89.89174731481111,2048
3730,34.9589390435087,-89.80434345358249,2048
3732,36.42515920013258,-89.00934850006715,2048
3734,34.99647348327924,-90.04844795180804,2048
3735,35.01969854980009,-89.93428738210325,2048
3739,35.67044796718308,-88.37858249886035,2048
3741,35.07676205454845,-89.95256052480046,2048
3740,35.14332711854448,-89.77135965531278,2048
3738,35.04169417095597,-89.8765830035207,2048
3746,35.06267892688358,-90.15305621075794,2048
3737,35.07606321745741,-89.87691058800407,2048
3749,35.4686646502655,-89.89378079999413,2048
3742,35.03787255033785,-89.798960099582,2048
3748,35.41113201694205,-89.83346144996796,2048
3743,34.99369164384207,-90.03997899747252,2048
3745,35.05078232510115,-90.15448159151664,2048
3744,34.93908448664355,-90.16907509709552,2048
3747,35.00516327113839,-90.05118863117386,2048
3752,35.636586122327785,-88.27125572442027,2048
3750,35.51208869607743,-85.02115332918002,2048
3753,35.719199337191704,-88.37894208220536,2048
3755,35.24032999807819,-89.34035329094812,2048
3751,35.33478590305398,-89.4835319379766,2048
3761,35.86864884748874,-90.01722286680672,2048
3757,35.17950988224499,-90.02694279854288,2048
3758,35.180119129210325,-90.02531811476513,2048
3756,35.26667211183098,-89.79417068865891,2048
3762,35.935789702773235,-89.87630799188592,2048
3760,35.17295667555505,-89.94981939902414,2048
3759,35.13524083067015,-89.96461856805458,2048
3754,35.71971921343563,-88.37945220462034,2048
3763,35.14796310035018,-90.12786054999566,2048
3765,35.90572941203892,-89.78427217532084,2048
3773,35.587213967394085,-89.27362178441301,2048
3764,35.16026346558444,-90.1805220175292,2048
3767,35.94721442698916,-89.72494510950469,2048
3766,35.91355878367334,-89.78403056491919,2048
3768,35.97294340770379,-89.85705517849833,2048
3772,35.59742237088349,-89.23880887039276,2048
3771,36.41677660338765,-89.06403365936383,2048
3770,36.4126878845869,-89.71160227875339,2048
3769,36.10360151284564,-89.79396438721153,2048
3774,35.6057277222465,-89.24200060952658,2048
3775,45.847433209160926,-95.40566894251448,2048
3779,45.54282326497531,-94.2743597550016,2048
3777,45.158958999994624,-93.58308949999903,2048
3780,36.758027303953,-76.28854914337165,2048
3778,45.29832021548874,-93.8256465990552,2048
3785,44.223091349397336,-92.65896011366858,2048
3776,46.95074404714186,-97.07594133527334,2048
3784,44.08027607055787,-92.53776541326816,2048
3782,36.81289002540526,-76.19386063094741,2048
3786,37.33830960003479,-77.29771814991821,2048
3783,36.84171740009656,-76.1750003855222,2048
3781,36.77372200015816,-76.31175309997856,2048
3787,43.98583051862033,-92.45250636639184,2048
3790,44.026879302617765,-92.46055818899345,2048
3794,44.50665481333155,-92.91742803219816,2048
3789,44.02686757376234,-92.46056565932516,2048
3796,37.22197090695106,-77.44315406623797,2048
3792,44.366286883064014,-92.8011491870478,2048
3791,44.06436226301416,-92.47274408972558,2048
3793,44.5065866859109,-92.91741895297518,2048
3798,41.84460921451308,-88.25544244277981,2048
3795,35.819409733998576,-94.64786453377305,2048
3788,44.0150384526309,-92.37786791164528,2048
3797,37.447415255225714,-77.30136067165816,2048
3799,37.259578619702594,-76.64841226086382,2048
3801,39.593472181022335,-89.49626297161473,2048
3802,39.41152741472216,-89.10465240797188,2048
3800,37.295848564307136,-76.70558004661996,2048
3803,39.48229844384683,-89.29815875876153,2048
3805,41.89086316440232,-92.94262103156804,2048
3807,42.04509537062906,-92.86176178572856,2048
3804,41.89001480363524,-92.94269008052127,2048
3809,40.45225466461756,-88.96130741388014,2048
3806,41.934607650001446,-92.91714125000088,2048
3810,40.452659774867854,-88.90439407046874,2048
3808,42.005608224875786,-92.9358875322837,2048
3811,40.453234700252125,-88.90258729996546,2048
3812,40.46175897242675,-88.98604018861153,2048
3820,41.89536972919714,-88.04680595232512,2048
3818,41.893347215176014,-88.22430055384622,2048
3819,41.900235023907456,-88.13511758227902,2048
3814,38.112143480397904,-90.25766176527809,2048
3817,41.82333479428195,-88.25978211010899,2048
3813,38.13282769695754,-90.26568438886,2048
3816,39.33687815693288,-84.27211140878235,2048
3815,37.53920992169139,-76.80383548126416,2048
3821,41.92874028842805,-88.07962470553203,2048
3822,41.94698778151364,-88.03242959296557,2048
3823,41.97955050810042,-87.99574305198796,2048
3824,41.79965546453453,-88.05875033053091,2048
3831,41.91272424283101,-88.00318998648154,2048
3830,42.03760124546881,-87.96215480350243,2048
3825,41.83330972975624,-88.04592561580093,2048
3829,42.02641261673456,-87.96364382452505,2048
3826,41.8599704346857,-88.04330185901495,2048
3827,41.996076496457405,-87.9776357777084,2048
3828,42.02111796044624,-87.97183121794319,2048
3834,41.9228781946909,-87.92275803318063,2048
3835,41.82717677459362,-87.72635611462043,2048
3833,41.92362027515483,-87.95489776081907,2048
3832,41.9129059380185,-87.9939724309274,2048
3837,41.8438850227937,-87.66680658395877,2048
3836,41.829189472803314,-87.72693731581244,2048
3843,39.37608349823447,-74.96628011600825,2048
3838,41.81163053919493,-87.77515119445539,2048
3839,38.77926975694602,-77.59386533535333,2048
3841,37.42553165217478,-79.03628054730997,2048
3847,37.86777361138464,-79.42069841937625,2048
3840,37.423805071025086,-79.03610873617735,2048
3842,41.628327131459386,-87.93651221017892,2048
3845,37.503710600094415,-79.8121991500371,2048
3844,39.44979150629059,-75.0580351311688,2048
3846,37.86724270005372,-79.4193469537443,2048
3849,36.84999279903463,-76.01739477078091,2048
3850,36.77077394070484,-76.07693325763998,2048
3855,35.9143659747335,-83.851592001265,2048
3851,36.77192426927449,-76.01967431244458,2048
3857,35.7967690680752,-84.01561934820336,2048
3848,42.05593935305535,-87.83271105601686,2048
3852,36.7903982506086,-75.99843041834886,2048
3858,35.84193870582263,-83.99180182231585,2048
3856,35.752946153159506,-84.00194419684858,2048
3853,36.001044980234816,-84.25836037649702,2048
3854,36.0090856137472,-84.27151715587584,2048
3859,35.867847842783846,-83.94241020586915,2048
3867,41.71527896945213,-87.54626363238715,2048
3861,41.56965789995302,-87.56766555077176,2048
3860,35.44014430033949,-86.01796029995117,2048
3862,41.58800235080809,-87.55461780246281,2048
3865,41.690678980757305,-87.52348947129238,2048
3864,41.48803057958636,-87.60405233997272,2048
3868,35.95515439285138,-85.00044496064872,2048
3866,41.69068022392669,-87.52348837367036,2048
3871,39.86131186651292,-75.07990527688864,2048
3870,39.82767691672653,-75.06857611377556,2048
3869,35.96054344324404,-85.04710253207402,2048
3863,41.60206035069191,-87.5488012224467,2048
3879,41.56131361633052,-87.37428014652663,2048
3874,35.21957202408334,-86.05328124068232,2048
3872,40.56847011402885,-75.16213553611688,2048
3876,32.7443279132905,-94.69829034177754,2048
3878,41.5599123488453,-87.4415236233678,2048
3873,44.32904715146764,-71.88468858750298,2048
3877,41.56028534049734,-87.4650474654211,2048
3875,35.552445750127454,-89.43037095002124,2048
3880,41.585474742683786,-87.46616142491511,2048
3881,41.59643627515987,-87.46611346468276,2048
3882,41.609327832979794,-87.46049528371181,2048
3887,41.6302491892881,-87.10880201655775,2048
3886,41.61844316080573,-87.17088847892661,2048
3885,41.62260232599525,-87.42992182794744,2048
3883,41.60988947947007,-87.45096281811435,2048
3890,35.72542862593174,-89.52721990596748,2048
3888,41.634840831760606,-87.09885877287739,2048
3884,41.62144083117164,-87.43085127517637,2048
3889,36.32604337817084,-87.67333999111985,2048
3891,35.574920042816295,-89.03736937328425,2048
3896,35.74203675008763,-84.39509074979738,2048
3895,35.75268278542782,-84.79661692004508,2048
3898,35.18650205006854,-89.85841155007547,2048
3893,36.54640251722606,-86.75854059728715,2048
3894,36.5135051420697,-87.40704990356501,2048
3892,43.16026110327221,-70.93128987143079,2048
3897,35.412495650575664,-85.38475208013728,2048
3901,41.636863097715526,-87.66649390187683,2048
3900,45.397405775369904,-68.5258466326807,2048
3899,45.39742562476614,-68.52924954696769,2048
3903,40.1119346541028,-88.33863691974048,2048
3902,36.181440183932935,-86.296285882707,2048
3904,40.02366948063068,-88.05501826975673,2048
3905,41.68593669071599,-88.47595315347057,2048
3907,41.68783847310037,-88.4741761097945,2048
3908,41.2624066254184,-88.65950478400235,2048
3906,41.71713422869272,-88.44424899217795,2048
3909,37.509129860517454,-88.24825289393587,2048
3912,30.213488379705964,-91.01972807314928,2048
3913,30.150607776924147,-90.91473944013072,2048
3910,37.68636116566786,-88.28132583793918,2048
3914,30.17381163774625,-90.9660220807574,2048
3911,39.942465850925416,-87.50095459994725,2048
3915,40.98329749123357,-85.34133335581784,2048
3916,41.06386840367669,-85.46727128206574,2048
3923,38.6282580185262,-87.22391909655803,2048
3917,41.33652750959826,-85.90103576429107,2048
3921,38.1134965638915,-85.37188734391759,2048
3925,39.07190650367606,-87.01330838769039,2048
3919,41.17133802741483,-85.09522257224175,2048
3922,38.85601115086675,-87.1685380285969,2048
3918,41.07302495470007,-85.29483481939437,2048
3920,41.36903084454886,-84.92135266970723,2048
3924,39.02803040758849,-87.053736224999,2048
3926,33.971173746335346,-83.39298258301592,2048
3927,34.95545830088981,-85.26458685945632,2048
3932,29.83179320527189,-90.11441165797524,2048
3931,34.88763000492087,-87.61283539871677,2048
3928,34.965239509363926,-85.22616504191554,2048
3933,29.884601118739297,-90.17119404953368,2048
3935,33.8549892421356,-86.83210397063587,2048
3930,42.76428118877385,-82.4746289073005,2048
3937,42.787235831826045,-82.49457506401409,2048
3929,34.94824007555382,-84.37026522335806,2048
3936,33.38271644079705,-84.27142948870572,2048
3938,29.936541791405915,-89.93555728536394,2048
3934,33.81955675268921,-86.82402882420915,2048
3940,29.97226363529676,-89.99154312836467,2048
3941,39.21774641352933,-85.34585864350333,2048
3939,29.947620360919345,-89.93045073415969,2048
3944,29.984963547253734,-90.4557076535834,2048
3945,29.986004297501665,-90.45540790330575,2048
3942,39.39573048058659,-85.51981509049364,2048
3943,29.9726091453192,-90.44967113554068,2048
3948,29.989099559518788,-90.45492417254408,2048
3950,34.2075909739462,-86.86067593909716,2048
3947,29.988835419136915,-90.45428958898368,2048
3946,29.988238792651607,-90.45481206673236,2048
3949,34.25439421566986,-86.94186499552079,2048
3952,34.8275973748702,-87.68201584760423,2048
3956,36.634195430192726,-88.97998697532692,2048
3955,34.02162474628265,-81.06034711448098,2048
3951,34.55112940678269,-85.98830442488892,2048
3959,36.46659351349014,-89.05348998102184,2048
3957,36.63448427141473,-88.97875963618831,2048
3953,34.92016230689616,-85.3003527283024,2048
3958,36.80007655528801,-88.86092046034683,2048
3960,46.15266487834533,-91.73226771111553,2048
3954,33.96933470017161,-81.08632904995757,2048
3962,36.62242529501718,-89.04722962425645,2048
3963,36.46682295214559,-89.10551908086518,2048
3961,46.15276189624669,-91.73520393126635,2048
3966,36.078588615649736,-88.82167071190922,2048
3964,36.27506306701712,-88.83404487350245,2048
3968,34.217141050080464,-81.35417950016353,2048
3969,34.15168443093544,-81.27141850706887,2048
3970,36.08939912568007,-89.21692711041585,2048
3971,35.81927748849833,-88.81095842435762,2048
3967,34.053041375304545,-81.20934154597951,2048
3973,35.81988385136528,-88.88013403752097,2048
3972,36.55150233450755,-86.47941355270409,2048
3965,36.3130616228448,-88.84599321321855,2048
3976,36.02821440816992,-87.98485475901633,2048
3974,35.72981990960358,-88.80948216182836,2048
3977,36.028491983032026,-87.98308444535986,2048
3975,34.10381734781152,-80.98328238384961,2048
3978,36.028554391797016,-87.9836977232122,2048
3982,41.681007901700966,-72.5549953598252,2048
3980,36.04750645132579,-88.08872219200039,2048
3981,41.55415832299735,-72.5968940471373,2048
3984,37.01420072298124,-86.36502405206048,2048
3983,36.9525945359219,-89.06600360018709,2048
3979,36.054604528578274,-88.11594290082739,2048
3985,37.02809447778122,-86.31983384131122,2048
3986,36.72444856956055,-86.56674070430783,2048
3987,36.59053840037653,-86.50505370010998,2048
3988,36.59089340055285,-86.50631810003327,2048
3993,38.05258187398412,-85.90752758393242,2048
3989,32.69746098870633,-80.86387146857575,2048
3990,33.29218774756708,-86.88901531775922,2048
3995,38.05573551525122,-85.26528507587182,2048
3992,38.22474959748802,-85.51242581210208,2048
3996,37.97124557151748,-85.60680037372325,2048
3991,38.03938452054723,-85.7034403318442,2048
3994,40.566261196314976,-80.23567775481438,2048
3997,37.97166452192717,-85.60836444073452,2048
3999,38.19268854864725,-85.28675276418315,2048
4001,37.88515739371363,-84.10526915951705,2048
4000,37.27708462347794,-85.51028341517795,2048
4003,33.83285227067645,-80.62550356606727,2048
4006,33.42337345454696,-80.12529716428391,2048
4004,33.915742351002784,-80.66310081680199,2048
3998,37.8214982255339,-85.72018016774,2048
4002,33.83741772298636,-87.22514815737283,2048
4005,34.14579915181597,-80.86701000463773,2048
4011,34.016397753112265,-80.42193970081544,2048
4012,34.042717123324536,-80.43956277150599,2048
4014,36.845130928093255,-83.37203856607425,2048
4015,36.79706724521935,-83.71712931312206,2048
4008,33.59731859420783,-80.27321168248145,2048
4007,33.538339787509784,-80.19716183750508,2048
4009,33.89189748927141,-80.43618853646616,2048
4010,33.95862096283675,-80.42837162326497,2048
4016,36.79625347958165,-83.6645709806084,2048
4013,34.97987893176288,-80.95090770901237,2048
4017,36.79606346881662,-83.5836194860971,2048
4018,38.11201983219066,-84.08414631637702,2048
4024,36.78200143617136,-84.98573490290131,2048
4019,37.22813406249468,-83.78515563037945,2048
4020,48.97236238694947,-99.56223594117742,2048
4023,36.57919508476925,-84.11368310542915,2048
4025,36.54690928440556,-84.45070977500087,2048
4026,47.22366920001848,-101.81754254976136,2048
4021,37.42756443644229,-85.00909260845432,2048
4022,36.672439229647246,-84.48386788032977,2048
4028,48.35119138929904,-102.07589466097927,2048
4027,46.97970090444674,-101.54212283711306,2048
4029,48.40793026212468,-102.86069943046353,2048
4032,47.31054870007127,-101.082856199648,2048
4033,47.39925865017711,-101.15835574999464,2048
4034,47.45793932503304,-101.2284997701094,2048
4030,47.30480325606968,-101.03697776275676,2048
4031,47.49864456115331,-101.42798522323343,2048
4038,47.22898142592403,-101.80245271901636,2048
4035,48.02104300932128,-100.88618902406404,2048
4036,48.021449463234646,-100.8849041603656,2048
4037,46.83861794984163,-102.75000886011814,2048
4039,47.414412649911945,-103.24920944995375,2048
4043,48.14401579797677,-103.73224975599176,2048
4044,36.05766501607539,-89.3372376468691,2048
4042,48.34025844748572,-103.3057046670174,2048
4046,36.060790124516345,-89.34623680006364,2048
4041,47.7765110495202,-103.28459739136906,2048
4045,36.05801891521569,-89.33571504040097,2048
4048,46.9175149096212,-96.87408792572032,2048
4049,47.21276639514716,-97.83136500658055,2048
4040,47.7748578983426,-103.28409283906326,2048
4052,46.28211880019045,-96.5884393999973,2048
4051,46.83476526906703,-96.948622524718,2048
4050,46.83176967828421,-96.86026473180073,2048
4054,42.79873152562223,-83.00554774009213,2048
4056,42.939772400352666,-83.14530299893558,2048
4053,46.31585657535455,-96.0391082889581,2048
4055,42.91920846988083,-82.7050843365579,2048
4047,46.95907100152872,-97.51646628008082,2048
4057,42.988239671883065,-83.29987022864927,2048
4058,43.10311986337063,-82.70193035672193,2048
4059,29.794993688180888,-90.0431069530221,2048
4060,29.856771726025556,-90.05985808958287,2048
4062,27.966029253344587,-82.14687425001323,2048
4064,27.77617790783692,-82.25300248646047,2048
4061,27.85550965189821,-82.3012413500162,2048
4063,27.83500523056644,-81.94094373733385,2048
4066,27.73196167699223,-81.98839878982113,2048
4068,27.807327971761456,-81.95577102375685,2048
4067,27.640117768375863,-81.95851427516469,2048
4069,27.807443148544944,-81.95506505939402,2048
4070,27.89527236364685,-81.91796767030677,2048
4074,33.88712407789772,-84.59794147745635,2048
4071,27.898827139745404,-81.90439322537743,2048
4075,29.62438565234705,-90.9215755674665,2048
4065,27.776842999722632,-82.2438702943743,2048
4073,33.886040842816186,-84.59813689295324,2048
4072,27.824018122382515,-81.88789478361461,2048
4077,29.665793191112883,-91.0393363718355,2048
4076,29.629528450236897,-90.9161311020972,2048
4078,29.66608562757869,-91.03847342451188,2048
4079,29.5607142618338,-90.78280265395895,2048
4080,41.83997487969786,-83.77018923436093,2048
4084,38.20388078885816,-89.85168774469844,2048
4081,41.72210356106413,-83.77914364966782,2048
4082,35.12419293195589,-95.90066348673264,2048
4087,30.35803724215221,-91.2714892035111,2048
4085,38.20472074544355,-89.85000067440932,2048
4083,35.12550415789598,-95.90079261984,2048
4086,37.58208098762653,-76.48520526451962,2048
4091,39.4498273518108,-94.97661297358822,2048
4088,30.38190305875652,-91.25508527282028,2048
4089,30.189159265936222,-84.2072319792474,2048
4090,39.73475121287702,-94.76138413643686,2048
4094,40.53185575707391,-80.63380234201827,2048
4095,40.77311665036829,-80.80215475648842,2048
4098,39.84407251832988,-94.7946755959412,2048
4093,47.79421619330897,-100.00709497278584,2048
4092,39.45110770855095,-94.97582949887322,2048
4096,41.15058152795088,-80.83988091444851,2048
4097,30.36605692957841,-84.36068765684188,2048
4099,39.724667981796735,-94.77875954107787,2048
4100,39.72508350439188,-94.78089815966652,2048
4101,39.427974707005376,-94.90013815072815,2048
4102,35.79091107786313,-78.68243024377082,2048
4103,30.192334900323555,-84.30849119997693,2048
4104,30.19767853248614,-84.35778199582329,2048
4108,40.035437006445086,-82.64972100667322,2048
4105,30.189022693108715,-84.21042167504069,2048
4106,39.99124951549272,-82.64816801064973,2048
4107,40.03548359852811,-82.65050759432019,2048
4111,40.09557097207056,-82.74807769357052,2048
4109,40.07397050369627,-82.7412644307656,2048
4110,40.095708773365,-82.75001520334301,2048
4112,39.05425118371173,-77.53926129600708,2048
4114,45.898413323452445,-91.5209739384606,2048
4113,39.05497223415772,-77.5392977208501,2048
4116,47.86022057016005,-103.2962444965199,2048
4117,47.86543073758176,-103.47071617497856,2048
4120,48.14266837469057,-103.7320975251469,2048
4124,27.705305012470017,-82.14675351932726,2048
4122,27.757744692238443,-82.171794755338,2048
4119,48.14167794756396,-103.73222509735524,2048
4118,47.79929647958009,-102.93030576578792,2048
4115,45.89964935002492,-91.51861015001816,2048
4123,27.704832150175328,-82.14573760004005,2048
4121,48.14886887383904,-103.7714468928912,2048
4125,27.721539750153006,-82.1653420000175,2048
4129,30.452360289034623,-91.17782283113628,2048
4133,30.481699646580548,-91.1888112846326,2048
4131,32.81956870573167,-89.1031619719468,2048
4128,30.437229366182592,-91.17345504320076,2048
4126,27.72943788329933,-82.00265085213502,2048
4127,30.41602277899092,-91.13926191662787,2048
4132,30.39125073514021,-91.0986288869926,2048
4136,30.489202803849118,-91.17730102965828,2048
4130,32.79668355028775,-89.10709495001515,2048
4138,30.47526092361024,-91.21076771312308,2048
4135,33.030737314714166,-89.60072443061023,2048
4137,30.498883030802983,-91.18586000261072,2048
4139,30.491839762804133,-91.2165211627062,2048
4140,30.49078374909486,-91.18768861448908,2048
4141,30.49283324427039,-91.18744602704425,2048
4134,32.749598195973505,-89.49238422630384,2048
4142,30.459524347641924,-91.2241671961679,2048
4143,30.454718555394297,-91.31329227793825,2048
4144,30.4929442567068,-91.18843973971484,2048
4145,34.26103940183912,-88.93658838303188,2048
4148,33.50519648682791,-88.8027596475946,2048
4151,45.98834734975279,-91.32912660877236,2048
4150,40.75781057625038,-78.8691229304332,2048
4154,30.494646448033578,-91.162678042826,2048
4146,36.18377728486124,-82.80778016476343,2048
4147,36.19087061523554,-82.79127795020956,2048
4149,39.49851952462991,-76.40197999639162,2048
4152,45.99324565001641,-91.2828124169474,2048
4153,43.21186547423924,-93.83125023708914,2048
4155,30.49260454860175,-91.1348496944726,2048
4158,30.42333832398281,-91.02232378120988,2048
4156,30.457601886443488,-91.08695947550164,2048
4157,30.47906308868346,-91.10688527701036,2048
4160,30.17506081686861,-92.07355254931404,2048
4162,41.33624682382837,-93.90864658124326,2048
4159,34.522735319633526,-79.84365860359668,2048
4161,30.23893247385367,-92.04605562238478,2048
4164,38.79056208351355,-76.78527292758322,2048
4163,41.17866170533725,-94.77488723085388,2048
4165,39.4917430680644,-85.72539662022223,2048
4166,40.242925942802735,-74.92550154843707,2048
4167,38.78434147423149,-77.58007046519548,2048
4171,35.42941669456064,-80.95209949932749,2048
4170,34.10916030203894,-86.11657391222488,2048
4173,28.15503011373854,-81.82700861257783,2048
4168,34.01907906332696,-86.32948613242284,2048
4172,28.09161635004037,-81.92154000007984,2048
4175,39.32307911820263,-84.41142408496854,2048
4169,34.06113407588389,-86.20681069538362,2048
4176,34.482856720817786,-88.99277970445601,2048
4174,39.32291548189088,-84.41195248540903,2048
4177,39.68998483491089,-74.2612900004958,2048
4179,39.21269817563208,-94.68984464452576,2048
4178,39.75794440459697,-74.27404769400523,2048
4181,36.41375945131746,-84.51800270376849,2048
4180,39.26051046603416,-94.66656079583552,2048
4185,35.42997612734705,-87.10773696562546,2048
4182,36.50237334532938,-84.53213435539747,2048
4184,34.619446021149535,-86.08060045712298,2048
4189,40.53937323617523,-74.36354998680736,2048
4186,36.8791149283711,-80.82258512082926,2048
4188,40.51027689508816,-74.42982359195855,2048
4190,40.54891021469625,-74.34620552294727,2048
4187,40.47932917632042,-74.46565137849258,2048
4183,35.90518148283844,-84.07581029019538,2048
4193,34.051317819465055,-84.17174173667085,2048
4191,36.31682207207414,-94.4553423838934,2048
4196,35.447195600065754,-83.86635025002728,2048
4194,30.4681412847081,-84.37767627512729,2048
4199,34.74551327855882,-78.80745020277715,2048
4195,30.453104417547124,-84.39814192103529,2048
4197,37.29844740416937,-84.85385476529564,2048
4192,35.2537089757139,-83.10266588590424,2048
4200,45.53458739598441,-100.2257325614232,2048
4201,45.75279358155537,-100.22903194096725,2048
4204,39.40304734752886,-77.44702548598708,2048
4202,46.811152516168846,-100.729464875085,2048
4206,33.998501124977125,-83.86627951031161,2048
4198,36.03002482985212,-87.98297419746929,2048
4203,46.813793367856185,-100.72695603975848,2048
4205,33.99720190053791,-83.75561625084734,2048
4208,30.875887825743604,-88.79468020991885,2048
4207,30.958941521081144,-88.61101560698012,2048
4210,34.72262175934532,-87.80804412060657,2048
4212,36.31621006788638,-94.11676249561116,2048
4211,36.26014472493223,-94.1409464903342,2048
4209,31.021775671369603,-88.51501040231258,2048
4216,36.81936980019733,-76.25827199957725,2048
4214,33.524213710377865,-86.57976510992376,2048
4213,39.28187210648977,-94.47411202673824,2048
4215,36.80994939996938,-76.25264329953225,2048
4218,33.95808577931783,-84.53378585671817,2048
4221,33.96440434625894,-84.49399010231116,2048
4220,33.96421173705249,-84.493504986487,2048
4219,33.961523939180324,-84.53565401995333,2048
4223,40.99928761487804,-75.0338536060002,2048
4226,30.25206043928594,-91.16055397543784,2048
4224,41.00093997233097,-75.03222798491203,2048
4217,34.114542196234936,-87.99210847458527,2048
4227,39.09996972803405,-76.79387776345429,2048
4225,41.05572714081831,-74.7403526344675,2048
4228,39.13932654595357,-76.87098508440909,2048
4222,33.96587061058408,-84.42017996576014,2048
4231,35.26952265022216,-93.08352840004343,2048
4236,36.31956532487471,-94.2505837908514,2048
4229,39.13995295000763,-76.87098694999409,2048
4230,33.29695321347376,-92.5894188596086,2048
4232,28.54592060051346,-81.2109653000716,2048
4233,28.56602635008108,-81.17789900006952,2048
4237,36.355960975206365,-94.25040711214368,2048
4235,35.085032809251615,-92.4914137636554,2048
4239,31.443902250029268,-85.60055384999748,2048
4238,31.37788459999848,-85.601346549993,2048
4240,31.31576680007969,-85.58070134998617,2048
4234,35.07316165581595,-88.25204024150584,2048
4242,31.914433016848108,-85.89832873914878,2048
4241,31.70458004690495,-85.59275822495759,2048
4244,40.92371676056814,-91.53891418692108,2048
4246,39.92504763326783,-87.44634202201934,2048
4247,30.318835467509874,-81.94744812621056,2048
4245,40.92395490608602,-91.53973280481551,2048
4243,32.877526085003275,-80.73898683473794,2048
4248,36.648326566019016,-87.4372903928109,2048
4249,36.79874224435859,-87.39589653092376,2048
4250,37.33975356917648,-77.3244457363278,2048
4252,34.49504919404314,-87.73604895206604,2048
4254,47.50042785065346,-97.81838334999664,2048
4253,27.249815516719146,-80.2761205478944,2048
4251,37.33962532014257,-77.32331193299406,2048
4257,27.86456222008757,-80.52027346665605,2048
4256,27.763737750430373,-80.56338059984301,2048
4258,27.86582822563852,-80.52128926255857,2048
4255,47.98170687777338,-97.06490508071214,2048
4260,36.03316016639723,-83.5693587587162,2048
4259,36.03304987554981,-83.56831358403865,2048
4261,37.648502057579854,-99.88697782520003,2048
4267,38.7912065500836,-93.5632278499991,2048
4263,27.9432213676167,-81.80258774623209,2048
4262,27.908555238245537,-81.83491480695346,2048
4265,33.36682370071181,-82.07841474977441,2048
4264,35.41738794969722,-89.76596712145285,2048
4269,27.315926065249737,-81.80116813194802,2048
4270,30.530401999335066,-88.55430343247369,2048
4266,33.399424717605825,-82.05432825874291,2048
4272,26.03422119998532,-80.26352462011376,2048
4268,27.2245254079362,-81.80905317494584,2048
4273,34.308839136540115,-88.79753447170529,2048
4271,30.531470846028608,-88.55328660266935,2048
4278,41.49218201268543,-87.8664105321566,2048
4274,43.09810540080744,-70.7924210636121,2048
4275,43.10529964322826,-70.80597930050132,2048
4277,41.49187047644997,-87.92192538349406,2048
4279,41.49464333392256,-87.82551672125814,2048
4281,37.06581939102604,-94.6149888504474,2048
4276,40.48056987142836,-95.92495693276462,2048
4283,41.47842745457567,-88.25484306629323,2048
4280,37.01032561151885,-94.55085739144344,2048
4282,35.131544055890274,-86.47596600092803,2048
4284,39.26217984668693,-95.03213097164976,2048
4285,38.75199085072449,-90.69138355036335,2048
4288,33.46118602965976,-84.89652750001221,2048
4291,32.33376696543278,-81.0326437069107,2048
4293,32.36886796408082,-81.1224349996484,2048
4290,32.27755417374406,-80.96864666986632,2048
4294,44.30390323526291,-91.91235545591776,2048
4289,32.2488944229697,-80.84223270384254,2048
4286,38.755297300919736,-90.65272787362952,2048
4292,32.36709496550416,-81.12118146752009,2048
4295,39.45176873981086,-76.28348958660698,2048
4287,33.46165597045496,-84.90420047857461,2048
4298,33.01144142476881,-92.33659589000968,2048
4297,32.90102933062638,-92.21356651111697,2048
4300,46.82772239689007,-95.01111419227016,2048
4301,46.86090523005827,-95.99130909662956,2048
4296,38.78599239236971,-92.2387400250694,2048
4299,33.09675124852405,-92.44303256620488,2048
4304,34.951517503450496,-85.71415919889711,2048
4303,44.10217185007426,-94.0648995750448,2048
4306,29.950510715697423,-90.063955802892,2048
4302,43.73862150774448,-94.0884168750428,2048
4305,29.929277396045137,-90.06590322897934,2048
4307,27.85644976493992,-82.65917679608478,2048
4308,27.858090704981937,-82.65980198980962,2048
4310,39.7178195933863,-76.16156556288256,2048
4309,27.872556955607877,-82.67364898533644,2048
4311,39.71822949641109,-76.16268421657237,2048
4313,31.714243409250862,-92.8720285275652,2048
4312,35.69061799206328,-86.91863122754563,2048
4317,38.49011078349484,-75.8217811583187,2048
4314,31.841847872191792,-93.02112413659644,2048
4318,38.88414997644229,-75.81113624078051,2048
4315,31.16607717782415,-89.38718102766641,2048
4319,26.3558834214397,-81.75578773746047,2048
4316,38.07305071101988,-77.51302225513531,2048
4320,26.450432170811343,-81.75432302788381,2048
4322,40.471367366594656,-75.76470964489326,2048
4323,40.47482455961708,-75.764881687272,2048
4330,33.65156481518555,-88.25796350646719,2048
4324,40.47693912324869,-75.76387934779703,2048
4329,39.27164731133056,-77.2219669633788,2048
4325,39.85801990831895,-79.9333018347281,2048
4327,30.26153108210715,-91.25445077156252,2048
4326,39.860771407957465,-79.9162943245189,2048
4328,39.24078081202991,-77.28935935874064,2048
4321,31.0871683515224,-85.19674598970171,2048
4334,42.07082720297464,-80.04867037592463,2048
4332,33.014571869604815,-89.68158010605389,2048
4331,33.642993974953654,-87.17911361348901,2048
4335,42.07743831304644,-80.03399371481004,2048
4333,42.06961518381366,-80.04811185789318,2048
4338,38.0956978674768,-78.95567713870098,2048
4337,38.08194103378023,-79.0056711591033,2048
4336,35.75830336029802,-78.74528175729506,2048
4342,35.03654454620947,-87.30798407906757,2048
4340,41.78480698049662,-89.71268843957235,2048
4341,41.78720404550439,-89.7106246276054,2048
4344,27.79201018672009,-82.00279528436775,2048
4343,41.65905763649012,-86.1312075456323,2048
4339,36.28845897250863,-85.94521008806794,2048
4349,30.375441325583537,-83.18073076480286,2048
4345,36.724670110141815,-76.6221305031316,2048
4347,33.40292074703876,-85.03797001285452,2048
4348,33.40690954025529,-85.04541795393332,2048
4351,34.92152543584534,-85.64046537946311,2048
4346,36.78420868981871,-76.60231317622794,2048
4350,37.66859914782904,-93.486001392979,2048
4353,26.567358707328257,-81.7350290331705,2048
4355,34.22878571482602,-80.64626123470677,2048
4352,34.94281556351671,-85.44343699064802,2048
4354,34.22843423413651,-80.64768659533128,2048
4356,34.27479234916844,-80.7050184179723,2048
4357,34.27509323057441,-80.70375734869644,2048
4359,28.11232764586301,-82.51052809172396,2048
4362,28.792514325753576,-81.38834222935307,2048
4358,28.071212332518428,-82.5818389653765,2048
4361,35.52060778794914,-91.99543993785936,2048
4360,35.747816450181155,-91.8003663000009,2048
4363,41.19230624124878,-76.82572870922723,2048
4367,42.80036988192383,-72.148289010642,2048
4369,30.566573630238214,-87.11599791545817,2048
4365,42.79783663691938,-72.48294560620072,2048
4366,42.79303562613584,-72.38458634044287,2048
4364,42.78300798273635,-72.51858562894955,2048
4368,35.588153449284945,-88.64052441506566,2048
4373,45.41178275345195,-93.89220482512698,2048
4372,45.40087804769109,-93.89134910898416,2048
4374,45.48716262509844,-93.8929266628404,2048
4370,42.36868027581387,-85.15841401029638,2048
4371,42.685621276775606,-84.78512419561959,2048
4377,33.39494600058768,-82.10914559883174,2048
4376,28.81026322541708,-81.33007821077105,2048
4375,28.79251511672985,-81.32757445814912,2048
4379,39.21451751524879,-94.43158454193625,2048
4383,39.17672844636397,-76.52749952051417,2048
4380,29.587458729251654,-90.43774697585152,2048
4378,33.424499260091444,-82.08616691813207,2048
4382,40.88654036080359,-99.7092973580587,2048
4387,37.58943170745653,-97.10523249458382,2048
4385,40.7067576144737,-75.16573426185289,2048
4381,40.85070456141924,-99.08347880935824,2048
4386,37.79113661323673,-97.16896607330116,2048
4384,34.94302798238826,-85.70159485276233,2048
4389,37.39098142491226,-93.79657674209976,2048
4388,35.65192211825632,-78.74236431346328,2048
4391,28.11465030747476,-82.42956821854989,2048
4393,47.12492898136432,-97.8953724992066,2048
4396,41.6165249954187,-87.79902519946232,2048
4392,47.123677477182426,-97.89552777822678,2048
4398,38.87588812376418,-98.2637028522682,2048
4395,30.48765798958172,-90.89787950160452,2048
4397,30.27015065026582,-89.78867783621345,2048
4390,37.61470265014286,-93.85410619998872,2048
4399,38.92869630687028,-99.35343237188852,2048
4400,38.858868272646376,-98.2190349839819,2048
4394,38.727530590560846,-90.62781849905564,2048
4401,44.118766112317815,-72.49891231353449,2048
4402,44.30008814675764,-72.06421562520298,2048
4403,35.25125297779966,-78.36850217721684,2048
4405,40.27833493808465,-75.32626390082375,2048
4406,40.27969671480277,-75.32737760599865,2048
4413,33.65203036290317,-85.85873532161837,2048
4408,41.28673059222395,-72.90257636713133,2048
4411,35.11541784867761,-90.06314027529747,2048
4409,41.28798141100184,-72.90435324000669,2048
4414,32.850025322604765,-80.01462988537403,2048
4412,33.65046966805366,-85.85837240337199,2048
4407,40.45716311968477,-75.50827480356206,2048
4410,31.28990143258295,-81.68158620254589,2048
4416,32.892374711145685,-80.06511018395769,2048
4404,35.25179821959505,-78.36842653793107,2048
4417,36.853892061977845,-88.29415059304472,2048
4415,32.86674556548825,-80.04101482894134,2048
4419,35.1072633005284,-86.34995088475453,2048
4418,38.9959003099217,-94.08682481330972,2048
4422,38.808046713168544,-91.5386125206797,2048
4420,35.20586538951517,-86.12724907541775,2048
4421,33.33098459702972,-86.81630727194626,2048
4429,36.466255951232114,-95.04312345001036,2048
4425,35.75570104863974,-84.1278467872979,2048
4423,38.808429318927566,-91.53761286102969,2048
4426,35.65820097508311,-88.77693325579024,2048
4428,34.81664175719544,-86.65956445745203,2048
4427,39.10651497465336,-94.38030304897715,2048
4424,38.99456640607205,-91.43902282371084,2048
4430,36.46730598544475,-95.04273154880188,2048
4432,36.55315763432181,-86.25583808646645,2048
4434,30.754161656476278,-90.50851789456756,2048
4433,30.641592291175296,-90.5407314535719,2048
4431,36.52756589485832,-95.04044613027555,2048
4435,41.19374045308584,-78.25169902666416,2048
4436,40.73789008035287,-74.09842541857226,2048
4437,39.19512833479482,-74.74083902847502,2048
4439,35.32538706812106,-79.40119093180618,2048
4438,40.499739331096606,-86.07837168861424,2048
4442,42.878558894867815,-71.38350321946484,2048
4440,35.32571966731017,-79.4020185313491,2048
4441,35.399617250507625,-79.31092963694087,2048
4445,34.328602500043274,-77.87640674998137,2048
4449,42.951222659607126,-91.8541209961513,2048
4443,42.89136234035685,-71.43194614198013,2048
4447,34.66157879577215,-86.84301741662017,2048
4448,35.49730120603372,-92.01340437207436,2048
4444,34.32835009135351,-77.87728743814674,2048
4450,44.06696115041368,-91.53170897413052,2048
4451,37.856465060360726,-94.37943472695588,2048
4446,36.31711217695769,-86.71700288904223,2048
4452,35.709697249484414,-80.37554934657933,2048
4453,35.80524793936478,-80.35799600249852,2048
4454,35.814928453894,-80.35726782368035,2048
4456,35.9360790501095,-80.30288584994703,2048
4455,35.815034171556626,-80.35642637621709,2048
4460,45.77656863824871,-92.84325097394914,2048
4458,35.96283630010591,-80.27518554994444,2048
4457,35.93656360009402,-80.30327765002401,2048
4459,30.41257826934358,-88.51380317190294,2048
4461,46.12550914636837,-92.82065408077604,2048
4463,35.40258742580027,-90.27402180926138,2048
4468,36.01677390028005,-95.33020078897138,2048
4464,47.36418471077153,-92.69075202627938,2048
4462,35.27059284702077,-90.55781319356358,2048
4465,47.56591386521328,-92.60813183737704,2048
4469,35.94392640726824,-95.3990472276826,2048
4471,41.94330115077583,-70.57960410027049,2048
4466,44.42015889911827,-88.71913327499041,2048
4474,34.75745576172071,-77.42781139141309,2048
4472,41.196420387409816,-76.86068854133663,2048
4470,45.98763034376402,-91.52122267541613,2048
4475,38.75281770374946,-93.99808094227562,2048
4473,35.75200922986879,-86.8673427197441,2048
4480,33.38593858723851,-89.20997722914474,2048
4477,42.92730975861852,-85.8836790123675,2048
4467,34.797457340104735,-86.88054086165197,2048
4478,42.969546721913886,-85.80881925075661,2048
4481,39.72506589897116,-87.43388668392552,2048
4479,33.382078354992565,-89.22339093216672,2048
4476,42.880250719329055,-85.90190491987022,2048
4484,33.77903323242833,-84.43102898889107,2048
4486,42.5309252630099,-71.6703493309895,2048
4482,39.92523836267196,-87.42686170793708,2048
4483,33.77695841691847,-84.4308697898177,2048
4487,40.307430258422535,-75.913785542462,2048
4488,27.837830050434007,-82.36849860002282,2048
4485,33.817635648769944,-84.46815549513579,2048
4492,37.24029452026496,-77.09660688316471,2048
4490,27.900615729746296,-82.3691764079463,2048
4489,27.84637874615649,-82.36789497528203,2048
4491,37.24816478845472,-77.1834596795539,2048
4493,37.24096328313322,-77.09641011615663,2048
4494,42.18923740614076,-92.24062056583747,2048
4498,34.65767448121077,-86.62436521352711,2048
4503,29.631906120483585,-81.5866992622776,2048
4500,42.68386331027679,-72.94961143122735,2048
4499,39.37680335898834,-84.28354485241728,2048
4496,27.320732625482957,-80.41152253715406,2048
4501,42.75735073059141,-72.92872480393417,2048
4497,34.653739993357256,-86.6317191246306,2048
4502,42.75809107647835,-72.9302516939133,2048
4495,46.00722227422707,-91.48498448358588,2048
4504,29.869772774159955,-81.51919865457648,2048
4505,32.36057890040863,-90.37137454923013,2048
4508,38.40673677835166,-98.8707708449017,2048
4506,35.880779192498096,-90.22275092466955,2048
4507,26.05930735163568,-80.40247359187778,2048
4511,34.67136887571755,-90.38381841292592,2048
4509,34.464573071356355,-90.59942135998013,2048
4510,34.48003040972483,-90.47008477450034,2048
4513,33.878740369066875,-84.28012489075167,2048
4512,44.32289390017275,-71.99878940012746,2048
4515,33.909625427710154,-84.2433500653022,2048
4517,29.20955275486807,-81.08685838496746,2048
4518,35.28284985632319,-94.42952522426576,2048
4522,34.59398396640603,-86.05922016678379,2048
4514,33.88621803238769,-84.27072535254251,2048
4520,35.950814116986805,-86.48885526477035,2048
4521,35.96151876794251,-86.48538354582449,2048
4516,33.930908725547575,-84.21575081253465,2048
4525,34.2364248213103,-87.6035100948583,2048
4524,34.190130400015235,-87.62238925002336,2048
4523,34.871105637847535,-85.82462495335768,2048
4526,33.83886730466668,-84.04814108936749,2048
4527,36.69357231596048,-93.31545540901536,2048
4519,34.71830456096402,-86.84690483263381,2048
4530,43.70914932980352,-95.4526784416132,2048
4529,34.97798941477545,-90.87332896261567,2048
4528,37.550659453368255,-77.3621462096428,2048
4534,39.39491692984512,-87.50915193628366,2048
4536,39.4040737232037,-87.4961712723446,2048
4532,39.3926359923494,-87.51333917798785,2048
4533,39.39432507790981,-87.51410334423069,2048
4531,43.80949973921983,-95.29581862346345,2048
4535,39.40244167328378,-87.49601168363547,2048
4541,35.374396598324765,-84.51472093895539,2048
4539,33.6733051438365,-87.59718326402634,2048
4538,42.29402651169794,-88.96929019049536,2048
4542,36.74654695876885,-89.96514551845239,2048
4544,35.28167586238752,-84.77379197088193,2048
4537,36.82149222613087,-76.00161149406566,2048
4547,30.774983617227832,-81.68110014276579,2048
4540,35.85551132081927,-88.38875676435853,2048
4546,36.26352540625748,-89.4687079954793,2048
4543,36.80780355840435,-89.8948538394708,2048
4545,36.102180973108176,-89.42495134295454,2048
4548,30.79549701832648,-81.67249275279076,2048
4552,31.781617918924848,-89.76380228578975,2048
4556,36.345538800047485,-94.14388955000952,2048
4550,31.101560374777968,-88.04860635618688,2048
4549,32.578166660619374,-89.32649633590414,2048
4551,33.433839277819374,-81.99531764872593,2048
4555,37.58396144144379,-90.28733954707316,2048
4554,39.04451315807464,-94.44824984023693,2048
4553,31.880518632042538,-89.75943094173492,2048
4559,38.308699975278245,-85.97497646009634,2048
4557,36.35484087524096,-94.12102168447102,2048
4558,38.30843988361294,-85.97239859882663,2048
4562,30.696531467922107,-92.27025007992154,2048
4560,38.31025322916981,-85.97581956392078,2048
4561,38.32996081001392,-86.17175033718473,2048
4566,39.203662946922144,-94.11870025347612,2048
4564,37.23949851421862,-94.44656392243851,2048
4563,30.71704103101312,-92.26065496083297,2048
4565,37.361008100608,-94.59178507637202,2048
4569,30.487901584526647,-90.92290637287915,2048
4568,30.47489724248146,-91.03238782945596,2048
4567,39.27163890547604,-93.96354817102056,2048
4570,32.27902837543155,-81.28195651963556,2048
4571,32.279063457936495,-81.28109859569764,2048
4573,36.17725217919267,-81.11044945951373,2048
4579,42.07805191500051,-70.9740004055821,2048
4578,41.96566481512306,-70.76672409784632,2048
4580,42.97705297761065,-89.04262235830947,2048
4577,41.92744957826584,-70.70303736833712,2048
4572,47.06758403838893,-101.21349685275608,2048
4576,36.27841727990488,-86.66234693700551,2048
4575,36.30860092092083,-81.3675264176702,2048
4581,43.04153707338261,-89.04140834668539,2048
4574,36.308010265673786,-81.36920003253842,2048
4583,43.40297331189201,-89.09515623712602,2048
4582,43.3603933425456,-89.03903179882936,2048
4584,43.48639143283755,-89.41704626108437,2048
4586,35.068024200687084,-93.39783726704944,2048
4588,30.44030892130714,-89.02768848992353,2048
4591,32.360699274296685,-81.12415577858185,2048
4585,40.71033044620445,-75.25582364507042,2048
4590,30.497401110317565,-88.92122745818443,2048
4587,35.15008714648302,-84.17755704662594,2048
4589,30.47771835031081,-88.99290209998013,2048
4595,28.37550924757776,-81.37476362972801,2048
4592,34.8022870172985,-79.53326215656332,2048
4596,41.65282019784623,-87.93408084070963,2048
4594,41.70247539234162,-93.06217097998815,2048
4593,34.80357144127414,-79.53681851354051,2048
4598,45.67155150363116,-92.9213456331252,2048
4600,45.471459778330335,-92.9099930994918,2048
4597,39.82524289526582,-75.38975905584186,2048
4599,44.92744578640565,-92.96538423983638,2048
4602,33.739832724509604,-87.41607631002283,2048
4601,36.2594096061882,-86.5367903653516,2048
4607,41.700032075523936,-86.47902526903461,2048
4605,38.9888521474761,-93.96740430618352,2048
4606,38.99866135703495,-94.14875449346084,2048
4603,42.303812596872106,-83.15393484348961,2048
4610,39.76133492901874,-76.27826137318624,2048
4604,42.307635635183566,-83.15697324411506,2048
4608,40.15059539375899,-75.52972426898798,2048
4609,40.17235267656274,-75.52085240943282,2048
4611,30.255060868922897,-92.04458216302216,2048
4613,36.118708613081296,-86.90969558433989,2048
4612,35.232741547025675,-90.73247531905152,2048
4614,46.76823715063114,-96.74830975000178,2048
4615,44.33594874600255,-71.87529700634897,2048
4617,44.0832582296016,-101.68639251919772,2048
4621,32.35676912531931,-86.3729533806511,2048
4618,44.28362280002903,-101.69795395000182,2048
4624,36.12554803109309,-94.11225119295965,2048
4616,35.43051656827617,-86.77290355710082,2048
4620,35.33472994621121,-78.65623607898515,2048
4623,36.07318054097088,-94.12671602553378,2048
4619,38.74870029922139,-77.08930414577989,2048
4627,33.82780626227754,-84.00848438239362,2048
4625,36.1256368959172,-94.11315705920504,2048
4626,33.798087200072466,-83.93462890059655,2048
4622,32.364848807425474,-86.34579411688661,2048
4628,39.28251210508584,-96.1170031096628,2048
4629,38.38858006603836,-93.75953816888124,2048
4632,41.82614903089231,-89.40889178088176,2048
4633,37.35108826075893,-89.6083136095686,2048
4637,30.185522690324817,-81.61197262352708,2048
4630,38.38865288020928,-93.76166140632054,2048
4631,38.38917152911898,-93.76084478784256,2048
4636,36.16018444935872,-84.36924568121256,2048
4639,25.90067600065355,-80.32932910017372,2048
4634,38.1841332647972,-76.99837523504762,2048
4635,38.18463588906448,-76.99899697918603,2048
4640,25.90562984082871,-80.32230779278649,2048
4638,34.16808670180687,-86.86692753672908,2048
4642,35.31049956474963,-93.22477134321991,2048
4644,40.0085963119098,-75.1147938178362,2048
4641,26.05518507133223,-80.2508667450474,2048
4643,35.311315021192,-93.22740144896136,2048
4645,40.01003604999736,-75.11797319980128,2048
4647,35.7049928689375,-85.74423829411725,2048
4648,44.780539086830125,-93.4732243306288,2048
4650,44.80921495231707,-93.86765065052089,2048
4649,44.80352103154812,-93.57300002905988,2048
4646,38.70028251406928,-76.82780079978511,2048
4653,42.06198106799817,-91.67154958479922,2048
4651,44.80963164803319,-93.64120217199944,2048
4652,44.81450134925532,-94.3380939248132,2048
4655,42.125138207660754,-91.56057616713257,2048
4654,42.09520685733368,-91.672953547623,2048
4659,35.87109266515953,-86.8673219629734,2048
4656,35.19019977678622,-88.92621937997704,2048
4662,30.826084175570475,-81.68005070772904,2048
4660,41.22061988754282,-96.10141060574465,2048
4658,38.72983939116419,-92.1044068817352,2048
4661,39.0663805331733,-93.71309747515284,2048
4657,43.781615126701446,-70.20324875911179,2048
4663,41.521441008168274,-87.60626137455131,2048
4665,33.50348771045991,-84.07282652471547,2048
4664,41.52352440403203,-87.6057623078748,2048
4667,39.98484251310346,-75.07722191014817,2048
4668,39.98643807513953,-75.0740445153782,2048
4672,40.20313668270987,-75.48491589334408,2048
4666,38.93862105585597,-94.05884953031432,2048
4673,40.21480623233559,-75.45202519886142,2048
4671,40.56905160084277,-87.25682686367534,2048
4670,36.24264112996206,-92.69015259582892,2048
4675,44.36841655948905,-88.35458790830795,2048
4677,40.21279542655601,-75.34777183896789,2048
4669,40.001959827086914,-75.09791057455384,2048
4676,38.70189310587076,-76.82750791385999,2048
4674,35.47056125144004,-84.64630245365267,2048
4681,27.28623462096544,-82.52895183969784,2048
4680,36.768307805463145,-90.46462615734008,2048
4679,36.73032542744843,-90.4634994048685,2048
4684,35.98874292056627,-84.98392199302317,2048
4683,37.50766520074966,-92.58140084996194,2048
4678,40.21349749738105,-75.29095918454443,2048
4685,44.80340196065896,-95.5294355259018,2048
4686,44.82772780890772,-95.5532721960296,2048
4687,44.045922770233496,-93.01740751227253,2048
4682,36.39845217950759,-83.69327389274098,2048
4688,44.08119170023383,-93.2040462497142,2048
4690,44.08567722528273,-93.26328076366998,2048
4689,44.082982551974325,-93.26521962466788,2048
4691,41.39172550956575,-73.4021713303924,2048
4692,41.58253640051375,-73.4337636747292,2048
4696,25.713318344185303,-80.3657806761169,2048
4694,31.138323617370094,-88.81130932017577,2048
4695,35.02658210351998,-84.13059924458187,2048
4697,25.73579549539487,-80.35288559269206,2048
4699,25.768308039228582,-80.34325904029421,2048
4700,29.984939725984347,-81.52930704930533,2048
4693,39.20262775167104,-94.48372070417076,2048
4698,25.753951465787488,-80.3494511755428,2048
4704,35.652167053217084,-91.23935682561772,2048
4702,32.25610748400687,-90.285883482214,2048
4706,36.04927192043344,-94.18747606137782,2048
4701,36.14439864795658,-84.01360895619176,2048
4703,35.64960659171919,-91.24383492530656,2048
4707,36.065362251143874,-94.16752380336536,2048
4705,36.19611505031194,-86.6181404000738,2048
4710,35.94078269550272,-87.29777944744791,2048
4709,30.72447705422068,-91.36801669914146,2048
4711,34.5859530162514,-88.47114084566051,2048
4708,30.683014217381583,-91.373998562259,2048
4714,42.54383227358606,-91.0947800563094,2048
4715,42.54565111065693,-91.01899548699376,2048
4712,34.60153734801468,-86.55135672315603,2048
4719,39.5744569941302,-97.69440273148528,2048
4713,34.602100950372915,-86.54927384999446,2048
4716,41.88138787738121,-80.78382229536602,2048
4718,45.58453305297727,-96.01643352949289,2048
4721,27.57893140755016,-81.49322177031536,2048
4720,26.692784333774,-80.3752990965994,2048
4717,29.5653953236872,-82.4743558942456,2048
4722,27.58111391032024,-81.49328976114246,2048
4725,39.061710602447526,-94.12931342149092,2048
4726,39.17125527129112,-94.24149224523477,2048
4724,39.09233099463332,-94.32734043192184,2048
4728,36.12636290415824,-85.24864588474227,2048
4731,33.62731147780503,-84.32652058949088,2048
4723,35.380845981745765,-86.2242968500009,2048
4727,36.055822566410704,-85.1399357953853,2048
4730,36.863824998133566,-76.24850817450152,2048
4735,30.535731067544717,-92.1428305110216,2048
4736,30.536835303913698,-92.14253613044752,2048
4729,36.84177726017961,-76.2733587125578,2048
4732,40.800760452274304,-84.02903464500197,2048
4733,30.695451601389045,-88.29443881256631,2048
4734,37.13993642448175,-93.38795206301968,2048
4738,35.85115818306187,-87.38247265205999,2048
4739,33.349026106726896,-91.12167391254272,2048
4741,30.273011386819334,-90.93799390252931,2048
4737,35.668343562317,-87.10413157349004,2048
4740,30.23099876008332,-90.90440948733514,2048
4744,34.12419731881239,-84.92170098847625,2048
4742,30.30091050215196,-90.95840513502029,2048
4743,35.42195595906296,-80.96679002849207,2048
4747,34.483313447560086,-84.88412287828751,2048
4748,34.4849877668036,-84.88301384089783,2048
4745,39.62156094100665,-91.48140368979831,2048
4749,34.600327286589085,-84.92344711290299,2048
4746,32.51306677237197,-86.99331585874016,2048
4750,35.81189225029602,-77.94841325660464,2048
4753,37.07214295443653,-93.3106577100058,2048
4751,35.78033667879526,-77.8626507127292,2048
4755,36.639830532168176,-77.08154084102094,2048
4757,26.40891092564235,-80.12363531320929,2048
4756,26.408656750789984,-80.14445205027356,2048
4760,38.88214683715485,-75.44255783081272,2048
4759,41.507307253308966,-88.12948028478476,2048
4758,41.49541519229121,-88.12568651714824,2048
4761,38.88096898763732,-75.39991947794341,2048
4752,35.78114730992745,-77.86170806916411,2048
4754,37.07227729999471,-93.31162725000809,2048
4764,36.66284030746417,-90.5628953268408,2048
4763,36.90410804927376,-90.8323578269371,2048
4766,36.44199544727402,-82.43622985072648,2048
4762,38.89396939338478,-75.57921295257954,2048
4767,34.90068910383275,-91.14466432258617,2048
4769,34.96932856966341,-90.8954838101814,2048
4768,34.96819834203942,-90.89493361770604,2048
4770,28.54738674331025,-81.71255481657906,2048
4771,28.60890255953949,-81.73312552491181,2048
4765,33.58655910637153,-85.97221842838785,2048
4772,28.6094351497698,-81.73445831423808,2048
4773,32.78153906847496,-88.67726129475824,2048
4775,46.01773660042941,-91.47622955157247,2048
4777,35.15616795051419,-78.98322701482556,2048
4774,32.79774737654708,-88.6070552162322,2048
4779,45.35116248347556,-93.03670052807698,2048
4778,35.1569959646216,-78.98254678184878,2048
4784,36.528907237243885,-87.53880525908214,2048
4776,38.54890131547924,-76.59246113166189,2048
4780,45.1903943284035,-93.15944306424716,2048
4782,36.38879368695938,-86.25879897880353,2048
4781,33.72230143495309,-87.29373110111305,2048
4787,35.7494356506423,-77.7633542604002,2048
4783,34.93424986247108,-90.04566404758785,2048
4789,36.06426778324747,-86.6247802435696,2048
4788,35.608118879265795,-77.59452757399526,2048
4786,35.74765401621049,-77.76225459450632,2048
4785,35.7060930999318,-77.71045749994151,2048
4790,36.014346800682794,-85.0446611998452,2048
4791,31.873288745655945,-82.3408620250591,2048
4794,28.251205575314813,-80.7557766080081,2048
4792,31.931683534408737,-82.35296912145036,2048
4793,31.97878696795347,-82.36123660784838,2048
4796,42.07011990986488,-91.8060282016879,2048
4797,34.0548638758167,-84.13436461619233,2048
4795,36.12217333239918,-83.8157399407651,2048
4798,34.05760594274353,-81.06151875164471,2048
4803,30.67300489084811,-91.37125780271371,2048
4802,30.470141430726358,-91.31220011088271,2048
4801,30.4693034191175,-91.31196490084074,2048
4804,30.67400294802533,-91.35520802078013,2048
4799,30.525661502889104,-87.38866103000878,2048
4800,34.22555928131622,-77.82821195348299,2048
4806,35.62192826127217,-80.98004568881633,2048
4807,35.771307655964534,-80.99435052340954,2048
4808,35.77154481098179,-80.99270982037538,2048
4811,41.39401788197407,-81.59845620772917,2048
4805,35.62180470008215,-80.98030405010759,2048
4810,37.786959107930365,-92.1208807269174,2048
4809,35.77201854149249,-80.99230216148679,2048
4812,41.40689357614252,-81.63261727705094,2048
4813,41.409997384342105,-81.63381088697864,2048
4817,48.387281778463375,-93.60646923384992,2048
4814,36.736686870964654,-85.00360549713652,2048
4815,33.370270350078265,-84.9097292999938,2048
4816,38.4730634321204,-91.8828251466374,2048
4820,40.76062342282627,-74.11710925137383,2048
4818,35.59782181549697,-87.06379543864614,2048
4821,40.79192200254648,-74.1170548471067,2048
4823,25.66050457458713,-80.3544433145884,2048
4822,37.50670970377918,-77.81999034739988,2048
4826,35.128781950327145,-92.79153755000458,2048
4824,38.9432734577202,-93.98385952443527,2048
4827,33.34667112490181,-91.29087513208012,2048
4819,41.45973982789438,-87.33502609437893,2048
4825,37.03786791715351,-93.44622702610708,2048
4828,27.79853937814212,-82.39755194674035,2048
4829,35.52239033999071,-87.22684796171988,2048
4837,42.56746115137454,-94.65830432525144,2048
4833,35.335076884071626,-86.11727275115192,2048
4834,34.16583450015034,-88.71346535945764,2048
4839,38.13178416219687,-91.05092010953352,2048
4830,35.126455183238825,-78.97123071814963,2048
4836,42.5667606604781,-94.65823373225028,2048
4831,35.12659815996884,-78.9716932153048,2048
4835,42.56595850163611,-94.75532541411134,2048
4832,35.15403243351796,-78.98199624023212,2048
4838,39.80925540656203,-94.79376574535672,2048
4840,33.855861643294524,-89.29141366233175,2048
4844,38.79823062403489,-77.29638326143872,2048
4841,40.82241136196416,-74.32874113396768,2048
4843,30.145152903920582,-81.52811805950682,2048
4842,40.85418798687248,-74.29054703880205,2048
4846,36.65970462112198,-76.94341890517549,2048
4847,35.46018581412582,-86.79893725675842,2048
4845,36.657746499177,-76.98354586922802,2048
4848,37.50019092885943,-96.56116762170451,2048
4850,33.90435135055493,-89.17942509997418,2048
4851,42.94455361107254,-71.46300996642972,2048
4852,42.9531786810248,-71.4314154348008,2048
4854,38.26430401102704,-85.83986160197365,2048
4849,35.2934289366957,-76.87841442790806,2048
4855,38.71362320030105,-85.93238644999526,2048
4856,37.02284755873944,-94.4979677867344,2048
4859,36.05037981233013,-83.80261355920986,2048
4853,38.26335331227472,-85.84006990957317,2048
4857,37.06370180953952,-94.49525289701036,2048
4860,35.10210046057305,-89.73553446363628,2048
4863,32.84931970652556,-94.55103387074593,2048
4862,40.23829624040812,-77.09980335638868,2048
4858,36.00506562623575,-83.7035286768137,2048
4864,38.45066741425485,-93.36227224939567,2048
4861,40.2376363934956,-77.09831266914088,2048
4869,46.4133935719124,-91.02938330176498,2048
4865,38.668335018592806,-93.31244758047195,2048
4868,46.36369733483032,-91.10528551869888,2048
4867,46.20898863622679,-91.28406999191064,2048
4870,46.498646400025606,-90.90442809929252,2048
4866,38.725837920667416,-85.07063406924115,2048
4873,26.125029800603198,-80.25128995028915,2048
4874,33.2815992218934,-89.27927449026785,2048
4871,46.55861480811295,-90.88214911730516,2048
4872,46.23754296574319,-91.28482134489414,2048
4876,40.09793984093253,-76.69425516801863,2048
4875,38.5579928449127,-94.3560243023752,2048
4877,38.944107471263415,-94.3043207153006,2048
4879,42.7801204829868,-72.51592575586463,2048
4880,42.78181540035671,-72.51626730020416,2048
4878,39.94744966348576,-74.88036564689503,2048
4882,42.76395105929674,-85.66707023163353,2048
4883,42.76090012220171,-85.84082691730258,2048
4884,42.760923592749776,-85.8405260015875,2048
4881,42.761687894632885,-85.72334857823795,2048
4886,41.49250796918957,-88.11486720004872,2048
4888,39.06012479571566,-94.69660162925486,2048
4890,30.32954000333931,-93.23390600000126,2048
4887,41.551945289479015,-88.13101366941406,2048
4885,42.41545638485497,-84.48551452204795,2048
4889,30.282401533578703,-93.29046817039556,2048
4891,36.85261369430174,-88.43743057653464,2048
4894,42.13031236671531,-71.25609343974648,2048
4892,36.95806654024342,-88.36539906450145,2048
4895,33.35558619255592,-91.09408707934116,2048
4897,27.135764942385357,-82.37325789066078,2048
4898,27.0901716502599,-82.15834014999379,2048
4893,36.772147475092616,-88.49392426384865,2048
4896,33.39036272878109,-91.06193717872956,2048
4901,41.01412899365319,-84.97735104402884,2048
4905,35.78666222015469,-83.54686703911194,2048
4899,35.18387067636509,-89.79403662371173,2048
4902,38.79537101380505,-87.2501804566163,2048
4904,32.651598381463906,-86.7389616005865,2048
4900,32.95588484426888,-80.04774394940603,2048
4903,39.87126461194912,-82.90011953683643,2048
4906,42.5391196190203,-71.21658035719749,2048
4907,31.005433803352084,-88.01058545853967,2048
4913,43.88992619772747,-86.44142189997814,2048
4908,45.37408934109651,-98.10216694098868,2048
4918,38.73048906484232,-94.68476645028386,2048
4911,38.02939325455634,-92.04897822902048,2048
4910,38.026488016749646,-92.05164763595324,2048
4912,43.1794697341704,-85.8212803047029,2048
4915,27.916096950241645,-82.77328389999951,2048
4916,41.28206363205151,-95.66634876448332,2048
4917,41.198298510138414,-95.79774953142376,2048
4914,34.25748011905838,-87.6058956276736,2048
4909,45.12890998636561,-97.80179377348573,2048
4922,38.93759784615562,-90.83624213360828,2048
4919,41.37256749508512,-87.02758992491444,2048
4920,36.39213315021793,-87.65747959049055,2048
4926,38.83185874111757,-90.70117727529912,2048
4921,38.15862288935642,-92.7756399488855,2048
4923,33.9698265947044,-84.2057356234395,2048
4924,40.64764862540875,-86.93574158888276,2048
4925,37.65812020277933,-81.67741084166839,2048
4927,27.1513449724805,-81.81050351607782,2048
4930,27.63847491532333,-80.52499306708515,2048
4929,34.59825306093235,-86.95892141480935,2048
4928,34.58688480579982,-86.94312341734981,2048
4933,28.30297703150217,-81.57482822679367,2048
4932,26.274342542394702,-81.62001202814008,2048
4931,26.231987155324585,-81.68659227534033,2048
4936,42.90230459751732,-88.06008329002412,2048
4937,42.92948476971524,-88.05236692400702,2048
4934,28.335361100337643,-81.52931265006524,2048
4935,33.91363728480088,-87.85402257896078,2048
4939,34.254584394359725,-89.01691570287049,2048
4940,33.21861524416293,-81.39928696526465,2048
4938,32.248701215042345,-81.20947238723812,2048
4941,33.08411886886506,-80.81493121397452,2048
4943,38.13699998331579,-86.71585848186538,2048
4944,38.20866519236986,-84.70676706332715,2048
4946,45.11073444987257,-93.81009806232676,2048
4945,45.10983414899186,-93.80530628309415,2048
4947,36.26626687251645,-85.96042194745864,2048
4942,38.01668243072961,-86.79208686278996,2048
4948,36.35760014182157,-94.27635987534912,2048
4949,30.26633254497959,-81.53740240460692,2048
4950,30.301754207683725,-81.52705664784473,2048
4952,38.63246342851575,-77.46077399660906,2048
4951,38.56307442676528,-77.59549718742124,2048
4954,38.652665800244726,-77.3482879001875,2048
4953,38.64683285065576,-77.36956169994815,2048
4958,37.44929222252645,-87.08855452708303,2048
4956,26.036463806668596,-80.3118945305016,2048
4957,37.4028334048945,-87.00690560843401,2048
4955,38.660204111824136,-77.32705313280708,2048
4961,41.60963330054814,-92.56331600215246,2048
4959,36.301962550329485,-86.98632419987808,2048
4960,39.85122536170542,-89.3353402863872,2048
4962,41.61053406087003,-92.56350782000342,2048
4963,37.67114661123323,-77.37923665075904,2048
4965,44.20147644582055,-86.27248007436235,2048
4967,33.97341610039909,-84.05327545005248,2048
4966,44.69564005227231,-85.61633426890465,2048
4970,35.83629102111018,-86.3527142065767,2048
4968,33.985978831623214,-84.000830812404,2048
4964,43.94162165000397,-86.37341065000015,2048
4972,39.95573099340812,-82.66637239552449,2048
4969,35.84027243295264,-86.40240663680096,2048
4976,41.25097008281282,-95.92249224410146,2048
4974,40.181590414373645,-83.01138165799519,2048
4971,35.84114568443294,-86.4037560901099,2048
4973,39.99616988852082,-82.72638520512713,2048
4975,25.69095420124355,-80.41330490031366,2048
4977,41.25167878720913,-95.92348535644184,2048
4978,41.25167878982117,-95.92348535656294,2048
4984,35.37263658172373,-84.30104071300093,2048
4981,41.6835236682924,-88.47916972185773,2048
4980,39.98246210190536,-86.3064780543072,2048
4982,35.63984752924144,-88.90479455875598,2048
4979,39.85591767085069,-86.22824345167558,2048
4986,35.66563606923744,-78.80350069017632,2048
4983,35.64069480043719,-88.90470460002194,2048
4987,33.13779849646624,-81.7488442416601,2048
4985,35.560241956381546,-84.10397286744664,2048
4989,47.3790423718799,-94.63896927230569,2048
4988,33.089017135942704,-82.0501763823409,2048
4990,35.79513018994329,-86.89796967244261,2048
4994,30.431649214131564,-92.40856011799738,2048
4992,30.2747845126984,-92.35443626022752,2048
4996,35.22228698542481,-77.66462842835176,2048
4991,35.86188503080712,-86.82876324054575,2048
4995,44.95986477498052,-92.30004830926956,2048
4993,30.430246540174355,-92.40719879487976,2048
4997,38.9241996770357,-77.42793058752282,2048
5000,35.965980103323815,-85.84573141310621,2048
4999,35.93782425376644,-85.82173701518465,2048
5001,41.5158153710202,-80.00978792857002,2048
4998,38.945344305817606,-77.43128432266705,2048
5008,42.62872987385997,-93.23199537239532,2048
5006,42.62772725329755,-93.23276243972587,2048
5002,35.98661800659973,-78.79752615017594,2048
5004,35.14442973183972,-90.18443126158296,2048
5005,35.14443117588484,-90.18362443324808,2048
5007,42.62871489874859,-93.2328554526022,2048
5003,33.67941458409943,-86.53523097745597,2048
5009,34.32684612106079,-84.33709853818138,2048
5010,34.37811849303343,-84.13357534919798,2048
5013,35.98041061154751,-84.26324368611937,2048
5011,36.83918491069691,-83.87295072365318,2048
5012,35.978250100061445,-84.26382140001732,2048
5015,33.886717629217706,-83.3166835749447,2048
5014,33.86054616422592,-83.38476537995285,2048
5017,35.491343252614946,-84.81371485245425,2048
5018,38.35189505206839,-82.53193041930612,2048
5016,35.016016800505,-85.38923230016911,2048
5021,27.357966800282902,-82.43066315002335,2048
5019,30.5532469591065,-91.17736417241866,2048
5020,27.342388718092884,-82.38531300200664,2048
5025,29.715255469509195,-81.66326586952484,2048
5027,41.08471422010757,-100.75822142611833,2048
5024,35.65323084272285,-90.49986165602458,2048
5026,29.74750747876554,-81.88895844626086,2048
5028,36.59205564587818,-87.25423547760815,2048
5023,35.36260183509974,-79.82657544398215,2048
5029,36.59478086320661,-87.25291537754502,2048
5022,40.94793843474308,-95.96647134156257,2048
5032,33.71262471247162,-85.8788401784874,2048
5031,36.62367025975588,-87.26618167931021,2048
5030,36.62270760592209,-87.26681632292699,2048
5038,41.972100606557696,-71.01699114517321,2048
5034,33.85846012507209,-84.30353866129946,2048
5037,38.66795934323304,-76.86675059349557,2048
5035,33.85899057936289,-84.30286869757128,2048
5040,42.05238182781756,-71.17745077749771,2048
5041,43.05519779426521,-97.5787347995585,2048
5042,38.5558986299428,-92.10304083599732,2048
5033,37.29183659774518,-77.4190879157723,2048
5039,42.03022171929548,-71.11535011264534,2048
5043,38.82657757021921,-90.68380126384378,2048
5047,41.9152036101396,-91.772845496479,2048
5036,40.92649978272986,-86.10028202515704,2048
5046,38.80466671988167,-92.64693219599432,2048
5044,40.44635935600111,-74.46115872852246,2048
5050,40.78381119173947,-73.90344005954829,2048
5045,38.63597051166876,-92.58824739693613,2048
5051,43.43133869595383,-95.24047318689637,2048
5048,41.927160150035085,-91.79395889999986,2048
5049,38.406505593905976,-98.87313822951228,2048
5052,26.07665453178396,-80.21282188658431,2048
5053,41.629894279187255,-85.7152814108085,2048
5057,28.022842791663063,-82.48101541428355,2048
5055,35.76212985618399,-84.00217706211431,2048
5058,35.56357405019867,-90.74893314999728,2048
5056,37.14913214910317,-76.49848658951898,2048
5059,41.13908934011058,-83.46084826746669,2048
5061,39.083201182077794,-84.86024618377803,2048
5060,38.529185169517405,-94.2505531429328,2048
5062,39.08513926764935,-84.86277570393469,2048
5065,33.8262493079733,-80.62406249534253,2048
5054,41.70649874773396,-85.86300022882794,2048
5064,36.5434353776438,-94.51789160207566,2048
5063,40.051693244973976,-85.20790544201249,2048
5071,35.935408959158515,-84.27914095771744,2048
5066,39.057647230297135,-94.61716873819734,2048
5067,39.05950269250911,-94.61799717154966,2048
5072,36.47972733530465,-77.64946608215283,2048
5069,35.29352792612697,-84.75649737055473,2048
5068,40.90921586034587,-75.08136620794905,2048
5075,36.479500268365726,-77.64789067125949,2048
5070,35.87216697402974,-84.24003484431721,2048
5074,36.479754864551374,-77.64961721477111,2048
5073,36.47955428739885,-77.648322941816,2048
5076,36.47993850105382,-77.64775236425632,2048
5080,38.88217930053214,-75.39866442024888,2048
5079,36.19604211354919,-81.87601478756285,2048
5077,35.36284716682811,-84.5235321933514,2048
5082,41.75017378390329,-90.2843067130471,2048
5081,39.20217866723143,-75.46928848193278,2048
5086,31.86403680315327,-92.78452676111507,2048
5085,28.366817514097104,-80.79476038049243,2048
5083,36.21034576476497,-94.23716648209998,2048
5078,33.43909919775533,-90.63382596280591,2048
5089,42.111264557590346,-83.65320614870426,2048
5084,28.402624675422768,-81.35423959295946,2048
5087,31.946562673854597,-92.6360078013291,2048
5088,42.32358165644,-83.94842955032074,2048
5090,43.097324577771154,-70.78616620687433,2048
5093,41.71287141761058,-71.19040517758607,2048
5092,43.12796780001636,-70.77699589994123,2048
5091,43.11617822258504,-70.7689850617941,2048
5095,37.23678753204831,-93.36709833783486,2048
5094,41.71384922920403,-71.19086909244784,2048
5098,43.59915718819463,-96.64897935602023,2048
5096,43.41869144975966,-96.83459389010274,2048
5099,35.255363900274446,-91.2072788499901,2048
5100,41.43950344861823,-90.46184886771525,2048
5101,35.652729462051056,-89.96702508256303,2048
5102,38.03012196711004,-84.32094142804621,2048
5097,43.57388890220127,-96.6219070057934,2048
5103,41.46917270031921,-97.33086554999512,2048
5106,38.67387646156652,-97.04394182951562,2048
5107,38.70524241441398,-97.04037491518145,2048
5104,42.016867452962806,-97.74463239051563,2048
5105,38.67353890466636,-97.04394658753228,2048
5110,38.9304912745643,-94.6223989557943,2048
5108,33.811611133953015,-84.39484677951151,2048
5109,41.27912239777093,-96.08005309221652,2048
5114,30.198933201015933,-91.01195327343754,2048
5113,36.3512900121262,-95.2325577596686,2048
5111,33.474817199919364,-88.4886701976759,2048
5112,33.58854012294689,-88.58565332394403,2048
5116,30.22265683248869,-91.05617241509884,2048
5115,30.204051656363287,-91.02076857874094,2048
5119,40.38952542175732,-79.05905323377962,2048
5118,33.45334604934837,-84.90545946722305,2048
5120,38.916963796789815,-94.66246475352924,2048
5124,38.90877491344698,-94.67108318615551,2048
5127,38.60684805725048,-90.6501346366027,2048
5122,35.123331752812334,-92.28037958406723,2048
5117,39.90867258396098,-76.98875793473182,2048
5123,35.12414812240004,-92.28057906609212,2048
5129,38.71971334711785,-85.07866733661089,2048
5126,38.6059937648741,-90.64952520049025,2048
5121,35.77553364604214,-78.67832798243242,2048
5128,41.0494552485856,-93.30420746971473,2048
5125,28.898464733244957,-82.1207487923968,2048
5130,35.95128761874413,-84.30223369505623,2048
5131,40.096780084202,-75.13949717320337,2048
5132,30.33614552894255,-91.2708132133885,2048
5137,29.005339309028496,-82.26199455754377,2048
5134,37.12785305809385,-93.6909824739636,2048
5133,36.53163856298288,-93.98239265291376,2048
5136,28.964768265341583,-82.42967265451007,2048
5135,36.93290439245946,-82.64681235536567,2048
5138,38.25490643811524,-94.36461130563605,2048
5139,33.43406444898875,-86.87860978486908,2048
5140,33.47223957872069,-86.84201153801143,2048
5142,36.79720228084064,-83.75671851495194,2048
5143,36.797805655051086,-83.75808529477644,2048
5141,37.14233368730601,-83.32122835101406,2048
5145,36.32971252023181,-82.12468024659321,2048
5144,35.76633340643557,-84.32814648762675,2048
5149,36.023811702623505,-87.98157707664734,2048
5147,34.12867407531263,-77.98808926983047,2048
5148,34.145023823877395,-77.96213783702908,2048
5146,34.842067590765545,-79.74998066780705,2048
5151,36.42264589925245,-93.84614856301394,2048
5152,30.874910441023182,-86.21034278128533,2048
5150,36.244810322527485,-88.61149775975616,2048
5153,30.74221016039732,-86.56253723313424,2048
5154,30.99405059558066,-86.05963449899201,2048
5156,36.44509840004447,-81.88679224988002,2048
5155,31.02069336733739,-86.01352436428724,2048
5159,33.48285505167099,-88.36128691323216,2048
5157,33.447140170131405,-88.41064596866131,2048
5161,38.485867729207705,-90.49935833976475,2048
5160,33.62842916404962,-84.08723503221995,2048
5158,33.46961170045713,-88.36436909973985,2048
5163,35.074728383243354,-85.60980371575542,2048
5162,34.347857161125866,-82.77449976513036,2048
5168,40.40663940611211,-79.03108811033097,2048
5164,40.88865998313246,-88.99636164330293,2048
5166,26.130322450337744,-80.33923700028282,2048
5167,30.57582879167953,-85.03082068194033,2048
5165,40.88942710061552,-88.99547651717491,2048
5170,40.72119947273849,-86.34690680769118,2048
5174,40.40632567816742,-98.35559067867466,2048
5169,40.67772568156186,-86.26043032588457,2048
5172,37.187489371400005,-94.54171417530762,2048
5171,34.53108517561772,-87.15660998890237,2048
5173,41.56319817878719,-83.21962014064381,2048
5180,38.56123280705712,-94.8656594373081,2048
5176,33.02408176152654,-85.01566903187916,2048
5179,38.53334024046621,-94.90393449586,2048
5175,32.66356219921423,-85.4488345935681,2048
5177,33.02436668295321,-84.96646893696702,2048
5182,33.981579441184415,-84.55525359636243,2048
5178,35.03437855942845,-81.6786264727402,2048
5183,41.48828457593393,-72.49270439163725,2048
5186,26.358078425687232,-80.15292484376756,2048
5181,26.62601812283992,-81.7688444168136,2048
5184,34.21708366806542,-79.77127945838703,2048
5185,26.335844087719394,-80.15293996990106,2048
5188,28.03186132839205,-81.99960401392445,2048
5194,39.08016042211585,-94.73491504683584,2048
5187,34.81848344963723,-85.5355741535937,2048
5193,35.20765052896567,-89.71100644729626,2048
5192,35.075507020117385,-92.40289756400117,2048
5189,39.15878774427642,-93.8937709283293,2048
5190,36.03334094227431,-83.8642064990663,2048
5196,35.43279727808107,-81.03347590530599,2048
5195,37.0897000017136,-88.7673683994375,2048
5198,32.38519648272604,-86.39228642162091,2048
5191,30.330824321327512,-93.20084085036426,2048
5197,38.26068658945916,-93.40693032018768,2048
5199,39.15323035972612,-94.49450023227269,2048
5200,36.91259913940322,-84.08786042775606,2048
5201,35.89184836204785,-91.73147106326128,2048
5202,35.98951511757822,-91.80062205823369,2048
5204,40.42154397653331,-75.9370107031574,2048
5208,42.16393163336223,-72.19276378288076,2048
5203,38.19376369703554,-79.11384226828402,2048
5205,25.773170974092807,-80.41625754693618,2048
5207,42.19498707971754,-72.44661858586636,2048
5206,36.22382401844753,-84.0905382453833,2048
5210,42.13712150575828,-72.02786911967105,2048
5209,42.1286176107346,-71.9971334879561,2048
5212,35.921703584299166,-86.81875960028464,2048
5215,32.08349923984443,-81.18868505449075,2048
5217,36.01996839107402,-84.15445982299671,2048
5213,32.03542220562562,-81.21505248337633,2048
5214,32.00189272648776,-81.24484363121749,2048
5211,42.19892580006815,-72.34459069970869,2048
5216,36.30610053336888,-82.30558124085711,2048
5218,38.55404971758784,-91.78103364032592,2048
5221,37.40394442982208,-92.58415325844778,2048
5219,35.71089500034062,-78.84112609993532,2048
5220,40.94784045004012,-76.05243835009675,2048
5227,34.860259377058064,-82.0060620314574,2048
5224,45.03293287041945,-92.79143569836032,2048
5222,34.20491910012608,-83.79413699968217,2048
5223,28.48432951294884,-81.63499678934954,2048
5226,34.852235091371085,-81.96950258596534,2048
5225,45.03448641815175,-92.82632488573384,2048
5228,34.9030405227211,-82.1096785386679,2048
5229,34.89581438866553,-81.74959675126662,2048
5230,37.30452176735589,-95.1170743494415,2048
5231,39.21186762149285,-94.6268252002736,2048
5235,35.61727914066395,-77.42175402652275,2048
5239,33.748150274136776,-78.98971342505179,2048
5236,33.944328774876034,-78.01063359204642,2048
5234,35.613770964291305,-77.4324080995107,2048
5233,35.61279574844427,-77.43188688015702,2048
5240,40.47884066832404,-88.79739966240685,2048
5237,33.716456464634696,-79.09406556242516,2048
5241,38.0854025002118,-91.3971057999928,2048
5232,39.262066042299054,-94.63404919244591,2048
5238,33.71855578988635,-79.09599732620183,2048
5243,34.58937684949679,-79.68816463706118,2048
5244,34.59064772089261,-79.68725337737175,2048
5242,38.08640749567663,-91.3975244756356,2048
5246,39.17489417324753,-84.63115659016583,2048
5249,48.08648547913969,-98.82400309842184,2048
5247,39.178361206198616,-84.60194520019444,2048
5245,39.161560645304185,-84.69910061947378,2048
5253,26.676793699145996,-80.29767673909177,2048
5251,48.21852692512108,-99.0916915677892,2048
5250,48.08709077504841,-98.82607469209348,2048
5254,41.12561896990255,-96.09174169362484,2048
5252,38.82618408745319,-94.69689266552304,2048
5248,41.40933633774199,-95.00117100281372,2048
5259,37.36663666770513,-94.7132524995986,2048
5256,38.05832805485583,-78.49113433048306,2048
5258,38.60024967083496,-90.17868839484416,2048
5260,37.44267160076028,-94.632390248512,2048
5262,41.0915426523323,-76.14702841823078,2048
5257,33.64406852349336,-87.2006926874875,2048
5261,41.09095798161575,-76.14669839100392,2048
5255,41.125831154674806,-96.04192994465151,2048
5264,41.09308847884803,-76.14705212454378,2048
5266,39.24453110482609,-85.8680007532703,2048
5269,39.58209363203847,-85.99062025463702,2048
5267,39.58178855833463,-85.98933524313487,2048
5268,39.58187771224693,-85.9894169393078,2048
5263,41.0924815403517,-76.14747672519086,2048
5274,41.34951360915164,-88.34768327497999,2048
5272,35.54925780007753,-80.4689064501106,2048
5276,39.68157317541774,-86.3512315355589,2048
5271,35.465889357516296,-80.574266807525,2048
5270,30.83962978977862,-84.4889303392294,2048
5275,41.41199029508718,-88.30474221604324,2048
5273,35.55022014900328,-80.46933221676763,2048
5280,28.005588966770716,-81.59378883012818,2048
5265,33.9962367323956,-85.28883761933498,2048
5281,28.119719414450383,-81.5520855968882,2048
5279,33.46279394921543,-80.46817245018434,2048
5277,38.75757986396382,-90.63487519751536,2048
5278,38.83896995893264,-90.69995495845362,2048
5282,38.96362209585532,-92.279101925462,2048
5284,39.01903804214969,-92.26031197539623,2048
5286,37.481833186796045,-77.24347115076105,2048
5285,37.47722400600684,-77.2374836755215,2048
5283,38.98584736399804,-92.29003003697645,2048
5287,37.48152260218895,-77.2404790166805,2048
5290,39.58901887251356,-81.68126282116135,2048
5288,37.48181613601994,-77.23967741600481,2048
5291,31.50551676355749,-93.41481917248994,2048
5289,37.48611001760484,-77.24711893296842,2048
5292,31.5058625834576,-93.41388143969124,2048
5293,31.578838639407543,-93.46542430695202,2048
5295,38.39530323618239,-94.3684156783864,2048
5297,35.78058521905939,-78.55443385908369,2048
5294,31.5791553018971,-93.4644261278237,2048
5296,36.296787014948,-78.6150991039474,2048
5298,28.366671601280345,-82.55849585001121,2048
5299,33.5250931004459,-81.1895873804133,2048
5301,33.602462740522384,-81.58578792326969,2048
5303,40.45830122361037,-74.48013669902427,2048
5300,33.52655263261655,-81.1889559642251,2048
5302,35.90044277673972,-86.56162201106143,2048
5305,40.12482615018844,-74.26036364981738,2048
5304,36.19015522237424,-84.05867483133122,2048
5306,35.94830426027195,-83.58274243275905,2048
5307,34.22295406010518,-84.89002846689532,2048
5308,35.77257751559852,-78.47630590659152,2048
5311,35.25245626313352,-88.41872800066957,2048
5309,38.84165937341499,-77.05462636931205,2048
5310,35.245747318442845,-88.37323950485168,2048
5312,42.19714467855325,-72.51023668464201,2048
5313,42.197724475617285,-72.51001914307389,2048
5314,42.19795505007511,-72.50833968524613,2048
5317,46.760206926172046,-95.77243345397412,2048
5316,46.77283285949012,-92.29432821970708,2048
5319,37.15433223054456,-93.22276200185938,2048
5315,44.99323569324176,-93.20707091395175,2048
5318,34.70707306021362,-87.74889908428511,2048
5320,37.179667350177375,-93.22611514999468,2048
5321,37.206493450032205,-93.23062755002933,2048
5322,26.09437399539493,-80.32107837524968,2048
5323,26.11605046941402,-80.38699798906613,2048
5325,42.09373914828456,-88.23868327304486,2048
5326,42.10326373878385,-88.2379591487187,2048
5324,34.471253358709696,-87.44519130965934,2048
5328,42.20275917074631,-88.23507189752927,2048
5329,42.25488215618713,-88.25097587158385,2048
5327,42.16839855106278,-88.23846102205223,2048
5331,36.2806471003674,-86.38586205024326,2048
5330,34.59166185017879,-78.97629350038217,2048
5333,40.34842399412685,-75.34122484067987,2048
5335,47.90681928476199,-97.10802289801224,2048
5334,39.2359268566438,-87.5464101234073,2048
5332,34.652821666609206,-87.08052059560534,2048
5336,44.21557195033046,-87.87955782106538,2048
5338,30.417395610948184,-88.76749980116674,2048
5339,43.75191557387003,-87.87638114198013,2048
5337,34.00183235112146,-82.63627874859903,2048
5342,34.18348866235425,-84.5087104008168,2048
5341,33.27504737922428,-81.95021674076105,2048
5340,44.24093441669616,-87.57327026253783,2048
5343,34.18576008259992,-84.50801281524187,2048
5344,34.23943914415766,-84.49510931591094,2048
5348,41.052512509383696,-99.28124912655338,2048
5345,34.25628027416772,-84.4691789455837,2048
5346,41.82087772333995,-103.94221553165062,2048
5347,41.92824344733258,-103.644080555057,2048
5351,33.91458394994519,-83.1095014498868,2048
5349,36.67243400129659,-93.25848236124564,2048
5353,42.1400897426473,-71.17319688578459,2048
5352,36.8145388798579,-76.28391124014763,2048
5355,28.968540554787925,-82.00083994989669,2048
5350,34.19971539457206,-84.12987001302338,2048
5354,28.88598913093145,-81.95190006989148,2048
5357,44.81137594002128,-94.9160971131921,2048
5356,32.520853535701946,-85.14739059800881,2048
5362,40.94006737156269,-77.78846355943594,2048
5358,39.83983699545337,-80.81935550111388,2048
5359,33.837912402477386,-83.69879493930418,2048
5363,40.94061615093222,-77.78691013566086,2048
5360,33.84703317333813,-83.69928461692793,2048
5361,40.82639699200698,-77.79326553016448,2048
5366,39.84544120026772,-86.2733127999858,2048
5365,39.80573807209497,-86.29774055428071,2048
5367,35.39292115677091,-80.80237259529284,2048
5364,39.784081180579314,-86.30466645982706,2048
5368,39.81033680639169,-74.95295242039003,2048
5369,39.90111638101207,-74.93200448951771,2048
5371,33.40926555590086,-85.03849457449735,2048
5370,33.40826777050742,-85.03765958250555,2048
5373,36.31396234122529,-92.3747630233389,2048
5375,42.3599578931778,-71.3970451621862,2048
5374,38.69650400419639,-77.23983519918418,2048
5377,42.31728665306029,-89.08780924345493,2048
5376,42.37789285856231,-71.26315658608489,2048
5372,36.121131164972304,-83.8124264647744,2048
5378,34.112320851217994,-83.9498077507341,2048
5379,34.12242315027301,-83.87413910025033,2048
5380,33.33389652087141,-91.12672825034214,2048
5387,38.44610480325522,-77.38927207427582,2048
5384,35.74291444764096,-97.65358686175897,2048
5383,38.64150997662904,-77.30234924993277,2048
5385,36.447430690077255,-97.05657481743673,2048
5382,38.62708520020792,-77.31051064944148,2048
5381,38.60889425878134,-77.319016516945,2048
5388,38.45112530698912,-77.387648650257,2048
5390,35.65702786432949,-89.39460042443262,2048
5389,35.654783419360385,-89.39128473614751,2048
5391,37.62089561119384,-88.95359828766013,2048
5392,34.65968217540162,-90.8853018124968,2048
5386,36.37095026608215,-76.89342875837254,2048
5394,32.360363850923434,-90.21653083382652,2048
5395,37.189008701622654,-84.62690436688888,2048
5399,36.0178324310372,-91.82240097331233,2048
5397,42.55287685484605,-87.90081863095772,2048
5402,28.757619002662423,-81.3020352194813,2048
5401,40.36286703311352,-86.83129114163572,2048
5393,34.00771062520008,-85.22322686023652,2048
5400,40.281931754794094,-87.22075987516638,2048
5403,29.8676852057286,-81.70189096987134,2048
5398,37.63456494988056,-77.25057999946314,2048
5396,35.99949527647904,-87.98477868429922,2048
5405,34.349808442581136,-82.82112977497648,2048
5404,30.19223535824399,-93.34832178145992,2048
5406,38.211739081041245,-89.58111377882729,2048
5407,34.00413073572611,-84.78565833730376,2048
5412,30.476669722036384,-84.346047805924,2048
5410,33.53491553270551,-84.31206784519702,2048
5413,30.485214568961982,-84.29352301409227,2048
5408,38.18163937662882,-82.61006510702582,2048
5411,33.58537805024905,-84.32704179986544,2048
5409,38.56926032731276,-82.77454467047619,2048
5414,30.508063894157555,-84.2566011446928,2048
5416,38.91607361383514,-94.53399757978384,2048
5415,33.631343146334665,-87.05786125675924,2048
5418,37.848527628146456,-83.86969619716002,2048
5419,42.342651478680274,-89.19271900963197,2048
5421,35.99236907589456,-84.24787976334822,2048
5417,37.84784962496131,-83.87067082689157,2048
5420,35.98811480002265,-84.24711320001468,2048
5425,37.5790266242371,-77.93847173974417,2048
5422,36.9979727747627,-94.78980181375964,2048
5423,35.099009019185985,-78.82894216674275,2048
5424,35.098895006196244,-78.8278264701236,2048
5426,37.57956918603229,-77.9392068288467,2048
5429,42.36402229719592,-95.2267148429621,2048
5428,42.36396584074377,-95.22850295465652,2048
5427,42.363989504401886,-95.37964046177574,2048
5430,42.371507973949896,-95.4912428136338,2048
5431,41.172253866619386,-73.18421544616892,2048
5432,41.172448471361285,-73.18491546520022,2048
5433,35.50365659989335,-86.07645921702296,2048
5434,33.09660433780836,-88.83850567303422,2048
5437,43.82953223647044,-82.86906186444267,2048
5440,33.92166743669324,-84.30894044220504,2048
5436,35.058370213358955,-78.27990605927315,2048
5435,35.701859257748495,-86.91035784641164,2048
5439,43.812515517858586,-83.11832263647227,2048
5438,43.81163736041077,-83.11860627503816,2048
5441,36.06333003026809,-76.60141334505728,2048
5443,36.06418212703159,-76.60008964372156,2048
5446,41.686198549883,-91.45769350001017,2048
5442,36.06418088956843,-76.60099632029879,2048
5445,45.301972769282415,-96.5084344741798,2048
5447,40.182990805020445,-74.76173319324508,2048
5452,35.02439084266816,-90.84605992965156,2048
5448,41.43924209051183,-81.63948967103819,2048
5444,35.92821859202368,-86.49172957893616,2048
5450,43.6442162446446,-70.43237403781912,2048
5453,48.889121197979335,-95.43895676725994,2048
5451,48.889960897782046,-95.43563897780088,2048
5455,28.384796351366354,-81.4736247996245,2048
5449,33.8886854257248,-80.92082053031632,2048
5456,28.41794043605781,-81.4546404630734,2048
5457,28.43729239544061,-81.45278403583497,2048
5454,28.36013577140624,-81.49679450636931,2048
5458,41.39478399407358,-88.28546141550817,2048
5462,40.76329328411416,-74.05531433317562,2048
5459,38.8587354319336,-77.50677776505347,2048
5461,26.410883981702963,-80.09984328949376,2048
5464,37.4545691534778,-77.42937136723623,2048
5460,37.90988744600135,-86.26026944139602,2048
5468,40.14160588249944,-74.67506721019905,2048
5465,29.62805301314908,-81.58138551459895,2048
5463,40.77182995711012,-74.04385341908088,2048
5467,40.13928238551776,-74.67954134996056,2048
5469,40.15187997030865,-74.66153154788121,2048
5471,41.46611323677973,-95.22604476966345,2048
5466,30.25670090753467,-91.1768661190822,2048
5470,40.1530389672923,-74.65840181390026,2048
5472,41.4687648802911,-95.3492893874778,2048
5473,44.343254376357066,-71.93112878980925,2048
5475,40.106962925332745,-86.08008269083314,2048
5476,40.09844628019973,-85.97274099552264,2048
5474,40.094101230595584,-86.16640091593946,2048
5479,35.927055848057265,-76.61908154815593,2048
5480,36.33079415672589,-79.83299279173747,2048
5478,35.92638170878209,-76.62018294606935,2048
5477,34.76657248534703,-88.07706081826623,2048
5484,36.19003655024267,-85.44290219999475,2048
5481,42.93391734579185,-71.45829790526332,2048
5482,39.03617003423062,-94.73194329671178,2048
5483,35.871401903759846,-78.93068736781747,2048
5487,35.83413609633943,-84.70314437554528,2048
5485,36.31624061528315,-82.0521449437737,2048
5490,37.9341905504688,-86.77854049937602,2048
5488,37.17417121096878,-76.47678567010003,2048
5486,34.9785419447439,-78.96884305077393,2048
5489,42.30193164809024,-96.36136327300513,2048
5491,36.1274717031998,-86.81624200580757,2048
5492,34.75993299458288,-84.89971141443452,2048
5493,34.76478497480186,-84.82291445686808,2048
5496,34.35508995123562,-89.66588615018264,2048
5494,34.7616514684305,-84.77980229085033,2048
5495,34.615678075277266,-84.6811493569962,2048
5498,35.578250150200965,-91.72856980005923,2048
5497,35.430349165281754,-91.82480880622002,2048
5500,33.78864505822987,-89.81923112445216,2048
5504,37.97847942603647,-92.68518336382868,2048
5499,33.72859048915703,-89.79218532341503,2048
5503,37.7205152006011,-92.76258474993472,2048
5502,44.86286100583709,-93.43533141340852,2048
5505,41.46245376371872,-87.2730168741351,2048
5507,29.953466207950548,-89.95758083193567,2048
5501,44.785929213452015,-93.43002901699876,2048
5510,29.812239509550277,-82.67651480140132,2048
5509,35.50523067454403,-92.00988458628224,2048
5506,29.93855796047357,-89.97191934960557,2048
5512,39.76765556297964,-75.48396541787301,2048
5508,41.57229095565749,-93.09595905263402,2048
5511,31.147558601445255,-87.98276090021933,2048
5514,39.80942332672093,-75.44040352024662,2048
5515,34.66440078326062,-86.57264976165013,2048
5516,42.7248728075752,-82.8484375519553,2048
5513,39.80119327725646,-75.44711841351028,2048
5520,39.90091197429624,-75.23741862120131,2048
5517,39.27543759911009,-95.67918411357822,2048
5519,41.933092650070286,-91.71642895011789,2048
5518,41.93076920234866,-91.70185638278802,2048
5521,39.90062401709584,-75.20166909170396,2048
5522,34.98563837889156,-82.46194332035195,2048
5523,34.98784135836514,-82.27437438122575,2048
5524,39.718020288400005,-79.93355476254705,2048
5530,28.262497686328267,-81.54608409055626,2048
5529,35.92628158599625,-86.85520964004739,2048
5531,38.18850068932656,-91.99804988015435,2048
5527,40.40375442577875,-78.91608842303857,2048
5525,36.90548351409038,-89.52305327804868,2048
5534,40.02599485584353,-75.15550751430673,2048
5526,38.85259580823722,-94.02144836047168,2048
5528,38.98391032607169,-84.60899068176958,2048
5532,41.87476211030332,-71.89598276515747,2048
5535,33.452047999003604,-82.081669954941,2048
5533,28.38398291351286,-80.91548330072936,2048
5544,36.69786036108681,-77.59626764415644,2048
5536,36.39118466508459,-93.63751082504096,2048
5539,42.470539910038575,-71.25727440759447,2048
5538,42.44511971741448,-71.26634755100721,2048
5542,30.15869919789968,-85.50497755911293,2048
5541,30.15853307943877,-85.50382939287071,2048
5537,36.39440253475455,-93.69444121789292,2048
5543,36.69752397382281,-77.59546101203911,2048
5540,42.47553119394621,-71.21433456174097,2048
5545,35.15404587554713,-92.7586164088312,2048
5546,30.18304551385532,-90.97643166614554,2048
5548,40.035579713735416,-75.13594378435957,2048
5551,41.556553657027386,-90.22637592198312,2048
5549,27.38111525608068,-80.39185340559831,2048
5552,35.75866858211179,-78.6454375901708,2048
5547,25.43466777863568,-80.33799296919217,2048
5550,30.56438943667868,-87.22433503913615,2048
5555,30.67642909996132,-85.8431639999558,2048
5554,33.058591009946966,-88.56268979120979,2048
5553,33.05781825261178,-88.56248414941257,2048
5556,35.65992477721946,-80.88599496100932,2048
5557,41.429053282690745,-72.11609598138651,2048
5558,41.42871234714828,-72.10427539590462,2048
5559,42.11670595616666,-87.91770344861945,2048
5561,42.1700466881352,-87.94461695441765,2048
5562,42.181120554408665,-87.96201412281755,2048
5560,42.143405212315855,-87.93116913109797,2048
5569,47.2606511016553,-93.65191209785216,2048
5568,41.0785554766074,-75.02426211602837,2048
5563,43.93050243555531,-90.79197791196054,2048
5565,28.50152406396092,-81.3011480678327,2048
5566,28.50330582018245,-81.28615533821124,2048
5573,35.41514015632841,-79.0145966344593,2048
5567,36.69887591936011,-88.56292105320281,2048
5571,36.0820588498942,-84.14772500111678,2048
5572,36.355381100021525,-94.15590100002186,2048
5564,35.942499489416946,-86.84043529335356,2048
5570,47.261680107588575,-93.64811173859805,2048
5574,33.17018213567465,-87.51750966019635,2048
5575,33.12804780024411,-87.48429294978797,2048
5576,37.11403303778528,-94.49449214494592,2048
5580,28.046944703035354,-81.78699762360455,2048
5578,35.633216325313,-98.04868158974776,2048
5577,34.78424881828315,-77.63704216520468,2048
5584,36.17688490992761,-79.78245262321515,2048
5579,35.90952492596435,-78.81169239006816,2048
5583,36.169333753133856,-79.7383405660482,2048
5582,36.15834350551177,-79.72188336572853,2048
5585,34.65187025011067,-86.6482675000025,2048
5581,34.318314258630075,-79.41203444841734,2048
5586,44.60059714255815,-97.9243207214728,2048
5587,44.88257089493268,-97.0450020748012,2048
5588,41.71671999431097,-93.54247382987828,2048
5591,43.559535738914335,-93.26937871517627,2048
5590,38.86680010003396,-84.22661560000458,2048
5592,43.781127794351086,-91.21619835518597,2048
5593,41.76909009883584,-70.51066975885287,2048
5589,36.43405007214518,-78.96060564123441,2048
5596,38.27055355990259,-89.86241568440049,2048
5595,38.48137260702328,-89.95556526495065,2048
5594,34.95573402643384,-82.91455559539833,2048
5597,37.03400486764146,-86.33394366818868,2048
5598,36.158730278611095,-82.87908424105989,2048
5599,36.15918186645969,-82.87758170589026,2048
5600,36.24324382861187,-82.90336555969877,2048
5604,40.47724250664796,-74.31856182972304,2048
5603,40.47724933808215,-74.32212158002525,2048
5602,33.48345107465835,-82.09684410493125,2048
5605,40.48680156084051,-74.28558831048102,2048
5601,33.4714907136245,-82.08126993604264,2048
5606,40.49005959116754,-74.28126523070769,2048
5607,43.715957876651736,-97.13539953303336,2048
5608,40.646108150360845,-75.30999595034825,2048
5616,36.28341538161775,-90.96712211418544,2048
5609,40.66562474024558,-75.31788864526133,2048
5613,37.05515824999205,-88.35910145003066,2048
5615,36.28250261672635,-90.9676833988375,2048
5617,38.658854889538695,-90.17490411599732,2048
5611,38.73824989962669,-90.9924924500205,2048
5610,38.73804440010497,-90.99343469999924,2048
5612,38.7482216700319,-90.87622407356578,2048
5614,41.70435058877929,-87.51607604397834,2048
5618,38.66419513438456,-90.17679330127844,2048
5620,35.5392592951467,-78.30420621059513,2048
5619,42.5582862453324,-93.2910401506951,2048
5622,41.61230934456077,-87.4745153920495,2048
5623,39.30846800206214,-84.24712816223986,2048
5621,35.6930386506575,-78.3661391886953,2048
5624,37.17589871779585,-94.29727773448604,2048
5628,30.772372186659474,-88.12871657554986,2048
5629,39.11252529030705,-84.80718776983271,2048
5626,30.76341053016933,-88.05934188546301,2048
5625,40.00099852899725,-86.09282669975563,2048
5627,30.77119438864204,-88.12912801965778,2048
5630,39.28750654908393,-84.67918392064415,2048
5631,39.937220008000416,-84.33217570462718,2048
5632,32.36295835149863,-84.47691094951071,2048
5640,44.78138219316782,-88.43136251282941,2048
5637,44.71941661928692,-88.6764642313946,2048
5638,44.71994277568589,-88.67474768662836,2048
5634,30.50498085696607,-90.51713930034606,2048
5635,34.38655952446193,-84.37884218492788,2048
5633,32.55455396909215,-84.65680184060483,2048
5636,34.457919052113645,-84.44681528575863,2048
5641,35.699656725914906,-92.52002495433555,2048
5642,41.48980276963225,-75.58109213608842,2048
5639,44.7612417499705,-88.52711269999827,2048
5643,41.49796156294451,-75.610140168739,2048
5649,36.45983569485348,-77.5414177669094,2048
5646,30.175117661764435,-92.01753320073831,2048
5644,32.615224950039945,-84.9795880996683,2048
5647,30.18380434123259,-91.9929440071862,2048
5652,29.677313520510893,-91.13676162410042,2048
5645,37.6596090960141,-77.62363332036414,2048
5650,36.46004416673792,-77.54070881408394,2048
5648,36.41123608414579,-77.4001609323745,2048
5653,38.9071201087851,-77.2713016434123,2048
5654,36.14863927409874,-85.59962658939843,2048
5651,29.676511198666585,-91.137536559215,2048
5656,35.134409084601565,-93.71672374638972,2048
5659,38.832215571336754,-94.8611244426033,2048
5662,34.475664995672446,-91.54208520342875,2048
5657,38.81024473051602,-94.9098446902337,2048
5658,38.81030774329132,-94.91074618348104,2048
5661,34.23262437889443,-92.05968348951404,2048
5655,47.32977940079133,-97.894763849994,2048
5663,35.12615573442657,-85.26230846204956,2048
5660,34.23204368540476,-92.05763417487888,2048
5664,35.13701593074468,-85.28591190811629,2048
5667,37.61686282672417,-77.46011507845117,2048
5665,37.94697752960531,-90.45502970262936,2048
5671,37.11554420189447,-94.47050359921028,2048
5666,41.15615165011811,-96.03412399501624,2048
5672,40.86010103099815,-74.58849873418978,2048
5669,41.53691374221978,-77.0769749643339,2048
5668,41.39855032346887,-77.455735092187,2048
5676,29.938721629442327,-89.9748120871248,2048
5674,40.90689257201633,-74.59400736618315,2048
5670,37.09835788309253,-94.42292029358732,2048
5673,40.85266523086809,-74.5102774443192,2048
5675,38.97450577048947,-94.26130570955588,2048
5679,36.52137382913308,-82.73830571151507,2048
5684,35.86749558064131,-77.82264300441256,2048
5680,40.737724623042986,-74.10316226846606,2048
5677,35.82827275036117,-78.56178120000286,2048
5678,35.85960500362845,-78.5712016580338,2048
5683,35.80337016747772,-77.84791788301536,2048
5681,34.42668966676699,-85.85777201657653,2048
5686,40.174172460910114,-88.83158037896098,2048
5685,33.33862494120626,-86.35968439088963,2048
5682,35.789228913645594,-77.85416557201388,2048
5687,28.56728985024329,-81.15018170006994,2048
5689,28.634559143739143,-81.20366528360358,2048
5688,28.56795802368732,-81.15108560561835,2048
5692,38.587024449455896,-95.25345160579228,2048
5690,35.09712740824752,-78.83075957497026,2048
5694,35.29037031286338,-96.45942452502322,2048
5693,41.85445975347899,-72.52857269121418,2048
5691,38.57436877588119,-95.28531393641696,2048
5695,35.31063397356719,-96.42309130706516,2048
5696,40.224632926068935,-75.23407595605833,2048
5698,38.77075834994853,-91.30921365001537,2048
5697,40.22440788331423,-75.2283584935274,2048
5700,39.84182863658096,-80.81880092039637,2048
5699,36.271146571154574,-88.3650721746229,2048
5701,39.84303761927164,-80.82069159912648,2048
5704,38.63240685932856,-95.04590163252522,2048
5702,40.210024172784784,-79.7243833374338,2048
5705,45.29802537352431,-93.5546336792054,2048
5706,41.81021548779816,-90.2343697182483,2048
5707,41.79189428542348,-90.293520562085,2048
5703,40.31662124511994,-79.66184331812374,2048
5708,41.80329720059228,-90.25673226842343,2048
5709,35.411508598282296,-78.71151755698331,2048
5715,39.39699546833383,-77.25573360062154,2048
5711,35.24226759391659,-77.69780956169907,2048
5710,33.58577942139085,-84.52379628252307,2048
5714,33.98275993413219,-88.73482054974838,2048
5712,35.25481357257866,-77.72160686539358,2048
5713,38.55002715437983,-92.03590447868685,2048
5716,39.20888954212216,-77.46259922750279,2048
5718,34.34634346228598,-92.42635325979715,2048
5720,36.50981147681559,-89.56832194497903,2048
5719,27.044278100706983,-81.9509979000449,2048
5725,35.734447044086764,-84.31632051729177,2048
5722,29.96446634672299,-90.11858534837452,2048
5724,29.99351317434705,-90.47200549422732,2048
5721,32.73913633733681,-89.02259118667776,2048
5717,34.49102646760988,-88.32380845237999,2048
5726,35.73656235035486,-84.3167935498429,2048
5723,34.881228184543154,-92.22030800562956,2048
5727,38.99641256254872,-94.0872858173156,2048
5728,29.916846039146915,-90.09936724842218,2048
5729,41.793968537552814,-90.19012717500658,2048
5731,35.70212395003904,-79.4057166506114,2048
5730,43.71045211882858,-95.5925401000308,2048
5737,34.34537840008375,-86.36288815012016,2048
5733,36.68958437145066,-76.03648126319716,2048
5732,35.70202585316937,-79.40467650693053,2048
5736,34.32513218545354,-86.33400399320364,2048
5738,38.73389814545997,-75.26452080598042,2048
5735,34.317436538820814,-86.31478827023338,2048
5739,41.69610743732477,-87.97080594898053,2048
5734,34.31706979448734,-86.31557653088575,2048
5740,41.73907739004385,-87.88247083431398,2048
5742,40.73305406812082,-74.3789177925911,2048
5743,40.75967339516279,-74.3538739532106,2048
5741,35.13368452140782,-89.13754524408866,2048
5744,35.70828496716462,-90.58820265037306,2048
5746,40.001758213391824,-75.22760124311368,2048
5747,36.2486985350836,-80.3028829788835,2048
5750,27.86133802314759,-82.60300234662569,2048
5745,39.96922390836222,-75.20122151441242,2048
5748,27.460709602889796,-82.46840370000207,2048
5749,34.22911466973608,-88.71057470833053,2048
5751,27.86231902718254,-82.60469707227571,2048
5753,36.16815454915082,-83.49748470284173,2048
5752,36.634799995161714,-79.70498829936383,2048
5755,35.7504596836402,-78.82771340675538,2048
5756,37.045052750302695,-88.33060535027778,2048
5759,33.51877088516756,-84.61918599550197,2048
5754,36.17147331219772,-83.4992022145402,2048
5762,39.99509284764331,-76.6249930868566,2048
5760,34.99232320416781,-95.04601126787608,2048
5758,33.53892035498557,-84.558969549891,2048
5757,33.51777392638615,-84.62354083109435,2048
5761,39.96771457293748,-76.59442662756847,2048
5765,39.23851966797053,-76.51221423999685,2048
5763,33.96637326290555,-87.44479645704793,2048
5764,40.02596132145631,-76.46666041359921,2048
5766,39.26997498886654,-76.50037146528399,2048
5767,39.29919424211917,-76.50686118516006,2048
5773,44.05949010017433,-70.15508115029641,2048
5769,39.30645686519036,-76.50358810871572,2048
5771,36.62704577538611,-95.67629788710796,2048
5768,39.30621564992843,-76.50313960017577,2048
5776,26.316093775815094,-80.12503523382073,2048
5772,36.81315424940737,-95.62825548990337,2048
5770,36.52239849998639,-89.57136689999241,2048
5774,34.85176683163378,-77.1814718245615,2048
5775,26.279047863534814,-80.1553779022435,2048
5781,40.01024016612617,-83.11592672860729,2048
5778,36.55128307181436,-87.39954208536525,2048
5779,42.83235179641756,-89.11169747474929,2048
5782,40.0616737452365,-83.19320992477039,2048
5777,34.706677711256454,-87.29895289585069,2048
5784,38.72888580015011,-91.21143524999496,2048
5785,38.729896150153024,-91.14213140000412,2048
5783,35.73585329993678,-88.85996725000582,2048
5780,42.83300409984298,-89.1116216499976,2048
5786,39.970405438947886,-75.19916838523898,2048
5789,41.02364721284374,-86.01855067945112,2048
5792,43.623035945608585,-83.49724625844141,2048
5787,39.9788800469631,-75.1883591501913,2048
5788,36.59155066382549,-82.69605176376088,2048
5793,44.323293419083726,-71.99936493439971,2048
5790,38.61864105531004,-94.32134715569804,2048
5791,38.61926164006454,-94.3213574154295,2048
5798,32.89988916893569,-84.31257817304386,2048
5796,34.431421750005065,-92.81277529999612,2048
5795,30.2615189982052,-83.07767463579611,2048
5797,32.899690435065544,-84.31127299374027,2048
5794,38.97820755212492,-93.23508199394752,2048
5800,35.8892751593994,-78.76575011658936,2048
5804,35.27440897990444,-97.5112400894129,2048
5799,32.91120773663488,-84.30721262748477,2048
5802,34.162870279575976,-83.24087284271123,2048
5801,34.97679573292209,-90.06504835761302,2048
5803,34.2453539508325,-83.0787568499132,2048
5805,35.33198069750095,-97.3290655369134,2048
5806,35.40303242898151,-97.7074941382458,2048
5808,40.062386680650185,-74.54905513929343,2048
5807,40.10732299633411,-74.33721519804307,2048
5810,34.89276739627952,-82.42604533903058,2048
5811,34.94174846598283,-82.33369166359628,2048
5813,35.92478995055338,-89.45046694964236,2048
5809,36.042399776862354,-94.14071140935611,2048
5812,35.91262085623728,-89.45799495601385,2048
5815,40.3033717635559,-100.70992637706404,2048
5814,28.59550245550813,-81.26004046844578,2048
5816,30.78523584092992,-89.90674036459644,2048
5820,36.11574132402455,-88.98826938769473,2048
5817,30.92679209818188,-89.77166021732087,2048
5818,39.051651248296274,-93.738380492373,2048
5824,45.878987847903176,-96.88854769839152,2048
5825,27.261231594924,-82.44754486451714,2048
5821,37.94593249373756,-86.85555350169525,2048
5823,45.645614999887634,-96.86369335000008,2048
5819,35.08495270033661,-89.93199220001564,2048
5822,37.94882743415248,-86.84355772157251,2048
5827,43.71196283923148,-95.71669090077728,2048
5826,43.711855579069024,-95.71958360721692,2048
5828,35.94174147200626,-84.52946912437426,2048
5830,32.94782920005815,-82.64750290026842,2048
5829,32.88470297530773,-82.4161420624649,2048
5832,33.99551363873718,-83.93527649231713,2048
5833,41.57346844345274,-90.74111682523235,2048
5831,32.99850380461895,-82.8019021644968,2048
5837,34.68452870895184,-86.78228191063138,2048
5834,42.66147582588134,-83.12092021072009,2048
5835,42.72409979015299,-83.04374995444977,2048
5836,34.235911390292706,-86.18531567073411,2048
5844,41.6586422832415,-76.05043134786592,2048
5841,40.47393852691648,-74.35315890927306,2048
5839,33.933361050351266,-87.10034789963444,2048
5838,36.33798090564799,-77.2158993962241,2048
5842,37.27968870214321,-87.2385855056402,2048
5840,36.27964324692734,-91.38408773309672,2048
5845,41.606056700226205,-75.8693007999749,2048
5843,41.65812803057271,-76.05179870936955,2048
5847,28.536352409267725,-81.70428842668821,2048
5848,28.465059840923555,-81.54974217469336,2048
5849,28.47777969621617,-81.50583127047291,2048
5846,41.60695670066745,-75.8694835596379,2048
5852,40.4122826910712,-74.22557654410929,2048
5851,39.77219041966617,-94.79476017205934,2048
5850,28.491408595910585,-81.46695963552062,2048
5853,40.41920174722389,-74.21544541027289,2048
5856,42.13864295205524,-72.64078144650097,2048
5854,35.24638774429188,-89.99661170593262,2048
5857,42.16702317991417,-72.5933514375055,2048
5855,34.94573242336507,-89.43630593128881,2048
5860,38.994661448191536,-77.42079228962031,2048
5858,42.15835343199616,-72.53713864196413,2048
5863,39.174667047666766,-76.81648126753359,2048
5859,37.18225659682828,-83.2591485977427,2048
5869,38.86954610066992,-77.12928243330936,2048
5861,39.017187034106975,-77.44105145380531,2048
5862,39.0201713469426,-77.44913871022305,2048
5867,40.18024315052756,-74.73264231255942,2048
5866,37.87857662513812,-88.84926221530344,2048
5864,34.58541511051029,-79.66909726667951,2048
5870,39.35095281763518,-80.06466012430279,2048
5868,40.18126776668519,-74.73315221624732,2048
5878,42.96811023605967,-72.6523416435922,2048
5873,33.01337376850247,-80.00903001737275,2048
5877,35.741622944208046,-86.96331040809086,2048
5865,34.59996524019756,-79.67448296048734,2048
5871,33.02057229199061,-80.13999575808087,2048
5872,33.02370060496286,-80.14483312641524,2048
5875,46.4606687818937,-94.06142288620062,2048
5876,47.22985954170419,-93.31363755928476,2048
5882,42.81776139229391,-85.55361379288105,2048
5879,43.42652855008544,-72.66160025009381,2048
5874,33.618104834927856,-80.35954468963052,2048
5880,26.782311451026107,-80.26281327957741,2048
5881,27.04244958477353,-82.06385585030517,2048
5883,32.65124124950398,-86.73265884365757,2048
5884,44.820790677596015,-68.690395003612,2048
5887,36.1248784361376,-79.78000444390378,2048
5885,30.18602877218225,-93.32989570038455,2048
5889,31.354717178163284,-83.60366446422437,2048
5888,31.242177490482455,-83.74347415918,2048
5890,42.59424756891382,-72.46261229464459,2048
5894,43.07441857640726,-93.4374197676964,2048
5886,36.12242378215894,-79.78079697000311,2048
5895,33.90032448890368,-84.57675201983994,2048
5891,35.1392289319944,-88.57879112807197,2048
5892,45.23821910352321,-92.30561785158945,2048
5899,33.583637000257326,-81.80467419174671,2048
5893,34.37326683101195,-79.89289744541063,2048
5898,33.90068636384965,-84.57734490047174,2048
5896,33.89491970619198,-84.54044230719562,2048
5897,33.90071658108103,-84.48942717515126,2048
5900,40.94660061551295,-81.53467540863262,2048
5903,35.94896838605065,-84.1601643593577,2048
5906,35.042174225448875,-84.95932809980978,2048
5904,25.85576044354009,-80.31223488390548,2048
5905,25.88487360292893,-80.31440545032915,2048
5901,40.93933306864472,-81.46690864092591,2048
5910,40.06332405395098,-74.58256672099228,2048
5907,40.22073053105363,-75.58276913797532,2048
5908,39.950575758734594,-74.81017848068909,2048
5909,40.06165630789416,-74.5924530613017,2048
5902,41.01105209505231,-81.69748394421597,2048
5911,39.02210225614036,-83.00967772511014,2048
5912,42.0917877846509,-71.48369562831276,2048
5915,33.66267504944072,-83.8873681994269,2048
5913,39.761390954507135,-76.2697033311281,2048
5914,33.66194410009962,-83.88496425010328,2048
5921,41.62304931590209,-86.25591843830873,2048
5916,31.400007176582744,-86.47235349626817,2048
5920,30.1555376430061,-92.05025649865654,2048
5918,37.42236357404453,-87.09368563786191,2048
5919,42.57892721209662,-89.04396338592504,2048
5917,36.24850467080359,-94.58139681349476,2048
5925,38.749016833961605,-94.49490563220547,2048
5924,34.684457198411174,-79.9197708973832,2048
5923,36.29937438678317,-92.60421374746808,2048
5922,30.271690361321703,-85.70313468802432,2048
5926,40.12860078415422,-87.29905729729623,2048
5927,37.336331305518826,-77.28107701399377,2048
5932,39.20133693492779,-85.86447560001687,2048
5929,39.50881345544055,-86.06334515688748,2048
5931,39.1739814011039,-85.8696707541084,2048
5933,39.2239851581709,-85.86695306895027,2048
5930,39.50950467642608,-86.06524458881387,2048
5928,37.342230126570136,-77.28517568968809,2048
5934,35.14668214369957,-76.83987136692073,2048
5936,30.99554641304704,-88.03169871470868,2048
5935,30.84599608669508,-88.28015969662012,2048
5937,34.94791937275946,-85.70242842278644,2048
5946,34.83737163226871,-88.30572718204378,2048
5939,38.86636288314505,-94.6892392108326,2048
5940,33.7571524092998,-84.77996663240147,2048
5945,34.80320295617031,-88.32614796931725,2048
5941,33.88293610403161,-88.2697756243529,2048
5938,30.384983711528644,-91.1759324973063,2048
5944,37.833944976013605,-95.16111868224638,2048
5942,38.435741721835576,-76.82476444383701,2048
5947,39.01622315002634,-83.8773777500019,2048
5943,35.93407857329323,-84.31543346490567,2048
5953,39.862226306825086,-83.11847061189724,2048
5948,39.07650376186535,-83.90607143862181,2048
5955,42.51554775494014,-94.2994687525793,2048
5951,38.68031798386226,-94.7373395190013,2048
5950,39.9976576017066,-74.96843228701414,2048
5952,33.94456056765945,-78.00796230907127,2048
5949,39.07671691284836,-83.90778396967201,2048
5959,34.03101164468944,-84.60724099630104,2048
5960,37.21528706953384,-88.85923121319964,2048
5954,35.18817578093748,-83.91862653562157,2048
5958,34.006023258099866,-84.58126353929231,2048
5965,41.25537020333802,-81.33728513758535,2048
5961,35.06299830345773,-89.39876012014395,2048
5964,33.650198407127846,-84.48847503272063,2048
5963,33.614362336973144,-84.52623422984408,2048
5957,34.31740615023165,-77.98603035027809,2048
5966,41.26071870006624,-81.34260370000048,2048
5962,36.16464070650804,-86.64983596894665,2048
5967,45.82490455001846,-99.88294719999996,2048
5969,38.97274201315778,-94.87955167634485,2048
5970,36.839453950446696,-76.13444874999779,2048
5973,42.50386397880151,-90.65860795523628,2048
5976,35.642996550272464,-81.94874804990226,2048
5968,44.4736654486924,-98.39261699469664,2048
5974,36.03693481871925,-77.75217850271989,2048
5971,34.61447984989785,-87.04271157632279,2048
5972,42.40271874195759,-90.43253197485164,2048
5975,35.643654638206485,-81.95545160661979,2048
5977,33.703828095202645,-84.21411184320688,2048
5979,42.47181503720529,-71.04537419110129,2048
5978,33.70158915017,-84.17930885001113,2048
5980,42.48785295494008,-71.04780667148404,2048
5983,43.05731655133397,-97.57785136883568,2048
5982,44.53693843742547,-92.91832440747194,2048
5981,42.50526182499036,-71.04165491800376,2048
5991,36.15666780000437,-86.83768444999627,2048
5984,34.887069642155275,-87.07512744732999,2048
5987,35.88663419371318,-88.15902226829384,2048
5988,33.90181810542211,-84.3798087300651,2048
5990,35.17137177354477,-89.99008397672198,2048
5986,36.70585471710694,-93.36950323840291,2048
5989,43.05918105984633,-91.00420849106746,2048
5993,36.15934382551159,-86.83649404206264,2048
5985,34.94744379791522,-86.87142482978128,2048
5994,35.20953250474252,-94.3724537004808,2048
5995,38.29495019215318,-75.5016569994185,2048
5997,39.97176122994292,-86.83172810346859,2048
5998,39.972482386451645,-86.83174457894422,2048
5992,36.15721350566055,-86.81197350141296,2048
6001,28.97725696271844,-81.3242563358253,2048
6003,29.991674173508827,-81.53084071215257,2048
5996,39.86969876844828,-75.13722150488745,2048
5999,37.81151655549122,-92.21768633485088,2048
6002,29.98850208335692,-81.53083464940416,2048
6007,35.11815095826618,-91.09202215640964,2048
6000,37.758523550581394,-92.30912545023008,2048
6010,30.28188969608689,-93.29600566877969,2048
6004,40.57431056536469,-75.5618187038753,2048
6006,37.33222649472357,-94.60954662125576,2048
6008,41.54427021730245,-87.81751300789942,2048
6012,39.2133167205735,-76.8738103241336,2048
6011,35.60313210038939,-84.2295525501272,2048
6009,41.60080611546448,-87.8187894300513,2048
6005,37.15109843977366,-94.36053833212046,2048
6013,41.06043844016671,-75.05979663873546,2048
6014,33.73156433023841,-84.19717036342853,2048
6017,41.2098223506132,-87.91086338942269,2048
6015,33.73595953228373,-84.23514543417379,2048
6019,35.029242089372545,-85.1508468313563,2048
6018,40.606817973638165,-87.26689960872827,2048
6016,38.9428244875138,-94.86313914345858,2048
6020,36.79908331206735,-78.8398602413385,2048
6024,32.60985710941466,-83.48745220339545,2048
6021,36.79933071358142,-78.83916680702723,2048
6022,36.820029118946415,-78.73600942497976,2048
6026,33.648327869386144,-88.27196810856785,2048
6023,32.60872505702468,-83.48749566501378,2048
6031,35.55421360072414,-88.81461749998681,2048
6028,42.82604009491687,-92.47678316727506,2048
6030,40.68150174470054,-74.92052008413124,2048
6025,32.56311132968271,-83.59841737278921,2048
6027,33.649494259888854,-88.2725915878939,2048
6029,27.61612218096529,-81.94248491177471,2048
6033,44.04082292854597,-92.5548985562043,2048
6034,44.04166839876063,-92.55516143546552,2048
6036,38.92059530052303,-91.46058052645228,2048
6032,38.24075255836785,-92.84593632962434,2048
6037,38.9216933947664,-91.46016017102504,2048
6038,33.690496350962455,-84.45220274700137,2048
6041,34.27171025623488,-88.52758116363808,2048
6040,33.77648713244509,-84.41862215804846,2048
6039,33.723209594735245,-84.46543349169944,2048
6044,33.54361393851496,-84.54150740240985,2048
6043,33.636857223751555,-84.12454655061329,2048
6035,38.75878098360132,-91.78444828793558,2048
6045,40.00007399291022,-75.14879192761576,2048
6042,33.493376458451685,-84.1791015472271,2048
6048,43.03131204236963,-85.81303233200569,2048
6047,36.2439667912759,-79.9255709592045,2048
6046,26.202601206415466,-81.68806107447995,2048
6050,33.47963790006234,-87.59473139999321,2048
6051,35.04631665010853,-89.7411599499991,2048
6049,43.42103015262347,-86.05029721487242,2048
6053,39.43397027466107,-93.15561209136526,2048
6052,33.749320350064835,-88.11554999990271,2048
6055,34.761610018445865,-89.43419630196081,2048
6056,33.75997695038659,-83.84895899981524,2048
6054,34.57888372941358,-86.958705749144,2048
6057,37.25663711534316,-89.56577885665831,2048
6060,33.346810940444584,-79.94019471882577,2048
6059,33.24379757868768,-79.98741123895248,2048
6061,33.66816275925772,-79.80043743783294,2048
6058,37.25681265505103,-89.56389385730115,2048
6062,29.7873370214343,-82.03746590663226,2048
6064,30.46380941641753,-88.84680123971687,2048
6065,27.476113825335347,-82.45584979191989,2048
6069,30.647975031029794,-88.56587390255113,2048
6068,42.60298511210861,-96.30626481827888,2048
6063,39.72596523362897,-94.877942542422,2048
6066,35.90857941613823,-92.65558892273953,2048
6067,35.909548895238586,-92.65580217511248,2048
6073,42.20968398577612,-95.76761882345792,2048
6071,36.14839425636151,-86.46650954868119,2048
6074,32.82041722197956,-83.6262683909633,2048
6072,41.220408702415206,-87.02338144049659,2048
6076,35.34601736160473,-90.30850906943432,2048
6075,35.20592479427218,-90.2287225252466,2048
6070,39.06565421080029,-87.51161135464574,2048
6079,33.41245055256637,-85.03149856845322,2048
6081,34.05342629616827,-83.39810030009312,2048
6077,35.51366233454332,-90.4164100684301,2048
6078,33.40710887035782,-85.0360562322525,2048
6080,39.68038307549905,-86.00326377680842,2048
6082,31.28152064882222,-89.35368795748393,2048
6083,35.02235945002213,-85.25823954999213,2048
6087,35.599233800007084,-90.082518749864,2048
6086,35.0840594679626,-85.2448937270462,2048
6085,35.02657015076749,-85.26931152610565,2048
6088,42.70132278193239,-91.03238936424265,2048
6084,35.021668335375054,-85.24186410562481,2048
6091,35.921399146646415,-86.80917047613129,2048
6090,35.37835395392172,-86.05245966694623,2048
6095,37.47643135955521,-93.69163827393876,2048
6093,32.62481673471875,-83.99061692781716,2048
6094,32.625813424435904,-83.76637087103728,2048
6092,34.760625992183975,-82.42482368012037,2048
6089,33.84287596424982,-87.41841672576784,2048
6097,37.78732606866368,-84.71360121436085,2048
6096,33.44295456815328,-85.13153293336842,2048
6099,25.7054217557093,-80.33767195478885,2048
6098,41.535984520339554,-90.5479484371678,2048
6100,30.855847232198563,-83.57102108765018,2048
6102,39.09209088351891,-87.35408878313267,2048
6104,34.707448449124776,-86.37693234355339,2048
6101,30.89507962095259,-83.3767577946478,2048
6106,40.447072746026414,-76.12923640356279,2048
6105,47.02005262109775,-101.15246707533832,2048
6108,38.275951341117086,-89.66599343458516,2048
6107,38.2760477505466,-89.66720934077969,2048
6103,35.86234140538695,-76.76900932196683,2048
6113,38.38520969491757,-91.4936339516397,2048
6109,34.56463145636391,-79.03452937897977,2048
6111,33.36896814262494,-82.00841217636471,2048
6117,30.387818012698688,-91.00485490254708,2048
6114,38.847669171939366,-77.09777668864496,2048
6110,37.25110589979641,-93.2772581204995,2048
6116,31.53079497543742,-92.71782889273528,2048
6118,40.481875659370985,-75.58309331754171,2048
6112,37.951898816927375,-92.02734392577707,2048
6115,35.85109504113413,-84.32521168753742,2048
6119,37.29811550043998,-77.28342509994037,2048
6124,39.76596117076761,-94.85857063819086,2048
6120,35.81538868516396,-95.54940431583664,2048
6123,39.743546173866434,-94.85753838996249,2048
6122,35.825995351028226,-86.09198259382467,2048
6125,33.95260017573254,-83.30133597851997,2048
6128,33.94073461009277,-84.1780000476836,2048
6121,40.36048135803811,-95.64536553585148,2048
6126,33.976462731185606,-83.34613289098321,2048
6127,35.849332451268154,-90.7243319758383,2048
6131,34.10631531756779,-83.77029943491365,2048
6130,34.02351599504987,-83.75783077202082,2048
6132,34.012217965812745,-84.86417397503484,2048
6129,33.94776617978323,-84.14976109151571,2048
6133,34.01521943747621,-84.89153589372818,2048
6134,34.01286019262727,-84.86368028184512,2048
6135,36.67127090193189,-93.25379792374916,2048
6140,35.23972512540897,-91.68719798241462,2048
6136,27.703682226601792,-81.74913824978952,2048
6138,41.982748401931616,-88.24017076393484,2048
6144,36.418378144321466,-95.84898145292628,2048
6142,39.54438771778454,-87.9713692300503,2048
6137,27.72515606796677,-81.810465295125,2048
6145,36.42910460041709,-87.16826884971961,2048
6143,44.38296450443856,-99.4405968748578,2048
6141,35.242947924918965,-91.74314011347664,2048
6139,35.23785171133581,-91.68758571789463,2048
6147,39.52705477963711,-94.3380693382829,2048
6146,37.8867937556358,-78.32048196040245,2048
6152,41.55161276371612,-87.52287589360549,2048
6148,39.52787069997521,-94.3382205999994,2048
6156,36.15382768580168,-86.74499955300051,2048
6150,41.54581914718349,-87.51600337921514,2048
6155,36.14868309890358,-86.71095288310161,2048
6151,41.5516177188778,-87.5250875636808,2048
6154,36.12391734122342,-86.64886891432623,2048
6149,39.5359663504448,-94.31102255990962,2048
6158,39.80699236144002,-94.83572805241091,2048
6157,37.86744883046923,-78.37928561458764,2048
6153,43.64574695259517,-83.83763966368527,2048
6159,29.92750002154066,-90.17818804803582,2048
6161,42.669501450139705,-71.25250740007166,2048
6160,42.32509934746992,-96.3783832247095,2048
6163,34.265511105062075,-86.69562499631749,2048
6167,36.67624705011332,-86.55832739995498,2048
6168,36.94283694489124,-86.93532726501945,2048
6165,30.345660990476876,-91.14140332580531,2048
6162,36.32776081396394,-92.39330085970704,2048
6164,27.097922425875687,-82.3888213641439,2048
6170,34.803385345440674,-87.93804694911333,2048
6169,34.76924546092605,-87.90542986879387,2048
6166,34.5508468179852,-85.91652447533207,2048
6171,36.14878519890061,-85.64730786668325,2048
6174,35.209321382708815,-87.06079935640767,2048
6172,42.506098557215694,-87.94742892075655,2048
6175,35.21051041477244,-87.06142871001138,2048
6176,35.27958557831305,-87.32099597128347,2048
6177,35.24867977512317,-97.13217497570984,2048
6179,34.72988764993249,-88.90160545056922,2048
6180,33.9530611000706,-87.21265785000205,2048
6178,35.31915946020354,-97.26608508875958,2048
6173,42.664391453427015,-88.01226771616548,2048
6181,37.37929478691951,-87.73515208035117,2048
6183,41.22031215011855,-78.30549780006184,2048
6184,41.42536309657617,-97.28045385604467,2048
6185,41.43463325002112,-97.28311950000013,2048
6186,41.43548650002327,-97.28177039999976,2048
6190,41.61550676888534,-76.84436275950975,2048
6182,37.37993164865357,-87.73658593380193,2048
6189,37.6971049084503,-78.28432070156455,2048
6191,43.0607149680864,-91.50451232347018,2048
6188,40.28996310994939,-74.17405930818083,2048
6193,39.246791640032455,-92.29933994265672,2048
6194,41.64011824808552,-87.73311181559066,2048
6195,40.582406808901325,-77.576986976782,2048
6187,33.44813740138534,-81.98929833678537,2048
6196,36.31108043969702,-84.1842454569177,2048
6197,39.0272537073717,-92.32711416590207,2048
6199,34.86504830357044,-85.25949151201125,2048
6200,32.98415680336733,-88.91720404798451,2048
6198,37.88947069092844,-88.93332385249997,2048
6202,30.838294195272667,-81.68273046146541,2048
6201,30.95713972862333,-81.70800174601433,2048
6205,40.67652767024103,-88.7335320614939,2048
6203,31.10088665040736,-81.7085993498609,2048
6204,31.210873950260787,-81.7011825500285,2048
6206,40.71320099437845,-88.70657160414437,2048
6211,34.82744489156457,-87.62399556120643,2048
6210,40.22071649524112,-75.58531351141531,2048
6208,39.99182339889501,-85.59320304400634,2048
6209,39.865929985933406,-76.2176615542275,2048
6207,38.47178217685792,-91.88145109333118,2048
6212,38.86994919403818,-90.89668652108575,2048
6217,36.17320867167535,-81.05085635723232,2048
6216,36.442378029429534,-76.57561397251183,2048
6213,38.89552345011568,-91.13644500022492,2048
6221,34.42409461888379,-92.14415844580311,2048
6218,38.12723885042449,-78.43380310002588,2048
6219,37.1061111219649,-88.24013203492254,2048
6214,34.95413097884989,-82.91572032124185,2048
6215,35.05240075454838,-82.53588952983894,2048
6220,37.05894495011628,-88.59284678454672,2048
6223,36.48419162412823,-87.831371987509,2048
6224,41.4762055829782,-83.46125302188466,2048
6222,37.117726134994896,-93.19782163064907,2048
6226,35.00401628082528,-84.38689202380415,2048
6232,38.31168581745779,-87.02405276735672,2048
6227,34.65654522477382,-87.62892654181374,2048
6228,34.71427285001322,-87.63265439999525,2048
6229,34.71454102436228,-87.63272155747852,2048
6230,41.98062120074871,-90.09521198476055,2048
6231,33.998930436951674,-83.87423349934382,2048
6234,40.79198205034584,-74.11899556831105,2048
6233,38.32209955951805,-87.4237441895658,2048
6225,36.00753607725416,-86.88357696237216,2048
6239,36.492631582008805,-86.8467921030843,2048
6236,34.69990084143295,-86.70666101956024,2048
6237,34.700356052931106,-86.6994019314251,2048
6238,36.469970032369616,-86.88551523866218,2048
6241,35.59197790908377,-84.46450708115324,2048
6242,40.98111323282179,-76.83212519528627,2048
6235,34.69026196244728,-86.74026286909947,2048
6240,35.51588181098472,-84.37498255949633,2048
6244,26.4349028252902,-80.1308675067068,2048
6243,38.81264027249262,-94.89851372509688,2048
6245,36.15999801958658,-96.2238391088152,2048
6246,43.25654270148672,-89.41639208256744,2048
6249,36.0508346501676,-84.03867722989118,2048
6248,34.73858876545852,-78.43136824853384,2048
6252,26.15940439969666,-80.1661569000968,2048
6247,34.73768619137868,-78.43233561247997,2048
6251,27.01820432525721,-82.03529979306595,2048
6250,34.06599062642757,-84.06938023824154,2048
6253,26.173254340481872,-80.14002942477364,2048
6255,26.207838150804022,-80.21910165028441,2048
6254,26.182414650750548,-80.15571190030721,2048
6256,38.54816534180252,-92.23442052326575,2048
6258,38.103774702977454,-78.2633373170777,2048
6261,42.45975259999993,-96.33018769999975,2048
6262,36.2611213256745,-88.6781340582172,2048
6257,38.57580265813425,-92.31226630799262,2048
6264,39.06270173470702,-84.98562624653398,2048
6259,38.10404164807847,-78.26383198282555,2048
6260,35.233702153677775,-83.12445277327565,2048
6265,34.44974429894774,-82.69485005962406,2048
6266,34.46174492244021,-82.7077524531927,2048
6267,34.53862859144906,-82.70096245274287,2048
6263,39.06269880002697,-84.98562795116086,2048
6268,34.54002125464375,-82.70379638107744,2048
6271,39.44072169675988,-77.41813658121394,2048
6270,34.59816684979629,-82.74203160012875,2048
6272,39.44391385412188,-77.425353366338,2048
6269,34.542476605712736,-82.71025354716203,2048
6275,39.6853229287411,-75.74105798359703,2048
6273,40.192482751546805,-85.32157590041433,2048
6274,38.90697432446986,-92.0964482423102,2048
6276,39.68810958545642,-75.7501656484188,2048
6277,39.688345281116376,-75.74900418384998,2048
6280,30.44751395385428,-93.3980416393688,2048
6278,35.99780190301071,-84.23487433153596,2048
6281,25.99781733188925,-80.1503590362764,2048
6279,30.860300250766944,-93.36713789999268,2048
6284,37.367010950315,-85.3420502000502,2048
6282,26.017382600419868,-80.14851957868194,2048
6283,34.88724820026357,-84.28367657945216,2048
6285,37.37546140685625,-85.36062002002264,2048
6287,36.10726543466604,-87.2055372922528,2048
6288,40.59615028819907,-89.66467278190687,2048
6292,40.61705370042375,-74.1961587941115,2048
6289,28.39891030014856,-81.28263395007394,2048
6290,35.3456148800253,-85.6975732416106,2048
6286,35.15163620736872,-86.58965966475819,2048
6291,36.097795701264815,-85.82920134714874,2048
6293,40.62169626281099,-74.20860456790896,2048
6297,36.92354965472936,-85.10599623902537,2048
6294,34.37040909233886,-91.18831067513182,2048
6295,43.41864755927392,-70.60685506126657,2048
6296,43.52913265649271,-70.50327379085948,2048
6299,33.24885690189316,-84.24044491858987,2048
6298,36.932417690703815,-85.11164133724648,2048
6302,35.20120335691974,-99.92981522128515,2048
6300,33.40422330075506,-84.36425299999,2048
6304,36.07479595091668,-98.75975469996196,2048
6303,36.11590360070525,-98.99755265000368,2048
6305,35.98166076085322,-98.70809937476054,2048
6301,41.087797632434885,-76.149572929342,2048
6307,40.84379536809013,-74.47146243493918,2048
6308,40.84382694018692,-74.46943244594544,2048
6306,36.12330495964421,-84.34034639180861,2048
6309,40.845984835786815,-74.47382388811188,2048
6310,33.70449602515105,-85.87222541131729,2048
6311,42.90559820081509,-71.46148050012327,2048
6312,37.64141120093576,-101.05176702618928,2048
6314,35.25004696701237,-80.8761563978401,2048
6319,44.05704839897395,-92.5144041056203,2048
6315,35.35839901730146,-80.97504964318082,2048
6318,38.01501595052332,-78.03881973210129,2048
6317,38.01480082921826,-78.03966598139758,2048
6313,35.249580725135665,-80.87893216923013,2048
6316,36.20551174777084,-94.78856407720046,2048
6323,36.24339787569272,-95.31908268774836,2048
6322,36.24316725017497,-95.31160464999869,2048
6321,36.24165024777336,-95.32577733092845,2048
6320,44.05704930000019,-92.51439249999989,2048
6324,36.24461930458038,-95.3113756760184,2048
6325,30.32398095002576,-91.25261384996702,2048
6327,34.4858807950608,-89.0716517136126,2048
6328,35.94285707528593,-91.57780761277016,2048
6329,35.9216245736742,-94.89031493757668,2048
6326,30.32434855006163,-91.25063865005644,2048
6330,37.14225733430657,-94.52333893088172,2048
6331,35.590991848959696,-79.04942128338024,2048
6334,36.57608623019343,-97.68317095118636,2048
6332,35.59193491684493,-79.04903151334412,2048
6335,37.49170006903215,-78.35046133132414,2048
6333,36.57481683573426,-97.68292517216614,2048
6336,42.09500911142751,-90.11365292069696,2048
6338,35.84868143302466,-83.40401070047089,2048
6337,34.68015701639927,-79.8861572670301,2048
6339,28.334620290785743,-81.39263778817522,2048
6343,36.14098474904409,-86.79011740099372,2048
6342,31.412076275279567,-82.68170870988455,2048
6340,33.415469321647535,-90.8888557363588,2048
6344,32.60628135548674,-89.03035116117589,2048
6341,33.41617710001059,-90.88745010000038,2048
6348,36.5945820504601,-87.27558439989649,2048
6347,36.59350930034124,-87.27365690000744,2048
6345,32.608639936779745,-85.09340678735771,2048
6346,36.59476812669032,-87.30809958244532,2048
6349,34.43043324993735,-80.16682874925317,2048
6351,34.31844313465507,-78.69954695930396,2048
6350,34.29621463382797,-78.79480907062727,2048
6353,38.22792188225595,-85.8565391444521,2048
6352,34.318913096736374,-78.69985617975856,2048
6355,31.86577410100229,-83.9969342999462,2048
6354,31.82081480772153,-83.93879075602477,2048
6356,31.86647100827531,-83.9980107168035,2048
6359,39.47639264261648,-87.14366574207064,2048
6358,39.35172995538856,-86.74233842620728,2048
6360,33.21158476562,-83.30571999058614,2048
6361,34.0185980497418,-84.76891018218029,2048
6363,40.88610731628292,-96.56016294057636,2048
6364,40.84932010288691,-96.81422444959162,2048
6357,39.38863307994184,-93.47478189311278,2048
6366,33.72010460790429,-79.81007474169063,2048
6365,33.664713702632724,-79.81546641598331,2048
6362,32.283097939867915,-90.25849715299712,2048
6367,39.00409759635914,-93.36233892578385,2048
6368,35.72506686089876,-84.26527851710176,2048
6371,38.304446213253165,-77.48326686047527,2048
6369,35.866643178811344,-84.49687900044208,2048
6370,33.2980920001683,-87.05515544999633,2048
6372,35.377065649509944,-78.09490693911138,2048
6378,41.4496870497029,-91.09948299999246,2048
6375,42.04461820706835,-92.86374962507864,2048
6373,40.2307048074542,-82.846516429054,2048
6377,32.82659206297589,-89.53971404653156,2048
6376,28.21453789138328,-81.64145700404596,2048
6379,34.85803501787839,-92.19642969133764,2048
6374,42.8124504415801,-83.38792433133736,2048
6382,34.48070920829089,-88.67895552054968,2048
6380,34.85877907120637,-92.1957881356829,2048
6385,34.788392124681025,-87.62390963081083,2048
6386,34.85869919979293,-89.19777030001777,2048
6381,41.6681121790603,-93.71469957888738,2048
6387,38.55633158908852,-76.69370162285334,2048
6384,38.39612617598917,-94.4183744476686,2048
6383,38.27053779993191,-94.32703634999451,2048
6388,33.13907283476999,-80.06168668797959,2048
6389,33.200242000194166,-80.03261790005,2048
6390,35.09759399290454,-80.70175563504,2048
6391,43.60034085876895,-96.63609391789215,2048
6392,41.00435053321393,-92.37292395746157,2048
6396,40.61228867749944,-74.22666624976006,2048
6393,41.00429730508154,-92.37101379950684,2048
6394,36.36811970259064,-92.45416262750086,2048
6395,47.5008966689882,-101.42986535150148,2048
6397,35.84697317002209,-78.84743786854145,2048
6400,32.40630932525266,-90.13374746539252,2048
6398,35.84796280021447,-78.84742834989156,2048
6401,32.45394350003871,-90.18914524996772,2048
6402,36.05918277454329,-91.87635376579053,2048
6406,41.337387201861176,-82.49499010004844,2048
6404,41.33630690720637,-82.63590262488941,2048
6403,38.16675624330921,-91.27314791602257,2048
6405,41.37480569120833,-82.72995573563087,2048
6407,34.6291250121892,-87.01963763929818,2048
6399,32.406929129296785,-90.2042641422439,2048
6408,39.16586949208559,-85.93890869752394,2048
6409,38.3908795677616,-85.41323784008743,2048
6413,46.35545333459653,-95.4131255134072,2048
6411,34.009558180116585,-84.28449361204379,2048
6412,34.035956596772294,-84.3109812014473,2048
6414,39.010452877512336,-94.7598955312512,2048
6410,38.39141595793758,-85.41228972990345,2048
6415,41.55163975004228,-87.51865839999961,2048
6417,41.551668324610375,-87.50549231424151,2048
6416,41.552027509284095,-87.51326638966523,2048
6420,40.84026940851061,-74.87203228896914,2048
6418,41.53776623771112,-87.28252543555854,2048
6419,41.5518208143906,-87.4897368951086,2048
6421,40.832293614556704,-74.82462839069355,2048
6426,34.82156223867332,-86.95168309649478,2048
6423,38.86521555533034,-94.37787972009448,2048
6422,39.49941519904875,-78.91647062423904,2048
6425,35.59188200011736,-79.0384624504011,2048
6430,43.560009742945134,-83.56811218039479,2048
6432,38.87445503545889,-77.37217455975305,2048
6428,39.12335450037605,-93.20801319999153,2048
6424,40.34593101914528,-94.84774203446018,2048
6427,43.18709116522823,-84.84303096914672,2048
6431,26.70169075515839,-81.68076950696846,2048
6433,32.976284320478435,-79.8726957428061,2048
6434,39.87338142677329,-91.39664252829908,2048
6429,37.01284844363958,-87.36427091607769,2048
6435,28.46352710748909,-81.28766378006026,2048
6438,44.30525008051608,-90.81924491370376,2048
6442,33.897882222538136,-84.20179851288212,2048
6439,35.24266005023093,-92.38860334999568,2048
6436,38.83260471843469,-94.34879483129932,2048
6437,34.939513638082865,-89.61680874758446,2048
6445,34.3022713666717,-80.54112793111378,2048
6443,28.348751552692264,-81.5083687330364,2048
6444,40.8016560375851,-79.79608077496472,2048
6440,35.91632885192337,-88.94019825970894,2048
6447,32.423686251501465,-86.20164468354942,2048
6453,42.00447213418648,-88.24054241658997,2048
6450,33.887602045126954,-81.57654607291786,2048
6452,40.09337107794005,-74.87861658349662,2048
6446,36.2303384865253,-86.47729551867978,2048
6449,40.74931872814408,-74.07232020942465,2048
6441,33.86118401769229,-84.1869068844263,2048
6451,34.03090430205867,-81.58878072776886,2048
6448,40.74808414136305,-74.07043034618813,2048
6454,42.02637156361372,-88.23690860736579,2048
6457,39.07171736487916,-94.79376767441802,2048
6455,34.62367762877732,-86.54056960798329,2048
6456,34.82313426357755,-78.61483404837247,2048
6461,31.47840771777581,-83.54902471179602,2048
6458,39.12926367630297,-94.80498861170145,2048
6462,39.107677573642,-94.46521684635422,2048
6463,34.68966384377504,-86.75301241130056,2048
6460,31.36781735648284,-84.1069894481949,2048
6464,37.24808809442875,-93.17113761300467,2048
6459,41.53710411837295,-86.57842559311332,2048
6465,37.28707338379508,-93.2853397832477,2048
6466,33.4595435690585,-80.88891418620314,2048
6468,33.613645600085825,-84.01134680008512,2048
6470,42.20661112248416,-71.40092757630569,2048
6467,33.6132590964561,-84.01070354216978,2048
6474,34.63601000609198,-87.0856617567708,2048
6469,35.95833158722985,-87.13919168098644,2048
6473,29.85951489263648,-90.42949109771996,2048
6472,42.269011002116265,-71.3992145171582,2048
6471,42.268274060794525,-71.3983926163053,2048
6476,30.67480397330809,-87.84424364162368,2048
6479,35.21547703753433,-80.34057797083489,2048
6481,35.63056007725641,-84.07199895717041,2048
6477,35.126900606430006,-78.97072420679669,2048
6475,34.32590851490424,-85.32856868123035,2048
6480,44.027551667699626,-92.46743065961056,2048
6478,45.39946490596556,-92.68363688137332,2048
6483,43.96940689372621,-98.6072969093846,2048
6484,32.35440907544169,-81.18227678207928,2048
6482,30.2490277529,-85.89356222622054,2048
6485,33.14500379469161,-81.7695973435211,2048
6490,33.53199510018808,-84.27405300000109,2048
6486,34.70200478284409,-86.48983796619912,2048
6487,42.28699134775698,-83.20172351354309,2048
6489,40.18900221689724,-75.16368658409633,2048
6491,33.53175357233043,-84.22440966872652,2048
6488,36.134209520012206,-86.75220338303122,2048
6494,34.59399800081063,-92.21670759858958,2048
6496,38.925642625338845,-91.94947622021084,2048
6493,38.35358350399228,-77.4558475299661,2048
6492,39.13424840742682,-94.52690399326444,2048
6495,33.958402730256275,-84.0953762615309,2048
6497,35.18281613986807,-84.43593001309786,2048
6498,30.79016112844033,-81.58700321134339,2048
6499,40.28239248851288,-74.75640163704969,2048
6503,41.39365217327599,-81.9641117481256,2048
6500,29.94092286875435,-90.19304440374586,2048
6504,41.401215295623686,-81.98856266714077,2048
6501,41.30468125393818,-81.73025339638505,2048
6502,41.35332015691804,-81.83434065331599,2048
6506,34.724993549956054,-77.45724585000451,2048
6505,34.724635376661425,-77.45754764815777,2048
6510,33.819872454961065,-87.07376996866046,2048
6507,39.844341551481165,-82.9461593494907,2048
6513,34.27483330040215,-86.26634934981436,2048
6515,40.7185656597153,-81.41634624265924,2048
6511,34.303337600106566,-80.53987033324702,2048
6508,43.946474732924514,-86.363082714689,2048
6517,38.321135882097046,-97.63129600147406,2048
6520,35.461900423389885,-87.01581188779585,2048
6509,33.81941395002466,-87.07422360003316,2048
6514,38.8947773500185,-87.41101984999983,2048
6512,34.35305991651417,-80.43291228402003,2048
6519,34.354004321096234,-81.1419076983585,2048
6518,34.35324043460535,-81.14206862646196,2048
6516,38.73348842362774,-93.56509482611897,2048
6522,27.89134692746332,-82.7067945826393,2048
6529,34.95686189138933,-92.04887553840996,2048
6523,27.92193965467693,-82.72354333804061,2048
6526,42.439763777710525,-96.36887031203194,2048
6524,27.955422439746467,-82.7341989063606,2048
6525,48.585159607221705,-97.2770234091502,2048
6521,37.966841877672096,-78.62685739269712,2048
6532,41.94261640427044,-70.58199581689068,2048
6530,35.279834627449226,-79.45866178917554,2048
6528,36.38991101222623,-87.65808607552502,2048
6527,36.38622930430327,-87.64681492108036,2048
6531,42.90474486596608,-71.4239591645952,2048
6536,40.79811600108076,-75.11009212594516,2048
6533,35.78917522637094,-78.78985801378042,2048
6539,32.34872881998141,-81.18149039279086,2048
6534,32.467788613656545,-90.0793696600944,2048
6537,36.28856101384861,-89.1492529338972,2048
6540,38.3111560575642,-85.84829115460406,2048
6538,43.39699669474169,-96.23519313971288,2048
6535,33.697658285561445,-84.04274727768434,2048
6544,37.81678992182048,-87.30160518589108,2048
6543,34.000908481401105,-84.01498166139764,2048
6541,38.320133350034034,-85.79984870000418,2048
6542,38.35968443463671,-85.72730545085331,2048
6545,27.08730199494224,-80.263974425254,2048
6549,36.03290315662272,-86.65394268469379,2048
6552,28.73275992545725,-81.36903244260213,2048
6551,28.702444249428325,-81.41695907744011,2048
6547,26.69838101100846,-81.91693194139215,2048
6553,44.55798910163048,-89.94450415000904,2048
6554,39.4280111896636,-74.62063916489242,2048
6548,36.03153024985329,-86.63708090011832,2048
6555,32.35853147634514,-90.27905981295228,2048
6546,36.23939528917398,-82.4689378745386,2048
6556,39.13124998507984,-94.80524079110108,2048
6550,41.15790346541717,-101.6564172044056,2048
6560,42.57055593579726,-71.52429994121528,2048
6557,31.279968836172092,-81.55867852130058,2048
6558,32.72851911031997,-80.87880155473881,2048
6559,32.80233531834548,-81.00795811502353,2048
6561,35.37118155001446,-98.13552865001334,2048
6562,35.76966464693685,-91.58513095997064,2048
6563,34.99204965036979,-80.08501570016116,2048
6565,34.86690555217861,-87.65588488000184,2048
6567,36.85820686048718,-86.90379485051083,2048
6566,43.401466834409845,-95.23413836653806,2048
6569,30.26682613437773,-89.72864270162147,2048
6564,44.4176425116104,-88.71833883223346,2048
6568,36.86007158898671,-86.90634239738787,2048
6570,30.30994708764724,-89.59272297829601,2048
6571,34.04049645197304,-85.06099047165871,2048
6572,34.043908514320734,-85.05002349394887,2048
6574,40.142081796112215,-76.20674245819387,2048
6578,40.65578643737291,-98.35394392475862,2048
6576,40.58322751007499,-98.35511983844124,2048
6575,34.27415760003973,-88.76487770181464,2048
6577,40.590242055024206,-98.35327552487888,2048
6579,29.157135366326745,-81.10586406333204,2048
6573,34.04461678182972,-85.04635669387244,2048
6580,33.19308927669281,-83.07748534804959,2048
6581,33.256348766489275,-82.94866007047105,2048
6582,33.38050744088263,-82.68736209726052,2048
6585,25.68282314328611,-80.47701822481434,2048
6584,25.63943607701884,-80.47680643780248,2048
6583,34.381589588920086,-88.90107897793384,2048
6586,35.25660468555673,-87.37841331903084,2048
6588,34.86113906966719,-90.26221315263264,2048
6591,33.54619454158676,-86.83043637506164,2048
6589,34.86154696767716,-90.26301530011632,2048
6587,35.06457396238078,-87.46203085059523,2048
6590,33.54568975001137,-86.8323739999951,2048
6592,36.061486099685794,-90.99041597310328,2048
6595,27.39274325929528,-82.46758182476462,2048
6594,28.072821799492896,-81.98110926579267,2048
6593,28.06647350009783,-81.99423040004301,2048
6596,38.69742865034642,-77.76749339991485,2048
6597,40.48288317144321,-80.60516827789313,2048
6599,34.592281356400115,-79.09541195225896,2048
6598,39.67176271049033,-77.56620862502274,2048
6601,35.02522104756182,-82.5310902502846,2048
6603,35.25366186983295,-82.6825871095785,2048
6604,35.2585519902038,-82.68299948669207,2048
6600,36.57368392957533,-87.17947226327144,2048
6606,36.356976249877285,-94.248792750025,2048
6608,28.45125868294597,-81.42053147704009,2048
6609,28.44919558788546,-81.37665055649522,2048
6605,38.980615089290495,-84.6164479706068,2048
6607,33.40590208987434,-91.03718978653778,2048
6602,35.185884250078225,-82.62949929999206,2048
6611,40.545342757202974,-99.1213586051026,2048
6614,36.66888462558858,-86.87483911551449,2048
6610,39.53299407253026,-81.71530895812742,2048
6613,36.99671105796477,-84.15808212586883,2048
6612,36.99724885701112,-85.68165302250051,2048
6615,36.6688378500303,-86.87419514999941,2048
6617,42.1746397294973,-71.53747230975499,2048
6616,42.157548283016574,-71.48836813382039,2048
6618,33.935795070090734,-84.35242198890613,2048
6619,39.03847071570888,-94.53744521863236,2048
6620,34.1476013522374,-87.96357496050366,2048
6624,36.09889948224289,-86.11712013003608,2048
6623,35.16980135010127,-85.07054830052037,2048
6629,35.90448492040084,-86.33140850577206,2048
6622,34.098652644639905,-84.46722844797294,2048
6621,36.79791545499359,-76.10725303836391,2048
6625,30.07008290293918,-90.53430313728714,2048
6628,40.71331168794124,-74.77060121406389,2048
6626,37.756311214123855,-86.93631673295545,2048
6627,37.793524316839736,-87.05863385425965,2048
6631,26.30605821597455,-80.15357543217434,2048
6630,35.936942984023794,-86.33447787967788,2048
6632,30.32085197419685,-90.96772470765224,2048
6636,39.69261028689143,-91.33138015694296,2048
6634,33.35163754530726,-84.99807734663973,2048
6638,27.9770842004,-82.49820415001716,2048
6633,33.35894967849686,-84.99418114228078,2048
6637,27.976854009336872,-82.49955075378612,2048
6635,34.79367370609594,-82.89517313610759,2048
6640,36.66484764382368,-92.515782818005,2048
6639,41.25780148907401,-86.42226667139391,2048
6643,32.20824082010309,-82.3851701349942,2048
6641,31.645026649845,-82.24689586797419,2048
6648,27.78691098475612,-82.6887529838328,2048
6647,27.785532951251835,-82.68864374486547,2048
6645,26.1215912507969,-80.29666360028014,2048
6644,32.544524813846635,-83.58347337929203,2048
6642,32.436367722315204,-80.72102035056592,2048
6646,26.145056650356743,-80.29654715028708,2048
6649,27.77046259498382,-82.70194418723842,2048
6650,31.06708630005361,-83.59369460002547,2048
6652,29.16133783658645,-82.08405298405374,2048
6651,31.06805576028398,-83.59317245715313,2048
6654,40.45849092754571,-88.70143219694532,2048
6660,26.430277018868004,-81.46597620060571,2048
6653,37.23710418213589,-80.17015331225737,2048
6657,30.280640792827857,-81.98076685517762,2048
6661,36.88152916291027,-82.8126156776527,2048
6655,40.46373079978375,-88.59281659997761,2048
6659,26.31835758794584,-81.59603555475711,2048
6658,47.02863007874595,-98.68084292303116,2048
6656,40.91239266811032,-75.08345208478825,2048
6662,36.37864277764583,-86.41984116657206,2048
6665,34.926113461377575,-88.25675943471616,2048
6663,42.38266699253686,-92.91700239561716,2048
6664,42.38315539079146,-92.9160904611508,2048
6666,31.225105358880548,-88.0363175911673,2048
6667,35.49232412027746,-89.72746388502858,2048
6672,34.20940334795387,-90.54904151814422,2048
6669,30.250238609064542,-81.83425483598775,2048
6671,38.72463191681953,-94.48324236852058,2048
6670,30.22328597598638,-81.7654092632188,2048
6668,34.75073440840117,-85.27351743414452,2048
6677,37.54885303758349,-85.27126410734186,2048
6673,44.85663600431506,-91.5206140210195,2048
6678,33.31335190015253,-87.03235049986252,2048
6674,36.18476178965808,-92.12512681827762,2048
6676,35.09058275599313,-85.13618550046333,2048
6675,39.064632099975086,-92.34382534998382,2048
6687,30.472244244234467,-86.91466914240407,2048
6679,38.41732997731312,-78.83991747271581,2048
6686,30.44348763381775,-86.65446308389487,2048
6683,33.36308868301193,-83.44814651843224,2048
6682,35.422167458057736,-80.70523304332868,2048
6685,33.75839699059295,-87.06145354329291,2048
6680,38.61910915597454,-78.68567212738466,2048
6689,38.76556564970859,-90.77600020003796,2048
6684,33.611218542809844,-83.6395071802474,2048
6681,35.32417495700207,-78.99735559157237,2048
6690,41.17731500379491,-95.79705365001723,2048
6688,34.18240904614717,-83.66469429115547,2048
6693,37.89111547386624,-90.9587995352481,2048
6692,37.89107689925363,-90.95975021456236,2048
6691,39.04368220145803,-94.6413299032143,2048
6694,34.12105619579733,-84.92781043094946,2048
6700,37.47926758251603,-89.52548839758381,2048
6696,38.752206052231465,-93.32175354508422,2048
6699,33.661357499919056,-88.03486440263346,2048
6697,38.36245175090321,-85.41438197942736,2048
6695,34.38460292013449,-84.88243736654019,2048
6701,37.47983442782908,-89.52629411494841,2048
6698,38.398443032908126,-85.41135800265705,2048
6702,37.481408260567015,-89.51874927490692,2048
6703,37.48719871751019,-89.50834453546359,2048
6704,35.12847772324259,-77.16843415972802,2048
6705,27.73372709532765,-82.38658027703279,2048
6706,43.77115108467692,-70.41245936692741,2048
6707,40.64168452002205,-74.23405760191977,2048
6709,32.35739343554362,-81.17179471859701,2048
6708,40.6481817201517,-74.25950805447474,2048
6712,38.989652538486766,-77.41186986764626,2048
6713,39.02451666310059,-77.43738814942945,2048
6714,33.32758280763314,-82.05463355332958,2048
6710,32.54929565506277,-84.87207220190965,2048
6715,34.64919920898905,-87.91227534218011,2048
6718,39.59364159961846,-75.63102382887406,2048
6717,39.45684633797598,-75.62936944252873,2048
6716,39.374021964238274,-75.56279859979654,2048
6711,38.96607307078536,-77.37907353203765,2048
6719,39.5948941981861,-75.6316389526621,2048
6724,35.76202975031989,-78.82562455000009,2048
6723,40.57989699589005,-94.93777287912648,2048
6720,39.59569916402059,-75.63175198942832,2048
6729,36.93438707247724,-86.50574244697248,2048
6721,34.64138487937673,-86.8802987980452,2048
6727,40.12780286808451,-94.86058379620115,2048
6725,38.80065227764444,-90.78950436992034,2048
6722,40.5798478012372,-94.9365979553396,2048
6728,38.77529892420304,-94.75528554371516,2048
6730,40.028006972842064,-74.88023798332127,2048
6726,40.12754864678311,-94.85964227472788,2048
6731,35.77162170023152,-78.37704800044087,2048
6732,36.94476692803963,-77.47664284540126,2048
6740,33.53539977511006,-86.74224151259948,2048
6733,36.39029266401019,-79.63546307931581,2048
6736,37.74067173136463,-77.4627835541062,2048
6738,33.5061063173214,-86.64736119554183,2048
6739,33.52755801925109,-86.71556167215876,2048
6734,41.974026738810544,-86.49095740872322,2048
6735,41.28819769995252,-81.44109615001047,2048
6737,27.52431921480288,-81.92439780303039,2048
6743,33.57313183849325,-83.17435811311213,2048
6747,36.92196755852949,-89.35866854342935,2048
6744,33.58098752779062,-83.21973173590133,2048
6741,33.120117255276625,-82.85948401278658,2048
6742,33.584504450095714,-83.28246749976876,2048
6745,33.60651341145457,-83.04927386869424,2048
6746,43.06658555528109,-70.78628205743686,2048
6752,39.2757342500069,-84.1142668000362,2048
6750,36.16153894552803,-81.88482527642758,2048
6748,43.55898889988766,-91.231294999948,2048
6749,33.73058582116275,-79.81375932602899,2048
6753,27.604998729508644,-82.34753828419369,2048
6761,36.051793525439926,-94.23663591115098,2048
6760,43.14002649359307,-92.32583291412148,2048
6757,26.06400032742896,-80.35881148246544,2048
6751,33.74527394548705,-84.37830169237716,2048
6755,38.48970836895733,-90.99090441904512,2048
6754,40.03216043202615,-75.18333296856683,2048
6756,38.47508672757543,-91.13336559581629,2048
6758,35.32956319637672,-84.51713915388653,2048
6759,36.09407341686436,-87.40700068530053,2048
6762,40.52088738735869,-86.1369564331686,2048
6763,33.41229775015097,-85.03349225014635,2048
6767,42.04716609546993,-91.07387158552804,2048
6764,42.50966165096702,-94.31279225556624,2048
6765,41.97165154482206,-91.37957967856852,2048
6766,42.04695127444624,-91.07225423019412,2048
6770,37.94907138376785,-89.60619812142745,2048
6769,33.65916390006726,-87.28624384997626,2048
6768,42.04816609105077,-91.07376648829997,2048
6771,33.7721936383386,-88.56017592568347,2048
6774,32.274379328745255,-81.28227530636212,2048
6772,31.81223937570881,-81.4998137558399,2048
6775,40.62691763613879,-74.32418416093235,2048
6777,33.904711858864886,-86.49178847190836,2048
6776,39.920035124885366,-87.43861584543548,2048
6773,31.93044650113016,-81.37949491703591,2048
6778,34.01422405196171,-87.7426834326452,2048
6780,38.79501194112744,-77.14902722031712,2048
6781,35.225631000241115,-85.11568034996637,2048
6782,35.22558790003997,-85.11212959999887,2048
6779,35.512567700349784,-84.54496390033027,2048
6785,36.55465471650535,-79.02837296717644,2048
6787,36.78404343983187,-78.92419354250622,2048
6784,38.36379235277689,-88.07453773551715,2048
6783,38.3591138261818,-87.86297594605212,2048
6786,36.55461507096462,-79.02760537855855,2048
6788,28.847249437238315,-81.32557440707161,2048
6790,28.913251493920782,-81.32545042489443,2048
6789,28.91309984717683,-81.32454978760033,2048
6791,28.911784741140245,-81.29081342796036,2048
6794,35.966986296854,-79.65655742884631,2048
6796,35.375389700193296,-90.49770134999868,2048
6793,35.5125777003054,-91.38933925003396,2048
6797,39.53234477542178,-87.39181581345252,2048
6795,42.15146578190637,-92.08596532530558,2048
6792,38.20322481351493,-92.61518713617004,2048
6798,40.72187491386487,-97.61958306228564,2048
6799,36.60118818524968,-87.45554148180454,2048
6800,36.601465250069005,-87.45431469992144,2048
6803,35.593163500323016,-79.0494810483371,2048
6804,37.26432615964089,-86.68132732261607,2048
6801,36.60213745016775,-87.45453440014822,2048
6809,26.493660191845173,-81.82877166457021,2048
6805,40.14301476592421,-76.37283768736668,2048
6802,35.68720857580864,-88.73904988187957,2048
6808,30.000931817515127,-90.89363697916426,2048
6807,29.981413319544707,-90.72116203448016,2048
6806,32.61041574305188,-84.91566114866085,2048
6811,35.45439682615383,-92.38598731779174,2048
6810,26.495389130953725,-81.8292087980595,2048
6813,33.93316845024529,-80.41803489918804,2048
6812,33.912496799546645,-80.39306598587316,2048
6816,30.24640035368393,-93.293204305694,2048
6814,30.24346045132109,-93.29257275000334,2048
6818,30.262194182906843,-93.29348335772951,2048
6819,30.26245778124746,-93.2929611886422,2048
6815,30.24333544455249,-93.2825933975114,2048
6817,30.246256010331656,-93.2832225751512,2048
6820,33.54860985856567,-81.79198581707236,2048
6824,30.385636917920632,-91.08606899569016,2048
6821,38.35906024467483,-86.28242877020946,2048
6822,38.32193135027722,-86.96168204998722,2048
6827,38.412760572733625,-76.45924419828158,2048
6823,31.974301356725118,-85.98967902508849,2048
6825,35.778397960415816,-78.74112699782918,2048
6828,38.48395173336068,-76.54068258481054,2048
6826,35.34054625685302,-89.8912606595768,2048
6832,38.37052925018267,-76.44326305017827,2048
6829,42.020273768913576,-80.17056134500899,2048
6831,38.34855278678719,-76.45593929114337,2048
6830,42.04849991402091,-80.0821880735283,2048
6833,43.97038792231029,-98.60673526915372,2048
6835,44.342869498324326,-87.53961480034539,2048
6834,36.404676192369166,-84.93515646694877,2048
6839,26.14932019771469,-80.25180843814299,2048
6836,31.58600782877328,-87.49762251722076,2048
6837,36.38476309060018,-76.07981106100213,2048
6838,26.91082430490355,-80.2861230839084,2048
6841,35.9699111962505,-90.8482430156134,2048
6840,26.17982646627346,-80.26724900599352,2048
6842,35.052516579791096,-92.45344455044498,2048
6843,38.84401137700091,-94.45571559266806,2048
6846,33.9015330233274,-83.57806147299152,2048
6850,43.09524485001018,-89.5194515000037,2048
6845,35.27790791538948,-84.54013289584938,2048
6848,43.05438478071058,-89.50951216132714,2048
6847,41.60581052478553,-87.1018805161278,2048
6849,43.09216404626914,-89.56808051470907,2048
6851,42.9774866767512,-89.04869853023386,2048
6844,33.429196323027774,-84.36419125075349,2048
6855,35.779956002575595,-91.64430251723128,2048
6853,42.1890670874231,-86.33449004623917,2048
6852,42.98397519864925,-89.12308943321607,2048
6856,35.86613585227158,-76.74012939751852,2048
6857,30.467862989440583,-87.28962094012721,2048
6860,39.00402463826822,-77.47958668703072,2048
6858,38.99883748243919,-77.47168827469947,2048
6863,42.51255957620421,-71.0431109372979,2048
6854,35.074373880599474,-84.48229852845235,2048
6859,39.00209662808314,-77.48041594268642,2048
6862,26.5287437723567,-80.21247500061679,2048
6861,36.514753067611736,-84.0019456852583,2048
6867,25.79299627058096,-80.37030558835399,2048
6868,35.68688359971016,-97.22676536381,2048
6865,42.60287135466743,-71.16877411775208,2048
6866,42.61554056391039,-71.18973611794988,2048
6871,32.69535455692094,-83.77277994693411,2048
6864,42.56704130494279,-71.09848906967663,2048
6870,29.95473834274177,-90.26778443404902,2048
6869,35.71054349590011,-97.01671120234668,2048
6872,38.6987362801906,-93.63666704061252,2048
6873,38.6895791394896,-86.4505233743248,2048
6876,39.71226854541037,-83.17697797920675,2048
6881,36.37945905692856,-84.2429838246607,2048
6874,32.31233552561051,-90.32430833611296,2048
6875,32.33117645047545,-90.3077374000478,2048
6883,35.28128835270931,-86.12183219104679,2048
6877,30.406515221451617,-81.52437661368084,2048
6882,41.76571851471127,-76.38832201636211,2048
6878,42.536274163918144,-89.11194698588965,2048
6880,34.81217048059887,-84.94997651387595,2048
6886,26.08375819441106,-80.12748927331717,2048
6889,35.5430915375289,-89.19655007148693,2048
6893,34.49219367690036,-87.29329899055534,2048
6885,35.657359055689376,-78.94705965175571,2048
6887,26.08356425648929,-80.12593953754202,2048
6884,35.908258780407635,-84.38841377669722,2048
6890,35.699955562662765,-88.83064967537531,2048
6888,38.17870813167894,-82.59533210439993,2048
6892,30.789457450060308,-88.20935039998129,2048
6891,43.38599034749089,-82.79932011164486,2048
6895,36.07174579160216,-80.1567916629704,2048
6896,36.11346469245571,-80.1689924888912,2048
6897,36.17162134543562,-80.16378805718368,2048
6894,34.09671995016957,-83.80712159977469,2048
6900,36.18955730012052,-85.5379926500805,2048
6903,32.53305420013713,-85.02907389996749,2048
6904,35.030092650896215,-83.82322194937275,2048
6902,32.48185172212294,-84.99226858336628,2048
6899,27.268874841347547,-82.49725765132408,2048
6898,36.17192241261496,-80.16283406366081,2048
6905,30.454142632785963,-81.5956856660598,2048
6901,36.32864967788682,-85.63254247841398,2048
6907,34.44978992608437,-88.65804410404643,2048
6910,36.01560887780471,-77.72461588673683,2048
6914,30.23526485934512,-81.52170078463516,2048
6906,40.62517402368415,-97.12195126816567,2048
6912,35.32207316469495,-84.96599937803332,2048
6908,35.96392725590952,-77.6723481716161,2048
6909,36.00484576995892,-77.71363078705718,2048
6911,35.897450875230675,-77.57419859131953,2048
6913,33.04002761929564,-86.96047084862914,2048
6915,30.235942695427283,-81.51993638254899,2048
6921,35.730063325356376,-78.56964113775793,2048
6916,30.020243169239183,-92.14001539973628,2048
6918,34.420518092481615,-83.40057903431025,2048
6919,32.550828781873975,-88.59686491703586,2048
6917,34.38780715037976,-83.55166100003494,2048
6924,28.000853035678016,-82.58249925496028,2048
6920,32.55584272509728,-88.60602740031295,2048
6923,33.77040984608699,-84.2104563208068,2048
6922,34.81425646370526,-88.17216523522679,2048
6925,28.025267624035116,-82.58231455569823,2048
6927,35.28858504084431,-93.73660919782752,2048
6926,37.08386254350151,-94.5523039968957,2048
6930,40.940508641513496,-75.63387171194768,2048
6928,40.90590684555197,-75.60865233206673,2048
6933,33.96661780964128,-84.08126650788216,2048
6929,40.906652298318576,-75.60651946557033,2048
6931,40.94077074313548,-75.63419889224782,2048
6935,36.39633667160063,-85.32790376505432,2048
6938,39.56009711054799,-83.17625599691019,2048
6934,34.04833006567586,-83.98950052484976,2048
6936,36.56576577919486,-85.11728773787101,2048
6932,35.26937408123145,-86.38593730471715,2048
6939,34.78219065800358,-84.9974399113293,2048
6937,34.78148360380859,-84.98246120005892,2048
6940,39.018369600005805,-83.92372185000333,2048
6941,36.442749410630825,-83.57359288106677,2048
6943,36.21930798127711,-86.33089820318288,2048
6944,41.53550479493524,-96.11252375371566,2048
6942,29.059054200628072,-82.02375635003507,2048
6953,29.620493752124936,-82.83242401485091,2048
6950,40.29987053269014,-86.57584994600698,2048
6947,34.90364350418763,-85.07803019870464,2048
6951,29.613302606763085,-82.95170216475113,2048
6949,34.12270474412957,-80.94173232174434,2048
6946,34.88664930545805,-85.00400695406431,2048
6945,35.02300145002998,-90.79905055003135,2048
6948,32.04117639694191,-81.14456326944497,2048
6952,29.620364844879635,-82.83301249730752,2048
6957,28.39172012534233,-81.4531629861213,2048
6954,29.621481100364772,-82.83358880000759,2048
6955,29.997824450543146,-90.38459660062904,2048
6963,42.54342419255456,-90.69118398727773,2048
6964,42.73645889999452,-71.01219913224242,2048
6956,35.57388371080146,-97.94182786946224,2048
6961,40.75987542898058,-77.83683235516379,2048
6959,43.75118533399691,-70.15537961396046,2048
6962,42.52519895009474,-90.64913304984506,2048
6965,42.798464939395465,-70.97917687462017,2048
6958,42.156869068057176,-95.46002478454815,2048
6960,43.75154160133531,-70.15670999073991,2048
6967,36.377472348797845,-93.57183405015462,2048
6966,42.83294935042016,-70.97242300334291,2048
6968,32.98263224994408,-88.55749319361792,2048
6970,35.55275071399606,-88.79225939289275,2048
6975,45.43972654994056,-91.13270979999751,2048
6973,45.03085061490684,-90.67375011182308,2048
6972,44.93478853994,-90.0783195909473,2048
6976,45.46181499995127,-91.14717259988608,2048
6977,45.87065965000484,-91.5115562999989,2048
6971,44.85792611481829,-89.65313518040462,2048
6974,45.2855648289017,-90.9497421077312,2048
6969,40.72481161875491,-74.3884695083641,2048
6978,45.89047694991835,-91.51129129999138,2048
6980,36.073746969324986,-95.0779959204216,2048
6979,45.890764169354846,-91.51120418907918,2048
6981,35.81402825458448,-78.7414300310968,2048
6986,43.14059073182109,-71.47003027204126,2048
6985,39.71125858607392,-94.88088556208947,2048
6983,44.85966186474429,-91.45243088183877,2048
6984,44.85753340006854,-92.08140244999974,2048
6988,43.14126618507249,-71.46951760316763,2048
6987,43.14091574801765,-71.46903289109262,2048
6989,36.18403159957651,-86.43844149980517,2048
6991,40.3563463250799,-74.46235289560718,2048
6982,38.9320072825376,-77.23687605968131,2048
6990,40.35493119250012,-74.45842046470771,2048
6992,35.47940465088547,-99.89517009999146,2048
6993,35.856159966265835,-95.31095824968337,2048
6994,36.97941254518128,-93.21009514884771,2048
6996,40.47649044173116,-85.9163390068429,2048
6995,34.379815619903155,-89.02095035053516,2048
7002,34.58284075006146,-92.32857564999796,2048
6998,37.16777956767935,-87.97352035598918,2048
7000,39.577230438234366,-89.58336058312153,2048
6997,38.99161814787873,-91.17853570764451,2048
7001,34.58357759715761,-92.36910617681772,2048
6999,37.276216185781536,-87.52708293622794,2048
7005,39.22537764409176,-77.44145045030076,2048
7004,41.02126349361114,-74.72665302410446,2048
7006,26.955280786157328,-81.9779248938791,2048
7003,41.11935063588037,-85.34726984920266,2048
7008,45.939132195728895,-99.01034447513696,2048
7009,46.02700875011902,-99.00415844999614,2048
7013,35.3890480164961,-99.399233292492,2048
7007,35.816806024718844,-79.08642395016565,2048
7010,38.18349671575754,-85.90741136175563,2048
7015,36.13869173546961,-91.15893768074254,2048
7011,35.377151237246366,-99.71974003444431,2048
7014,36.13822871199762,-91.15638489644375,2048
7016,34.128332800447225,-81.38674989996218,2048
7012,35.38830668341882,-99.39838370740368,2048
7017,35.64422679709424,-88.38725396556795,2048
7018,40.28846055494274,-84.08613209301512,2048
7019,31.330323027884496,-89.44838320920739,2048
7022,39.929954586294855,-75.22583741144553,2048
7023,38.94699958221084,-94.74391465729128,2048
7020,31.331259707359848,-89.4474864722536,2048
7028,44.220740911104,-88.13184809962591,2048
7029,34.280478324336045,-85.84589675939455,2048
7025,38.21860682691271,-95.04159717310836,2048
7021,35.47728676174763,-78.33903891034575,2048
7024,37.97847783234101,-95.1253622775324,2048
7031,33.336713753379016,-93.22458799991352,2048
7030,34.31697009181357,-85.9958902954207,2048
7027,33.465934482985475,-83.96803879701724,2048
7026,40.18503742930229,-75.15998586673692,2048
7034,35.47245834171586,-88.51469653810807,2048
7033,39.113971524998,-77.59838862574908,2048
7035,35.43081872057715,-88.65762278798536,2048
7032,41.58927365064576,-90.60133840805304,2048
7036,42.25679108651684,-88.43971993458175,2048
7037,42.25486587166149,-88.30225607211267,2048
7040,37.0843567524246,-97.13523285848132,2048
7039,36.81718077360627,-97.1256451058932,2048
7038,41.22303359892967,-95.86703430124842,2048
7043,37.30488917076423,-97.2127809648716,2048
7042,37.27495038120468,-97.213293538833,2048
7044,37.40683915399174,-97.20659995025892,2048
7047,43.99666124744115,-92.49699118149036,2048
7041,37.08487805490214,-97.13469562918613,2048
7046,36.3975653553557,-94.00971273094214,2048
7045,37.40719170535143,-97.206586083321,2048
7049,41.622023275138005,-88.20818810328299,2048
7052,38.53354266117277,-77.32763147905428,2048
7050,41.704362699931366,-88.2355723999908,2048
7048,34.25332790025828,-88.41559469999366,2048
7054,30.41167978087529,-89.39466836967944,2048
7053,38.031423829824845,-88.27717684872242,2048
7055,31.29518312055772,-92.35737113927004,2048
7051,38.500812816310734,-77.36485873362713,2048
7056,41.64975492837189,-87.04850456466627,2048
7058,35.671245545958826,-78.86005886927104,2048
7057,36.45190570323998,-82.50568067295339,2048
7061,38.75271416492736,-77.45780185522477,2048
7059,34.054837015881034,-81.21464612683845,2048
7060,35.42420320004454,-83.3391813500018,2048
7064,40.5245198749269,-86.11791114203317,2048
7067,38.29640751510626,-92.3325787379596,2048
7063,35.18903279854268,-87.03205923669884,2048
7065,33.94269637647788,-78.00148654918736,2048
7068,37.24492234391269,-83.17494953722698,2048
7066,28.104345656258104,-82.39092901004796,2048
7069,39.97070190428755,-89.19372653676284,2048
7062,31.175784421798078,-81.59790252397704,2048
7071,34.96345401139893,-80.866976848871,2048
7070,42.152975243886885,-71.88161734197985,2048
7072,34.96456576574823,-80.85436193935833,2048
7077,45.5447539587228,-94.27637908179508,2048
7074,34.65681535478321,-86.48287561899699,2048
7075,43.68426519376552,-70.39971215387828,2048
7073,37.76581650453705,-84.23538102366815,2048
7078,45.65649532813254,-94.70864872402252,2048
7079,37.34947389988437,-77.29209874999945,2048
7083,43.67231930793438,-94.7092187906404,2048
7081,33.78195501392144,-84.7041338018748,2048
7082,34.90234538877292,-88.53772898834828,2048
7076,33.788220626474754,-84.22999588655829,2048
7080,34.70307985623172,-84.90815896211078,2048
7086,38.35687149996087,-94.01312670000956,2048
7084,37.58244053586825,-93.40562270030476,2048
7088,35.512814116887775,-90.41788643400632,2048
7093,39.87855163151524,-91.35669755546972,2048
7089,30.236252462460293,-91.24300968801268,2048
7090,30.23652380394562,-91.24356876703207,2048
7085,37.604972122396426,-93.30510991991837,2048
7087,34.120321634025615,-80.14399284611603,2048
7094,39.8206155092384,-90.56348772917636,2048
7091,35.33408159703403,-80.99145844074197,2048
7092,39.83672674954118,-91.59513389438278,2048
7095,40.28110125710464,-74.75559066385563,2048
7099,38.70232818002358,-85.48548511827539,2048
7103,38.80218728635315,-85.38392296496316,2048
7096,33.87399275003022,-87.52601109999381,2048
7098,38.57858216444012,-85.4527496606302,2048
7097,38.66949391065962,-93.18598337423128,2048
7102,38.79508216216887,-85.42556621421271,2048
7100,38.73890859974689,-85.4739971515541,2048
7101,38.81085040022664,-85.15939405013447,2048
7106,37.96831058142494,-79.50928044278473,2048
7104,33.20116503126232,-80.06018918246883,2048
7105,37.81239944844671,-79.82418563317957,2048
7109,39.645533670690206,-90.0793312966558,2048
7107,35.690404458796785,-88.47364652298891,2048
7108,45.02951852653485,-84.73279459575781,2048
7111,39.59135541160588,-89.59426666313276,2048
7110,35.52344474816484,-78.29545528076653,2048
7112,39.713400620094994,-88.87144617664609,2048
7113,37.582959690697045,-92.78457114504026,2048
7117,33.882002221296865,-84.4757113909298,2048
7118,33.88571878908288,-84.47031605301322,2048
7115,35.89496978386301,-83.59071862861148,2048
7116,33.88099270617257,-84.4755347907243,2048
7114,37.58380300360557,-92.78469506795088,2048
7123,25.537296622327368,-80.40366864361827,2048
7121,31.499342464062742,-87.3178037185761,2048
7120,33.82396775702395,-84.19650914790428,2048
7119,40.705926935484655,-86.99590067569254,2048
7122,34.26830856822419,-79.92442698191456,2048
7125,34.55565580028515,-79.29333825042659,2048
7127,40.1133787824468,-86.6130368611749,2048
7124,35.409035815957225,-79.01792870693748,2048
7126,48.11726723326707,-101.21135500861304,2048
7129,31.25032194896016,-85.85148279863598,2048
7128,40.46630644747223,-86.14951065789963,2048
7130,35.22839330432419,-89.50109272305302,2048
7131,30.276606931159183,-81.8947510585222,2048
7134,34.16505787274348,-83.63570626647265,2048
7136,35.51051821952305,-94.69186348046856,2048
7132,35.245308075282765,-95.12286728918896,2048
7133,41.75941849741171,-76.43094437697923,2048
7135,35.51073282792458,-94.77226435655972,2048
7137,39.94500018518448,-75.19379820726763,2048
7138,39.945512864570254,-75.19236355408435,2048
7139,39.957441858115295,-75.18480867730024,2048
7141,42.56357557820682,-92.7819325395137,2048
7143,36.40812917015926,-79.31949873138802,2048
7140,36.24242667475121,-92.43287575919076,2048
7142,36.62892650566198,-87.3492023303556,2048
7145,40.69527260032732,-99.70298059999617,2048
7146,34.20158227053566,-87.17696552888077,2048
7147,46.111612925092174,-99.06520528817434,2048
7144,40.69430305795829,-99.7025728801353,2048
7148,46.11276783882542,-99.06534383093202,2048
7152,40.595763502598686,-77.74692032011257,2048
7149,46.26034954312178,-99.59601421016158,2048
7150,35.86358843289467,-78.44800845414052,2048
7153,43.74488270599341,-93.45260371690856,2048
7154,36.33071501469384,-97.78974763083164,2048
7156,47.91984529467442,-97.61173185040106,2048
7158,45.280105066338976,-96.48759836688404,2048
7151,34.040620389617146,-79.89442318966297,2048
7157,44.849910857137886,-96.47822137512284,2048
7155,38.93232589187106,-91.73296158342907,2048
7160,40.344665810369705,-74.07133710219094,2048
7159,38.24318309848256,-95.68752035831297,2048
7161,35.872692274292795,-78.70005732294173,2048
7162,25.859631488441234,-80.20657542162022,2048
7163,26.383792304843865,-81.04216376181813,2048
7164,26.47543092182737,-81.43285743763037,2048
7165,26.64275615739349,-81.76627825157898,2048
7166,39.0143487665582,-96.6330637910735,2048
7168,40.567091648241735,-74.70614368226818,2048
7172,37.70075361495893,-84.01601248557044,2048
7174,38.68903215004163,-91.47076959535842,2048
7173,37.24984114991897,-93.47648864997367,2048
7169,40.59294928094384,-74.6734176847998,2048
7170,36.40005088558751,-84.09040151771066,2048
7175,26.709673150227225,-81.85514779990889,2048
7171,40.61882740894652,-75.3143479799824,2048
7176,26.711760291049632,-81.78408360672029,2048
7177,34.08661621758856,-84.5130937469263,2048
7167,37.657085374025925,-78.12783809609579,2048
7181,43.74663635001013,-91.17061065000222,2048
7182,42.55476084563048,-95.26884325971382,2048
7178,34.17433510337273,-79.8612405586469,2048
7179,34.66055914816107,-87.40509551619127,2048
7187,37.66889045639108,-85.93229909641161,2048
7184,34.48162317077016,-90.4626038881688,2048
7186,42.114731529207525,-95.13094837360846,2048
7189,37.67220033821975,-85.92444303987244,2048
7188,37.672537816315455,-85.94485205974867,2048
7180,34.70941349636576,-87.52852384439481,2048
7183,43.28675609767832,-90.82438240931764,2048
7185,34.481845545528536,-90.46289146643018,2048
7192,33.8162564907545,-84.49189141735818,2048
7191,34.09372506587888,-78.13066266951843,2048
7196,38.324102769113466,-86.59943332840845,2048
7194,40.27617904740236,-86.09175119682476,2048
7193,33.82173804975896,-84.48424747473292,2048
7201,35.18166042518481,-91.81424738778274,2048
7190,37.91021089628531,-85.99593366269826,2048
7197,38.800173593915225,-86.4509594051711,2048
7195,40.42941249892471,-76.4425222340069,2048
7200,35.15184230013868,-91.78476940013398,2048
7199,40.25920879647816,-83.08695706479199,2048
7198,34.53004380169153,-86.60229313403404,2048
7203,39.43945346213761,-84.29300706386232,2048
7204,41.60746463037198,-92.16878074337669,2048
7208,33.39953125830736,-91.00614867530012,2048
7205,32.74975155642751,-88.81692342987884,2048
7210,27.771441245630285,-82.73408245702204,2048
7206,35.97437942088858,-84.40580953515914,2048
7211,37.89093198464282,-86.68613087094721,2048
7214,38.92827260008047,-94.09158129999564,2048
7202,43.88746193412794,-88.27483486227204,2048
7209,37.31133117788861,-78.39313021738803,2048
7212,38.26655197426816,-93.36448024298058,2048
7207,44.75387588676572,-91.62854939348207,2048
7215,33.70114973117197,-84.83940232166225,2048
7213,37.12042385097417,-85.892726633045,2048
7218,33.6866372107691,-84.61720340882292,2048
7216,33.70112334124785,-84.80540478063539,2048
7220,38.93989823489097,-76.606485183019,2048
7219,33.697884715841035,-84.71693424986516,2048
7224,35.694954100827616,-85.80987714764302,2048
7225,43.104391998524726,-82.70685473527053,2048
7222,41.37655981024344,-75.79971336738983,2048
7221,39.0418695432916,-76.67441498506322,2048
7217,33.698813905962595,-84.75733511638559,2048
7226,39.74877547963008,-86.31429579091491,2048
7223,35.694362899702575,-85.80952286371345,2048
7227,34.35521260101449,-82.82067273624389,2048
7228,39.16185048451494,-93.52127530099456,2048
7230,34.203533186012194,-79.38976432248566,2048
7229,37.731504543224894,-88.82325415969548,2048
7231,41.81128835287635,-87.78522305693788,2048
7239,31.50032470035044,-84.10846484998147,2048
7234,27.593272439309175,-82.25237677459391,2048
7233,27.515274550496823,-82.12965465003005,2048
7232,34.15448948325122,-88.00507806655821,2048
7235,34.598367731798575,-88.5305029338285,2048
7236,33.37147901613606,-91.03242246895672,2048
7237,30.50402075005153,-86.56241159996634,2048
7240,31.518521434669445,-84.1117409427886,2048
7243,26.639137956464104,-82.02308313331297,2048
7238,30.637790019935828,-86.54673040767922,2048
7244,27.933557507924,-80.64984687378326,2048
7242,31.563933744537355,-84.11126009967364,2048
7241,31.55670268260252,-84.10988241544726,2048
7246,38.50182860303215,-87.18407286446995,2048
7250,34.5644859087364,-86.97618173370209,2048
7247,36.37040394824622,-92.57810648311776,2048
7248,40.42428828516938,-92.6271969847473,2048
7245,38.44927684907293,-86.93013783704134,2048
7249,40.707917844864575,-92.66271464040172,2048
7252,38.98803048001349,-91.011257839411,2048
7255,40.46541086255911,-80.04664119693645,2048
7256,40.46561809258295,-80.04631977878427,2048
7253,29.302334936244065,-82.19622966349009,2048
7251,30.50029701239478,-88.53514573755268,2048
7259,40.464687956731886,-80.04700507340432,2048
7254,34.36012735013435,-87.71910600007295,2048
7263,36.24638894568756,-86.83209283076346,2048
7261,40.4648820647955,-80.0467309809566,2048
7258,40.46442980027732,-80.04704352334225,2048
7260,40.4648026314031,-80.04678378902233,2048
7257,40.463677729942745,-80.04478098532249,2048
7262,39.09173351195847,-84.86801877329978,2048
7264,36.02057540743558,-88.37880326156669,2048
7266,27.58125125040435,-80.50386428430258,2048
7265,33.57977954582409,-88.44558464015543,2048
7267,33.765649709876804,-78.96208940945135,2048
7268,33.7753208144305,-78.91560766986721,2048
7269,33.78125106564252,-78.88696512600956,2048
7273,41.89447839157584,-88.04338386643315,2048
7272,34.13741173173583,-83.97634205574069,2048
7270,34.13089745192112,-84.0064203542712,2048
7274,39.73945178322424,-76.30484985702316,2048
7275,46.47477055000627,-94.17832670000006,2048
7271,34.13456195950764,-83.96877433186121,2048
7279,37.152210799960486,-93.16073345001682,2048
7277,35.07566830516528,-84.84027426872191,2048
7276,46.87580144689587,-94.71951633644774,2048
7280,37.70132301097347,-88.64864781956877,2048
7278,25.966608851158007,-80.14903520033731,2048
7281,35.22407784082218,-81.19020890118342,2048
7282,34.22231862766373,-83.44219957544708,2048
7286,38.57079334068789,-82.7768371384508,2048
7283,34.13368779481036,-83.41793432308411,2048
7287,38.573015202255725,-82.78207150373433,2048
7284,41.1387333501207,-92.64969460097664,2048
7289,41.44226849094586,-91.04159781046673,2048
7291,41.98257597471251,-91.66780166185326,2048
7285,39.942998129256544,-75.18794440240005,2048
7293,43.98419340226149,-94.407780594906,2048
7288,38.75339813229174,-90.8264721289598,2048
7290,41.96827861127275,-91.649811164592,2048
7292,32.36971960554803,-90.11423117498306,2048
7294,32.13905330249243,-81.15027197823947,2048
7296,28.02277332551543,-82.7762830087749,2048
7297,34.593606763955265,-85.27724340504436,2048
7295,32.13983764993721,-81.1511389997501,2048
7298,33.68511069043824,-81.59254883850076,2048
7299,41.27165049113398,-92.69789896720776,2048
7301,33.85333360011129,-87.30408489998605,2048
7300,37.65488817396008,-88.95870361874302,2048
7303,32.96069380016733,-84.25155870000486,2048
7305,36.37007357088687,-93.54343786509052,2048
7302,41.17483414299122,-95.79742201497326,2048
7304,31.810920310871808,-82.56649329514707,2048
7307,39.96240616807378,-89.2840323526714,2048
7306,39.918124605971926,-75.40784390472969,2048
7308,40.41969989368131,-88.93179032473596,2048
7309,40.451550907542185,-88.90211097272481,2048
7310,33.997033550485995,-86.96586190024433,2048
7315,39.91209499821653,-75.25884597846158,2048
7311,39.22760957786577,-76.63524818042012,2048
7317,42.50528500607751,-92.37816403419686,2048
7313,36.26237230005291,-87.06383055000958,2048
7314,39.89945276100121,-75.28164849142362,2048
7316,39.92924247115938,-75.22413807471264,2048
7312,36.32031825152492,-93.43427565543568,2048
7319,41.04526207800525,-95.95990617102002,2048
7321,40.56424159044259,-87.41738942477562,2048
7320,41.12241228306939,-95.9759613867284,2048
7318,33.66245671797545,-84.0787185430765,2048
7324,33.7394099292188,-84.6663029385497,2048
7325,32.48513474519369,-83.60269787206693,2048
7326,30.881725642505604,-83.2279631058188,2048
7322,40.56447370004861,-87.4179100500003,2048
7328,43.73135640515441,-92.88976673868731,2048
7330,43.790754374785614,-92.77026418890584,2048
7327,39.98649144080413,-76.29162688960265,2048
7323,40.56480642179568,-87.41775943912309,2048
7329,43.76102882541064,-92.88904192921136,2048
7334,33.68564589674711,-84.61562543191991,2048
7331,40.73468756714769,-91.16361476626498,2048
7332,40.00938601056607,-94.48951546443632,2048
7333,33.698277371469324,-84.75728229629632,2048
7335,41.17758533894656,-80.82438154796941,2048
7336,33.484229650282344,-84.40730869995157,2048
7339,28.08322158588752,-82.03929402579594,2048
7337,35.061996447399494,-83.38909963054252,2048
7342,42.06870119479888,-97.39333172395736,2048
7340,35.619919016842495,-89.61389138715083,2048
7341,42.18166499492211,-97.94012901921955,2048
7344,35.97674953792648,-89.380354287116,2048
7338,40.35524619714304,-75.62961609065988,2048
7345,28.043852527102175,-82.30222405049118,2048
7346,38.114249482558165,-89.34667638697366,2048
7343,35.97648287771842,-89.37922021591243,2048
7347,31.067964769587157,-83.35226525285621,2048
7352,38.40999035003737,-98.87161210006384,2048
7349,36.59593644848202,-87.30822593888242,2048
7348,31.20427815107325,-83.45107520050281,2048
7355,33.86962191386307,-88.69325083477425,2048
7353,32.93199955294222,-80.13499886722686,2048
7351,38.82850166013941,-99.3009036508551,2048
7354,42.38469947368526,-83.23608342870834,2048
7350,35.50718038811907,-78.74716370262512,2048
7357,29.939496216103823,-89.97648769995321,2048
7358,36.961579042267054,-86.94890415958318,2048
7360,32.823221971553494,-80.62065364137223,2048
7356,29.938788513081647,-89.9767253047224,2048
7359,41.01232928472229,-81.69928279067157,2048
7361,38.89918371484104,-94.69977010945108,2048
7363,36.04460570696168,-83.34475827024036,2048
7366,47.35592971058769,-98.17945307497791,2048
7368,42.03014417535565,-93.67924422979746,2048
7364,36.249866900212325,-93.1345962948399,2048
7371,29.460674769290907,-82.65325282907222,2048
7362,35.98825040798761,-83.21055082750684,2048
7365,34.679433884726095,-79.54160050326179,2048
7367,40.83816716653074,-76.8287348015757,2048
7370,29.03372313945616,-82.67154649225895,2048
7369,29.03149765927761,-82.67756237245212,2048
7372,30.55927966752011,-88.22748580505744,2048
7373,30.57926965007189,-88.23640089994892,2048
7374,30.66603030017733,-88.27348819993425,2048
7380,40.51467336425265,-74.8458919734295,2048
7375,35.89054912034856,-77.55143334168338,2048
7376,42.39130550327317,-72.09899744621602,2048
7377,42.59882262564455,-72.47607741239894,2048
7378,42.471393084062775,-71.73762571983158,2048
7381,40.51555943551716,-74.84564321299364,2048
7379,32.55873478525285,-93.98863528186789,2048
7382,37.05031298361106,-89.66205087544238,2048
7383,31.18985239298283,-84.14276721732838,2048
7387,38.99317637643544,-95.8160362751392,2048
7385,36.921237939667805,-89.61661789155706,2048
7386,29.29624030266184,-82.15393513232999,2048
7384,31.260706527238018,-84.1751543930237,2048
7388,34.787710449965346,-90.32455478228349,2048
7389,46.82868749907963,-94.89430967801115,2048
7391,38.19021345415036,-94.01453732373751,2048
7392,30.104442386729357,-91.08879697971533,2048
7390,41.88092621844645,-78.65944076524184,2048
7395,32.527652719544484,-86.40822854473502,2048
7393,38.88314540109135,-76.61411250009081,2048
7396,33.722734802728,-84.58521396750527,2048
7398,34.375787575882114,-84.12056093398222,2048
7397,33.74738066465326,-84.54717884665925,2048
7394,38.70227629998032,-93.26040185000522,2048
7401,34.05829105987623,-84.80166045172624,2048
7400,33.27928737808592,-86.69323676554485,2048
7402,39.03318294698658,-95.24147423760076,2048
7408,41.94487323461983,-71.23699458133724,2048
7403,33.48201047248599,-84.03043015299896,2048
7399,34.39286145058068,-84.0822991508968,2048
7404,38.75078342682076,-85.00696660126489,2048
7407,41.733235098617264,-71.1842704387626,2048
7406,36.41213383473849,-89.03442119220158,2048
7405,38.76002917599309,-85.00124867559701,2048
7409,41.98920812185527,-71.29665438712503,2048
7416,44.23231072499138,-93.24209680928192,2048
7412,28.04477825946512,-82.01712176592895,2048
7415,44.10935593472213,-93.26704278944436,2048
7411,35.809102152898845,-83.9684225270997,2048
7414,39.736472928970144,-94.8472194502197,2048
7413,40.00630081026076,-75.17267376725418,2048
7419,33.805168091540374,-84.88348938932502,2048
7418,44.26953136734048,-93.29323847989646,2048
7420,41.40717610349447,-81.61998072810486,2048
7410,35.79656491705132,-83.96512587613168,2048
7417,44.26854429990418,-93.29367154999628,2048
7421,39.23747678465069,-94.43041451736664,2048
7427,38.38202518827089,-93.77158962525968,2048
7422,33.35033544264404,-86.96550623379153,2048
7425,31.6351889275589,-84.2127344228958,2048
7431,28.401198775417846,-81.45327809213458,2048
7423,33.40229741069195,-86.92342423821282,2048
7426,36.21151796431568,-94.9588737546632,2048
7429,31.78923308883457,-82.33377512762705,2048
7424,44.39508977296263,-96.53434875551775,2048
7428,38.38267363233937,-93.77160962442058,2048
7430,40.21744496969059,-76.01501594269736,2048
7433,31.361724900329136,-90.69057950001708,2048
7432,42.04066693438719,-85.78932186571144,2048
7436,27.266351292784364,-81.40835687532429,2048
7434,34.03467825487765,-83.90734398023125,2048
7435,32.48608284049398,-83.59642100884784,2048
7437,34.9676445762897,-92.05115767725974,2048
7440,34.274847811543424,-84.57931681655224,2048
7439,34.243566323533926,-84.67306336852086,2048
7438,34.22089887208472,-84.74014914695796,2048
7443,33.26192618656335,-84.13459662086446,2048
7441,34.1742780338909,-84.28344867347585,2048
7445,39.56557414797994,-77.18236163049625,2048
7447,38.94142678551856,-82.12073492752357,2048
7446,36.97865641127032,-86.47106707269072,2048
7442,38.274759175200685,-92.95864475714944,2048
7449,37.18012786561876,-77.44481309981951,2048
7444,40.03644302865609,-75.02450618148463,2048
7451,38.02590068643084,-92.75834770135272,2048
7450,41.89441056755921,-76.57532409422261,2048
7453,43.78676715630395,-70.19915963781318,2048
7448,39.51264639586218,-77.63986293021505,2048
7452,38.76090435056221,-94.81823694994156,2048
7457,34.086272909906306,-84.71855401248611,2048
7456,36.96945469191405,-91.93616147494456,2048
7455,36.96543434999115,-91.93707585005374,2048
7454,33.62939075872084,-84.62108731682146,2048
7462,36.45502283388069,-87.37491734700168,2048
7458,34.0866745870878,-84.71879325337366,2048
7464,42.65210205655732,-95.25844347513411,2048
7459,34.17862237367935,-84.80026543652289,2048
7460,34.14015526775715,-84.74228543568728,2048
7461,41.12318739988942,-76.97694239985367,2048
7463,38.54426504994884,-93.67829740001508,2048
7465,35.32541055615197,-84.73417984266696,2048
7467,36.39424622360194,-86.17294316921205,2048
7469,42.1647688346384,-70.97954567645048,2048
7470,28.85211980852186,-81.60204866260631,2048
7468,39.00739518086349,-95.26892290973387,2048
7466,31.72097490178264,-82.75018094815229,2048
7471,28.88056516332681,-81.74248056459321,2048
7472,28.87625518784488,-81.69047498443754,2048
7473,41.03540792412543,-91.9712083565078,2048
7476,35.901161877286675,-78.62386001069655,2048
7474,32.962628597265464,-79.96820855431747,2048
7477,35.92464141962385,-78.57812640021547,2048
7475,32.999183602316336,-79.92972534971238,2048
7479,34.05562142232293,-85.99565904912089,2048
7481,35.994021192170194,-76.90883831371133,2048
7482,39.200030714072845,-79.14071323745253,2048
7483,39.27621028078732,-78.36452511067091,2048
7484,39.27301312031073,-78.08302284096953,2048
7480,35.993896382331954,-76.9093421679636,2048
7478,34.01397158785664,-85.9732526982007,2048
7487,33.30893429264981,-84.77802630834526,2048
7485,39.256247079703485,-77.87280038315097,2048
7489,32.92858727298947,-84.31090279135537,2048
7488,33.19124198278123,-84.64768132231049,2048
7486,39.29539763455584,-77.63265966839798,2048
7493,33.136809186769696,-84.58934818150138,2048
7491,33.03876366145717,-84.4829324530877,2048
7490,32.96848142040295,-84.36018834573616,2048
7495,37.12142012058416,-94.81295975016188,2048
7492,33.05763091937941,-84.5026043169295,2048
7494,46.98606071998279,-101.76560708760256,2048
7497,44.07475419441582,-93.50928720949538,2048
7498,44.07728309951308,-93.5214254069662,2048
7499,41.965522968218735,-91.55221439027352,2048
7501,39.98157135857838,-85.63407818217118,2048
7496,30.49941979558337,-88.91617991856147,2048
7500,35.061795095425715,-86.57039282812984,2048
7505,30.255012465543995,-92.1128999864429,2048
7502,32.25310541528191,-90.24754311797751,2048
7506,30.333964677614198,-90.73035016996415,2048
7504,33.70519441201197,-84.59873895319237,2048
7507,30.450461155697457,-90.57354995679208,2048
7508,36.32088265305995,-84.19242555448511,2048
7503,36.809265013889,-76.29955054473668,2048
7510,28.004639447148808,-82.66171026981343,2048
7513,36.60057052665397,-77.1937871561728,2048
7509,28.003813772186703,-82.66240418037727,2048
7511,33.82534297972802,-86.92455864245599,2048
7517,42.36320325506103,-88.94606832916621,2048
7512,36.53563750403756,-77.36010183031061,2048
7516,42.36142110850049,-89.04318744865948,2048
7515,33.50683610388148,-82.13816057638935,2048
7519,35.913465636059456,-95.92289021330976,2048
7518,27.792862471804643,-82.73752874425935,2048
7514,44.85908479876955,-89.64831562962897,2048
7520,31.873746633421145,-93.43089955551804,2048
7524,33.583135700151885,-86.65505845013872,2048
7522,33.56890687986967,-86.80046631183804,2048
7523,33.558457116946656,-86.61989369995634,2048
7526,42.83742644912705,-70.9692782031458,2048
7527,42.89760485004372,-70.87663999999745,2048
7525,29.656471915866803,-81.30019380159489,2048
7528,38.73431370496453,-93.57693502408388,2048
7530,30.63702348079672,-86.96831865157512,2048
7521,33.606675043547625,-86.75616452618797,2048
7531,39.515596968664894,-77.91733449832395,2048
7529,40.07381092852727,-74.94591910141098,2048
7533,36.60394476464749,-93.3050605142534,2048
7536,40.26144692412235,-82.90995815272836,2048
7539,40.26729100805937,-82.71750280049962,2048
7542,43.613774799386256,-94.15681121824922,2048
7534,33.64883995003088,-85.85724959991269,2048
7537,40.25907861157141,-82.87097584520222,2048
7535,34.04318424969825,-84.05197327085108,2048
7538,40.26120302221778,-82.8317491454816,2048
7532,38.47752497941836,-82.39523783008515,2048
7540,40.301327548521705,-75.30572656284777,2048
7543,43.71858409230473,-94.15564156103667,2048
7541,35.66332941472111,-84.67905456925551,2048
7544,36.1600400880921,-99.582421823527,2048
7545,36.18968236109281,-99.41658456230932,2048
7548,45.24575284571683,-68.60175377567785,2048
7547,45.0367679753027,-68.59014495763937,2048
7546,45.08214836557824,-95.0531227181274,2048
7549,35.104282291337405,-95.12007397486116,2048
7551,47.499672655526126,-93.03294790734736,2048
7550,39.28982024786505,-94.66692225444466,2048
7556,32.95804000359595,-80.0929893452989,2048
7555,38.8593493281444,-77.50716880520201,2048
7554,39.28152366392506,-94.53640302081762,2048
7553,45.03475010891006,-92.34013657031822,2048
7557,36.013668900115725,-93.1789667498124,2048
7561,37.07220469415087,-89.63864479123907,2048
7552,45.0337583169803,-92.3403684193582,2048
7558,34.981011631756346,-79.03512517916461,2048
7563,35.25880554248498,-92.47506659041288,2048
7560,42.32416926222159,-71.38633562975332,2048
7559,42.3116420661292,-71.38792969328527,2048
7562,41.13640346093542,-74.26946383579907,2048
7564,36.85803583364172,-81.42232094496907,2048
7566,31.94756765589209,-93.44437949448368,2048
7570,36.1593822297366,-84.0764041848404,2048
7574,34.97794142460166,-89.6462033840424,2048
7571,42.02887512739881,-93.63923476123172,2048
7569,40.41244053126486,-78.85637230078618,2048
7568,40.31390826801096,-78.45042877700426,2048
7572,43.66724169788445,-90.4594678325713,2048
7565,36.877047250073616,-80.82577799998734,2048
7567,40.314023683711,-78.45174089666224,2048
7573,34.96835571396863,-89.73231972180702,2048
7576,35.18700857378716,-78.10944258465707,2048
7575,34.98036967286999,-89.63056814326794,2048
7579,32.056205887123106,-93.4177300237586,2048
7581,35.47092521748893,-88.68672200671737,2048
7578,32.05534258317885,-93.417340548088,2048
7577,36.1415720476075,-85.51662726331209,2048
7580,32.05643609666467,-93.41742490725012,2048
7582,40.62171570888123,-74.63278189972368,2048
7583,40.62293026556897,-74.62841876159757,2048
7587,27.2854495047296,-80.48055304549999,2048
7584,40.64971819764229,-74.57024747619562,2048
7586,39.5359713336663,-94.31622870892096,2048
7585,40.65394936313203,-74.52895893632186,2048
7588,37.32177604980074,-88.11604100003164,2048
7589,35.64237970174021,-88.39899993526089,2048
7590,41.46790560001433,-87.27064455000018,2048
7595,34.74436497986679,-79.39810814696702,2048
7592,35.57632752634318,-78.83779123603449,2048
7594,34.76401364805408,-79.45005887019046,2048
7591,41.486050025180425,-87.2717041606963,2048
7593,34.76021468867891,-79.438443688536,2048
7599,43.991076808253794,-69.67153842369703,2048
7600,43.991855086197525,-69.67190150888368,2048
7597,36.03064825002776,-87.97584179999241,2048
7601,47.35879182291001,-93.2548190398634,2048
7596,34.748077054402124,-79.4063040230326,2048
7598,35.75035306048722,-89.52013532544568,2048
7602,38.93052872533345,-99.36137784053012,2048
7603,33.33537979265018,-81.96354948566568,2048
7604,36.64779975936487,-93.27380948962193,2048
7605,39.14718595768459,-94.86019498481856,2048
7607,48.65770082147584,-94.55911964984486,2048
7606,47.26951076263911,-93.63514980032964,2048
7610,35.79341325755664,-89.11442719224702,2048
7608,39.57994699014751,-81.65431722657299,2048
7614,40.4969882000178,-74.39125869442202,2048
7611,43.356857267721175,-88.31770559372379,2048
7612,43.35704668504084,-88.3195087641433,2048
7609,35.79283349746443,-89.11555368995847,2048
7616,27.8928514551676,-82.7067053310109,2048
7615,41.04355574999933,-76.67574674989272,2048
7613,43.36032307477347,-88.18294181367783,2048
7618,25.787309730836466,-80.41814132446414,2048
7617,25.729147500453355,-80.45322015026572,2048
7619,44.38349260012996,-88.12311623927617,2048
7621,36.19988927679907,-86.8433206277863,2048
7620,44.38721931133772,-88.13116490926441,2048
7623,40.737660545147925,-74.12549815818913,2048
7625,34.99819710011517,-82.99919419999802,2048
7624,40.74310287554678,-74.15347167420396,2048
7622,38.67967684764015,-94.48405444986152,2048
7626,35.007227283797015,-82.99713472943404,2048
7627,42.93584097708634,-71.23617372674201,2048
7628,42.93641757366379,-71.23715839220836,2048
7629,42.95456742609114,-71.14587192728015,2048
7630,42.95464781116434,-71.14485783539467,2048
7636,37.23363174626405,-76.63095548311817,2048
7632,34.23313475146235,-77.93705036567935,2048
7631,32.28593015061578,-86.33034889999273,2048
7637,32.56893563469706,-82.9001892647487,2048
7634,36.83982393942095,-83.51603794150999,2048
7638,33.82648930336799,-83.80098080936524,2048
7635,36.84010086744646,-83.51712577688723,2048
7633,32.73188828688251,-80.0888181244956,2048
7639,38.967303270248685,-82.08491991018501,2048
7640,40.23897568563175,-75.15388227761862,2048
7642,46.42718830603406,-99.9191472947501,2048
7646,26.33358898962959,-80.27434062499029,2048
7641,40.22555848593268,-75.59010912040276,2048
7644,39.17742932710298,-94.79442481557554,2048
7645,35.4665981045913,-79.13474789071535,2048
7643,35.18895198272597,-81.01018219794493,2048
7648,35.08999855685148,-92.17098282471066,2048
7649,40.83552719446288,-96.90975413240945,2048
7650,41.22092962600408,-97.26301608536828,2048
7647,34.468033582699526,-87.68407743438722,2048
7651,34.03433330008775,-84.0407453672063,2048
7655,40.82138701565123,-74.44237646017308,2048
7653,30.32631540456726,-93.3497049135337,2048
7654,40.80077625221745,-74.46864721605846,2048
7657,41.17933402738909,-76.83876627292497,2048
7658,37.471328411470125,-96.419089098358,2048
7656,39.05966161119428,-94.45236676405884,2048
7659,38.26617228489758,-95.58781535657108,2048
7662,43.11245829987612,-93.22789114997995,2048
7663,43.11304247507405,-93.22817068795932,2048
7652,37.08344257354228,-76.46036288417112,2048
7660,38.53207401689171,-94.9022344849474,2048
7661,34.44204764986452,-86.98706590000927,2048
7666,31.285444850039937,-89.31031419999105,2048
7670,34.664942893486256,-80.97778485004385,2048
7667,31.28556690022823,-89.3243841004998,2048
7664,42.10556141969314,-94.11692117974096,2048
7665,31.284935432168133,-89.31018814772128,2048
7669,35.819496726008424,-78.84164356923186,2048
7668,39.81079412757554,-85.8405866948238,2048
7672,34.57691158871106,-80.40210277204565,2048
7671,34.4530766002887,-80.34828764960966,2048
7675,34.62186140015518,-80.61483055005719,2048
7673,34.63093131024788,-80.43936293211549,2048
7674,34.671751695345534,-80.47719851001555,2048
7677,27.241805414158783,-80.67773396894947,2048
7676,27.23991682006375,-80.77787857542239,2048
7681,30.46580446312043,-87.25789467498615,2048
7679,27.6087041303641,-80.52694850490742,2048
7678,27.237964750131734,-80.54141790017087,2048
7680,30.47067370219349,-87.30434858366876,2048
7685,34.14841733938875,-81.07613046781604,2048
7683,34.18452739203377,-81.03747957127548,2048
7684,34.18581417438125,-81.03760572951886,2048
7693,37.20680813138176,-76.57537941706181,2048
7686,33.94177824991288,-81.08549271068195,2048
7682,34.26495748828391,-80.78493636999742,2048
7687,34.01909785010223,-81.10883584983675,2048
7689,38.99600601198991,-77.4383928021052,2048
7690,37.09338968284416,-76.46434713090225,2048
7688,34.01968605584087,-81.1280261504181,2048
7691,37.16224810060844,-76.54624038489523,2048
7692,37.21603043708427,-76.60790177920697,2048
7702,34.501516963591584,-89.01807865061569,2048
7697,40.93652178262178,-94.66019829201464,2048
7699,41.11392465000606,-94.34651111590304,2048
7700,40.04745664868297,-89.1383027360376,2048
7698,41.11391537496717,-94.34848563905248,2048
7694,37.26014342331167,-76.4441309070079,2048
7701,35.80130595016082,-78.70376840000893,2048
7696,32.23707107075546,-90.21150843920049,2048
7704,33.83380217957326,-79.76257290609627,2048
7695,37.27935240751985,-76.49491385170768,2048
7703,33.66959737806576,-79.79910107842929,2048
7705,43.81885825182323,-94.81318839820295,2048
7710,41.44185505901663,-88.11632991129456,2048
7713,33.86002703688887,-79.05955116235938,2048
7711,41.44260037900943,-88.11636775406413,2048
7707,46.166247401071374,-103.6628456499952,2048
7712,34.21188189513155,-80.5211304370958,2048
7709,41.44044014627824,-88.11625629290384,2048
7714,33.91453726141654,-79.04429051074325,2048
7706,46.83895979744828,-102.07453804628126,2048
7715,33.91050638712005,-78.96259679254945,2048
7708,46.65744777967571,-103.07257509535684,2048
7716,33.92993544942296,-78.85273748601037,2048
7718,38.04896189697694,-92.6806047753801,2048
7717,37.3163364449932,-94.33703259212496,2048
7720,33.33191756226978,-79.35738705004904,2048
7721,33.273301023891094,-79.8936744673012,2048
7719,33.83674119602866,-78.87617652169004,2048
7725,33.53609083014437,-79.21528315045484,2048
7728,34.929974489584296,-79.16923678599908,2048
7727,29.9226961206172,-89.97757488897807,2048
7724,33.48314058390779,-79.24578497560952,2048
7722,33.28745783803764,-79.68443365607763,2048
7726,33.6936321105216,-79.11741479223807,2048
7730,33.46033579228824,-87.69504706971382,2048
7723,33.40498921206181,-79.35457453488044,2048
7732,35.141775207204375,-79.03845879768052,2048
7734,35.121331188192386,-79.02344862621479,2048
7733,35.14196889002358,-79.03777107069935,2048
7729,33.78008875025861,-84.36506024999166,2048
7731,34.3580875553988,-78.3095672229361,2048
7736,36.81238393649839,-84.6592004809041,2048
7737,36.812666284687005,-84.6590695436019,2048
7735,34.704992364745216,-78.39277691448967,2048
7738,36.81268222147014,-84.65845278639068,2048
7740,27.63696703647421,-80.79102851906165,2048
7742,30.788815633600077,-91.38284015898046,2048
7739,35.46161375561789,-86.79637292085616,2048
7741,31.44712085074204,-84.13384259999656,2048
7743,40.73860233860042,-74.12094662629798,2048
7747,35.38734075002473,-90.77104114999976,2048
7744,34.81279745048959,-77.22471090040942,2048
7745,35.49390620437284,-90.97102981677584,2048
7746,35.5395565685266,-91.06625383518136,2048
7751,43.952955004852974,-91.27916556659392,2048
7754,43.91098079068831,-91.2355751467209,2048
7750,38.19173544298688,-82.60442090602737,2048
7749,38.18998060599921,-82.60491976154972,2048
7748,44.88115424297805,-97.04265670657152,2048
7757,42.49042519955418,-96.39409659998218,2048
7755,42.33099015978106,-96.30147178227308,2048
7753,43.95321012217215,-91.28269905889393,2048
7758,42.53556808454291,-96.3711842166625,2048
7756,42.35131125026406,-96.35497625013136,2048
7759,34.80663590005647,-87.64936805004412,2048
7763,41.43753141683572,-92.70403402654574,2048
7760,41.09038641007159,-95.95355720595416,2048
7761,35.26011128891325,-78.03035177577911,2048
7762,41.437407533012205,-92.70297755665368,2048
7767,33.815315925113275,-87.25454700825848,2048
7766,35.77675060016873,-90.671303199825,2048
7770,44.07120148755133,-91.38335006963683,2048
7765,31.7203967294435,-82.74938810394956,2048
7764,33.896789200009714,-87.53710194990556,2048
7771,43.98394600006662,-91.28859924999858,2048
7769,44.05703578788735,-91.43044766493564,2048
7768,33.88737361037513,-87.28685082466343,2048
7773,40.57182834343405,-74.34793521026747,2048
7776,42.26587001273836,-85.76804923108413,2048
7777,37.39060800966194,-95.36422744718509,2048
7774,34.429548458534484,-97.9006500676414,2048
7775,32.913350360858985,-90.62321530400166,2048
7772,35.29358585009278,-83.17032790029523,2048
7782,37.70459836290041,-94.98972946571114,2048
7778,32.27679517528969,-80.87614491211781,2048
7781,37.70448118117259,-94.99051152493924,2048
7780,37.51249556533166,-94.69574744856874,2048
7779,32.32868732164324,-80.94361111284329,2048
7784,39.54454102477634,-87.97427984604174,2048
7783,41.813489335855685,-76.99603427765196,2048
7790,45.02345804123518,-102.59397827126404,2048
7786,32.62141869703328,-80.97997498807588,2048
7785,32.527431731794366,-80.98577442549016,2048
7789,45.5299733004198,-102.66190879999895,2048
7794,37.11772659334605,-93.2002086246387,2048
7792,37.36488692532816,-93.05322702273564,2048
7791,37.25497948773351,-93.11784229395326,2048
7793,37.08501139362467,-93.22608283362486,2048
7787,40.05913608019666,-85.05430251839017,2048
7795,36.83915767454781,-97.18099305565268,2048
7797,36.050164050154095,-97.7905247387924,2048
7788,40.06229867826386,-85.03539605262422,2048
7799,36.33175156515237,-95.60034242223551,2048
7798,36.05132169251884,-97.79023247399826,2048
7803,34.312665570209376,-96.78029863214265,2048
7796,35.72810981167006,-97.79233708509818,2048
7800,37.3179581255507,-89.54618785036541,2048
7801,37.12327043436457,-93.00485362448534,2048
7802,36.86281397633779,-89.59614720970298,2048
7804,34.34624893201706,-96.67057166680108,2048
7805,35.451767051920584,-99.6753364329448,2048
7806,35.52258438568345,-99.80466481418718,2048
7807,37.31114679372885,-98.46061020668132,2048
7811,37.58630686228672,-98.57974733607536,2048
7810,37.57982747844507,-98.33825149134564,2048
7814,38.78836561128891,-94.95590195312512,2048
7812,37.37504575210861,-98.13186623599488,2048
7809,37.33118145644933,-97.67665059768288,2048
7808,37.71194195393376,-97.66852813732072,2048
7813,37.36843695608543,-98.3306313505826,2048
7818,37.74226857312873,-87.71545004092374,2048
7815,38.82937245585947,-94.94691763666138,2048
7816,33.984325500028625,-87.47445234999144,2048
7817,37.71864313329535,-87.72326730321032,2048
7822,38.48267833117241,-89.9941036758401,2048
7820,32.48796616913685,-89.86900101377996,2048
7823,37.09765520081356,-87.88124815435167,2048
7821,32.55961080215712,-89.71028704148972,2048
7819,37.68931244587879,-87.91843444753603,2048
7828,31.4294705649254,-89.11758278897376,2048
7827,33.90806655640435,-89.78414167501838,2048
7825,37.85166116821001,-87.52486009137577,2048
7829,31.734119000926075,-89.18714314998749,2048
7824,37.10914187094414,-87.90261891434453,2048
7826,34.42773754332415,-89.4815256296922,2048
7830,33.43197159426822,-88.55767005160004,2048
7831,33.97699735548848,-88.4639378753807,2048
7835,34.94466051285192,-88.48013652805757,2048
7836,34.6216665843044,-89.18092305304005,2048
7834,39.03689003130855,-85.62365256979741,2048
7832,34.02375782201703,-88.39625944080554,2048
7833,34.86129016992056,-89.69073601840613,2048
7839,33.83631613059843,-89.81402704686334,2048
7837,33.96652840744243,-88.48347456864136,2048
7838,33.830566762079535,-89.81687687906349,2048
7841,32.4645865000171,-89.12336704999028,2048
7840,32.77647873103894,-89.22713423558675,2048
7844,34.37047325009584,-89.5007912499937,2048
7842,32.46456210032375,-89.12288394998629,2048
7846,32.3336466658534,-89.11830275863673,2048
7843,32.589562400045615,-89.13176115007047,2048
7845,32.32830185327394,-89.03713874194585,2048
7849,32.6929942679435,-89.51834805673828,2048
7850,34.27205174074365,-88.5721621614997,2048
7848,32.33348648003895,-89.1348690449599,2048
7847,32.32677172053164,-89.16411348908998,2048
7851,33.45457373554188,-88.4970950995061,2048
7853,33.46976373762991,-88.59583172330962,2048
7855,33.96030749849281,-88.47779107461508,2048
7854,34.93697264229766,-89.50982210496515,2048
7856,32.439424075154335,-89.1224046256827,2048
7857,32.574825995745854,-89.12422681944682,2048
7860,34.1448732038905,-89.63168333788676,2048
7852,33.47863873352486,-88.74043966650727,2048
7858,30.6007561255195,-89.6781857966069,2048
7862,31.269097854254884,-84.19426297505511,2048
7863,31.26983044337651,-84.17548529583512,2048
7861,32.43994957181813,-89.93895581273048,2048
7859,33.003854058538735,-89.06235457588363,2048
7866,35.07955056254866,-79.01059514278704,2048
7865,32.39169050047724,-89.35071314998558,2048
7867,32.49205300521338,-89.49010358778789,2048
7868,35.78272333503391,-78.14183581825735,2048
7869,35.79503007862349,-78.28855839083144,2048
7864,32.40772470006729,-89.84163129998859,2048
7873,34.532103064085995,-88.9888689009086,2048
7872,34.95268844344276,-88.20390101974665,2048
7870,36.48228658799464,-79.06548685326082,2048
7874,30.782771532152346,-89.90630488681303,2048
7875,33.52738662833086,-89.25934450925254,2048
7876,33.19938806695108,-80.5920085168988,2048
7871,34.62725809547273,-90.1439740750721,2048
7878,33.314656079378025,-80.68220416087708,2048
7879,33.34527850854,-80.69693956469558,2048
7877,33.314328520029946,-80.68252474684034,2048
7880,33.34548490729936,-80.69648090833884,2048
7884,32.33580230021985,-81.03144375000632,2048
7883,33.503314607613014,-80.8076770471793,2048
7885,33.92233664791055,-88.995465477788,2048
7882,33.50220103895973,-80.80645208021926,2048
7881,33.46837523277977,-80.78632159306277,2048
7886,33.56970349421886,-89.08000857149466,2048
7888,36.12415920356687,-89.25635281406362,2048
7887,36.12348825038644,-89.25550859962772,2048
7889,36.137780524159815,-89.27072861436096,2048
7896,35.878471886843755,-83.47850812912823,2048
7893,35.80847189581925,-86.44683880585217,2048
7890,35.37410787725444,-87.01832515927977,2048
7891,36.08413758046549,-87.93750814044934,2048
7894,35.8577033317915,-83.55878700855844,2048
7895,35.862988945322805,-83.54155127905156,2048
7892,35.82069651779154,-86.24572784738608,2048
7898,36.36049285389501,-86.49271338658288,2048
7897,36.39567296324199,-86.37107101557008,2048
7900,35.66861415027539,-88.89137799998615,2048
7899,35.44410484679175,-89.7843132310759,2048
7903,46.05798717057598,-87.50768348113365,2048
7906,39.92170157501057,-85.8925690614265,2048
7901,35.66362188900084,-88.8481058673518,2048
7904,36.24804624469321,-77.07413710446043,2048
7908,39.926569575450834,-76.38527070122805,2048
7905,39.83265835057821,-85.880197104156,2048
7902,36.066484405056165,-81.882421302492,2048
7907,39.956684575391954,-85.89284095434115,2048
7910,35.35946773822319,-83.20525316663681,2048
7909,39.94916735585202,-76.31712526517158,2048
7911,35.89008543849333,-81.55220459811588,2048
7916,35.381189803541304,-81.14151708590148,2048
7913,35.89084798180728,-81.55222879179858,2048
7914,35.53810005842035,-81.01520238529831,2048
7912,35.89049007840303,-81.5513707239582,2048
7920,35.214825495086615,-78.99437186129072,2048
7915,35.18976176086208,-83.91489034122816,2048
7918,35.19673095780915,-78.9956182772173,2048
7921,35.764480372569295,-78.59841396649834,2048
7917,35.131115708871896,-78.89189575506097,2048
7923,36.35213132047839,-76.80883007913461,2048
7919,35.213702446442255,-78.99443915243995,2048
7922,35.76903807745893,-78.6323191828166,2048
7924,35.26560043856527,-83.10872552449631,2048
7925,35.312545444381044,-83.18477716574591,2048
7931,35.15826910003914,-83.39521895001032,2048
7926,35.436189083630325,-78.1096585362749,2048
7929,35.21161828564696,-83.3997711231799,2048
7928,33.943172853726296,-80.98407384490342,2048
7927,35.36253502058172,-77.44184649320947,2048
7930,35.176363469536554,-83.37315647154006,2048
7932,40.07209644128016,-74.95070690760454,2048
7935,35.64280581811282,-82.607873935845,2048
7933,35.904902814634106,-82.34767546310712,2048
7936,34.57840804055497,-77.58939571593065,2048
7934,35.905006857195296,-82.33918561819662,2048
7937,34.80511488625468,-77.44581837772014,2048
7940,36.31836430636759,-76.21606308478545,2048
7938,36.3128282176502,-76.226141284037,2048
7941,36.34768228704986,-78.97732293526411,2048
7939,36.31402388235355,-76.22631014870849,2048
7942,36.35022722501554,-78.97791547914744,2048
7943,35.38030526750857,-77.4028150468316,2048
7945,35.36085435040052,-78.55292734972673,2048
7944,35.51965439658271,-77.29713504034783,2048
7949,35.82903920238851,-78.69419515379606,2048
7951,33.438933874982766,-82.15819439502428,2048
7947,44.52895109422966,-88.36904772565667,2048
7948,35.4716693713279,-82.54494650363883,2048
7946,35.43136680499686,-83.43676163082442,2048
7953,45.98378912091722,-91.53764837220484,2048
7954,33.671428625275546,-81.75414215221005,2048
7952,33.46323466685037,-82.17855534811567,2048
7950,34.84394908350578,-87.8347214468595,2048
7955,36.45873493794009,-86.95194657012873,2048
7956,33.01024114587159,-80.08773365013678,2048
7960,34.20382644575155,-80.22381130585798,2048
7958,35.99999885586085,-86.49732670152724,2048
7959,33.36531822175937,-81.02831756079267,2048
7962,33.18867967064023,-80.58684854714845,2048
7961,33.03297020092177,-80.16232612233591,2048
7957,33.02527980969741,-80.08547261833851,2048
7967,33.33657443552291,-80.62863684129891,2048
7963,33.19378422166194,-80.58954469066816,2048
7965,33.10016436763557,-80.30995739507571,2048
7964,33.09612450033494,-80.30232240014287,2048
7966,33.19469354246541,-80.58914666603307,2048
7969,36.085917625825154,-86.8371672314265,2048
7970,33.50379696588473,-80.80896203179381,2048
7968,33.3367096810858,-80.62804622782521,2048
7971,34.71557295003613,-81.27984445007074,2048
7972,34.96607982605002,-81.13620629698481,2048
7974,34.21527641773957,-79.7721237955491,2048
7979,34.24609748940463,-79.14360538781166,2048
7976,34.23998856464651,-79.7489251001753,2048
7975,34.240163433494345,-79.75521377626964,2048
7973,34.18212185689008,-79.85598726558351,2048
7980,34.25231962472765,-81.64905957207701,2048
7977,32.470825358507035,-80.95657223389021,2048
7978,35.61193500809643,-86.6979093235709,2048
7981,34.2819332168386,-81.54628920159567,2048
7983,33.68732041332365,-79.60693722398415,2048
7982,34.7839530764779,-82.90384758986978,2048
7986,35.36186970666291,-80.97244216226106,2048
7984,33.71626705040791,-79.4383999503795,2048
7985,35.11296095040609,-81.06677050000089,2048
7987,35.66454673380884,-86.85020813312997,2048
7988,45.757449520896905,-91.25788704944652,2048
7992,45.55444607093124,-90.95697255504884,2048
7991,45.47524154787526,-91.2571762866742,2048
7989,35.620688598150004,-86.58642348212373,2048
7990,35.62143380841936,-86.58639250691687,2048
7995,35.49612710058641,-86.4272265999975,2048
7993,45.80047794084405,-91.43105139445098,2048
7997,35.49326575646995,-86.48242790145228,2048
8001,35.30461327038162,-84.79339447580712,2048
7996,35.514408243971495,-86.44638987504214,2048
7994,35.47583757210701,-86.42997622795814,2048
7999,35.608815900326235,-85.19426800064488,2048
8000,35.544721331362304,-84.05080016912339,2048
8002,36.71293434423741,-85.69857710025225,2048
7998,35.568655467913786,-86.46403201476554,2048
8004,35.54158725562299,-86.13498117633146,2048
8003,35.40137984351647,-86.12999609191878,2048
8005,36.005272100249826,-84.87617805002031,2048
8006,35.80721422309257,-89.47389748892626,2048
8011,35.04298720033518,-89.5539345500003,2048
8015,35.46546661294971,-88.154029526221,2048
8007,36.07244959084327,-86.92587328800688,2048
8008,35.939640958573904,-86.79448247835816,2048
8009,36.043082145174175,-87.32768238110776,2048
8010,35.32376209425131,-89.61652662362913,2048
8012,35.025303900093654,-88.89614090003039,2048
8017,36.07364795003042,-87.949100100269,2048
8016,35.64848263765346,-88.13011278562828,2048
8013,35.01990815801706,-88.24198117394259,2048
8014,36.34208689842747,-83.20597324294337,2048
8018,36.18678007642653,-83.29212263362668,2048
8019,36.18728542141887,-83.29102903428358,2048
8020,36.09296830088447,-83.58235007228612,2048
8021,27.056473804529737,-80.56432630013806,2048
8023,35.72184212345368,-88.90750456310438,2048
8022,35.20161696782311,-88.61791307975976,2048
8025,35.69992842544935,-88.85195606124414,2048
8024,35.68854663615265,-88.80243168662186,2048
8029,36.462149131686864,-88.900512313804,2048
8031,45.40827624898107,-92.05308770233393,2048
8027,36.830796292229735,-85.66952067251151,2048
8028,36.595586300156654,-87.26428590006577,2048
8030,45.3952791875756,-92.30559960871985,2048
8034,35.810442883775124,-83.58126135116545,2048
8026,35.3474187650742,-86.84167431869177,2048
8033,35.77122189870056,-86.34438144997357,2048
8032,35.761776352901215,-86.53057873285091,2048
8036,35.05082684976645,-90.16458490002464,2048
8037,35.72303305057787,-83.50780182746072,2048
8038,35.189325102535314,-89.83709288018555,2048
8035,35.051222800017655,-90.16268704999575,2048
8041,35.08735810157347,-90.0512103354602,2048
8039,35.07295963892767,-90.10038652720856,2048
8040,35.085941973399834,-90.08147956549834,2048
8046,36.54944737171408,-86.36475950320592,2048
8043,46.27555095209328,-87.43765210926692,2048
8044,46.57581073012314,-87.42183744331598,2048
8045,46.57711850540101,-87.40720240004582,2048
8042,36.166291784750975,-85.93916479033241,2048
8047,36.35630970939044,-86.07402589804416,2048
8048,35.56440500509164,-89.75927124176087,2048
8053,41.70913772976176,-71.50394534229244,2048
8050,35.939540238404064,-86.67540726691374,2048
8054,41.75681174205244,-71.52180679057291,2048
8051,35.93644244681741,-87.19485776840459,2048
8052,41.68329337009944,-71.47942263579391,2048
8057,41.82773414310862,-71.51932218440119,2048
8056,41.80256591877686,-71.51691955023453,2048
8055,41.80131892512952,-71.51541145131598,2048
8059,41.90120394369256,-71.53094344574272,2048
8061,45.1708072938152,-93.3084207584376,2048
8049,35.62994061715804,-85.88386119497254,2048
8060,41.88144276279745,-71.52692876600591,2048
8058,41.86683821642918,-71.52219907805967,2048
8063,44.77513755752661,-93.56997061132948,2048
8062,45.20094304371715,-93.23564932492296,2048
8068,36.40858459072719,-86.37183913280522,2048
8064,39.88993178566555,-75.93370549199851,2048
8066,39.96553782375402,-75.81988748533257,2048
8067,39.69653733336378,-75.60333464923883,2048
8070,44.02968665001566,-92.87955814999954,2048
8065,39.97154931585432,-75.82980716096215,2048
8069,44.02788971943532,-92.8617479582468,2048
8072,39.18729303758376,-75.49819097464844,2048
8073,43.7371346324165,-94.15667238909631,2048
8076,47.386312198673245,-93.21459194354742,2048
8071,46.32627836491297,-95.47025594175284,2048
8075,47.32430222482137,-93.76169839478074,2048
8077,43.80531164209255,-95.28881462468507,2048
8074,47.342605349908446,-94.21057470036531,2048
8078,43.84745942847768,-95.11861889722984,2048
8082,43.84859200000012,-92.4708975999999,2048
8079,44.854558103250405,-95.93113222553436,2048
8081,43.72390032026635,-94.44853669817614,2048
8080,44.47012474200852,-93.7407106574726,2048
8084,34.958841299005044,-77.27177801282332,2048
8087,41.56725134612865,-84.04782708546044,2048
8083,46.326695669795605,-95.81428831239076,2048
8085,40.02226583677629,-80.80634587345006,2048
8088,41.601455304045146,-83.90992107859046,2048
8086,41.56744562845992,-84.05132895842928,2048
8091,41.47364324786233,-83.63321646491866,2048
8090,41.47525584175011,-83.91849377563824,2048
8089,39.08556639773841,-82.33081959099391,2048
8094,38.725333990353285,-82.81423064153219,2048
8093,41.15796930968349,-81.7370152303968,2048
8096,39.892336469970935,-75.3159703866417,2048
8097,40.80064679970318,-79.69813280043377,2048
8092,41.169008649051904,-81.88281193629713,2048
8095,38.859395343662726,-82.91073337980683,2048
8100,41.74646744902811,-76.46415463249092,2048
8098,41.70031133937019,-76.21916097114224,2048
8103,40.22801948925246,-75.59742178449248,2048
8099,40.56628409062628,-75.16189971429169,2048
8101,40.15318775520452,-75.53192512036776,2048
8102,40.15296115533628,-75.5294188074493,2048
8107,40.55033239800675,-75.64623445810805,2048
8108,40.55160544246544,-75.64263068456168,2048
8104,39.9096275878161,-75.63227993592885,2048
8110,41.37549932324612,-75.80129700162308,2048
8112,41.46779011743219,-75.17950378856398,2048
8105,39.89410508150066,-75.44273681371403,2048
8114,40.16653162937128,-79.7237268913511,2048
8111,41.37742545333136,-75.14934001426872,2048
8106,39.91566784702329,-75.40400412660557,2048
8115,40.17149944057761,-79.72718507553517,2048
8109,41.2813300549653,-75.81718378678566,2048
8113,41.488410495326754,-75.39685604417274,2048
8116,34.99846908581837,-77.24537855056425,2048
8117,40.72215539298051,-74.16110609790907,2048
8120,34.69936953489666,-84.94449032706585,2048
8125,30.158240499911116,-93.3511704220256,2048
8122,34.50305364224372,-86.7502600334537,2048
8121,34.44869235050017,-86.76270315030563,2048
8119,33.03882607447993,-82.1162378587214,2048
8118,33.03827076635969,-82.11549071818533,2048
8123,44.011430775981474,-103.16323521786651,2048
8124,44.071938638236055,-102.82687818560684,2048
8126,30.159511101627363,-93.34552300001226,2048
8128,30.28017371390897,-93.43695421969282,2048
8127,30.18278085004817,-93.35569189999472,2048
8131,43.70870997484072,-73.06736881412685,2048
8133,44.11913612278701,-73.16546608965197,2048
8129,30.21263906257907,-93.39945425198852,2048
8130,39.48489974935725,-86.04272641663057,2048
8136,29.85614976529856,-81.35018080423605,2048
8135,34.75750127321014,-88.9396182440247,2048
8132,44.01428684446908,-73.13366334908504,2048
8137,29.85767816697821,-81.3496105508163,2048
8134,45.53136707538147,-102.66301927213492,2048
8138,40.34273133378409,-90.31751526918654,2048
8140,34.13093541668737,-84.0310577120425,2048
8141,33.723728187174586,-84.61083232397064,2048
8139,34.16215301490132,-84.07742396495946,2048
8145,36.86261841323228,-86.55193861000313,2048
8144,36.87959970871604,-86.35695599720582,2048
8143,38.685211507583695,-89.89734234531747,2048
8142,33.74218331527241,-84.59234832821981,2048
8147,34.919958527951565,-80.83630066175316,2048
8148,34.91477950004066,-80.73218184999256,2048
8146,34.91415558483943,-80.80264844193736,2048
8149,36.93665380706753,-77.75901602578249,2048
8150,36.883539520342936,-78.20374531344234,2048
8152,35.644846562180184,-89.97028074015793,2048
8151,35.287387535014496,-93.7287419399402,2048
8154,38.583330551373095,-97.6952855060131,2048
8153,35.25064812568408,-91.81943031278912,2048
8156,29.68839768970596,-90.80664322456424,2048
8159,31.21305386393214,-81.54526980780963,2048
8155,30.196389465199683,-91.0139968456016,2048
8157,37.07030343167101,-94.61001758724488,2048
8158,40.36171896673447,-95.64057890005506,2048
8160,34.42374999210394,-92.14107828636932,2048
8162,44.53683869657222,-92.91609089655806,2048
8161,36.375266825561326,-82.96063966650784,2048
8164,34.30638256284614,-81.33080520594696,2048
8163,35.9967407003663,-95.9602670287191,2048
8167,33.89783695954597,-81.03217752906832,2048
8171,36.49873070977655,-77.81137386230915,2048
8165,38.86570335077288,-84.22746031429851,2048
8169,38.99160753694328,-84.2963833531359,2048
8168,36.06073831542938,-90.56380742256675,2048
8166,33.87582674254933,-81.01808370539067,2048
8170,43.10292450004778,-82.69871620000089,2048
8174,41.479270326956986,-88.25704666961404,2048
8173,40.56630808830317,-75.164718530971,2048
8176,40.84155282199419,-75.06959534926717,2048
8175,40.83589926294446,-75.0715337606938,2048
8181,40.90444621505227,-75.19134329430304,2048
8179,40.47027442366713,-74.35821367502615,2048
8172,38.17273238949171,-82.6193338760453,2048
8180,40.47051367311958,-74.35841113177842,2048
8177,40.84152033412637,-75.0686446858944,2048
8178,40.84423795923543,-75.06838928864852,2048
8182,40.43527809981512,-74.30403571507686,2048
8183,40.45617619708291,-74.3002788194234,2048
8186,40.46416022650614,-89.98463187497316,2048
8184,29.98472924036847,-90.44291438832124,2048
8192,38.937045629373735,-82.12042349547893,2048
8185,29.989448438756103,-90.45124271342335,2048
8189,36.156699833699925,-86.6188012027966,2048
8190,31.327221474648955,-86.43602565962615,2048
8188,41.09560045408334,-92.5545265457248,2048
8187,35.219299410226945,-83.01663829326677,2048
8193,35.97829722025891,-84.2772193130102,2048
8194,36.54216117862212,-82.29668113515255,2048
8195,36.49989526104333,-82.2347398848224,2048
8196,36.496569816918566,-82.26119592746649,2048
8191,31.41972350005616,-86.87939704997727,2048
8199,35.38507431314418,-80.88428699460259,2048
8198,35.13151389811385,-83.06537441878162,2048
8197,40.39771737770621,-74.34150777270392,2048
8201,37.09173143885294,-89.17433385450613,2048
8200,35.33453551740664,-80.98570809952221,2048
8202,37.18913446821279,-89.08718429476431,2048
8203,45.206986482098415,-97.02825043260472,2048
8205,45.398783424736,-97.8994606417565,2048
8204,45.28150812567435,-96.50693878688406,2048
8207,45.20669744280721,-97.03169361895368,2048
8206,46.0085237652942,-98.57034805502134,2048
8208,44.86431081789473,-96.5379553123846,2048
8210,45.28222492219258,-96.50353004511668,2048
8209,44.86456796246798,-96.53965373515992,2048
8211,44.5810878316362,-96.57489465899155,2048
8215,48.502270788411785,-103.1369642496748,2048
8212,45.04363800380117,-96.92125762505998,2048
8216,47.27702872123392,-101.33151257233366,2048
8214,48.3996537510743,-102.8480301604324,2048
8213,44.99292833129215,-96.9290558313574,2048
8217,47.27746051737328,-101.33075068702288,2048
8218,47.28239750946107,-101.31534219201758,2048
8220,47.350507817609234,-101.50556330494204,2048
8221,47.346399649994815,-101.82225800001014,2048
8219,45.51738943469493,-98.30077577679803,2048
8224,43.80421090200823,-92.77560182462892,2048
8223,43.74238440088528,-92.6685368999998,2048
8222,47.347217222767256,-101.82324002609516,2048
8225,31.142307532197275,-93.57248577209576,2048
8226,27.211580850543623,-80.74929475066556,2048
8228,46.20753042922305,-91.76419293966968,2048
8231,46.393977369085576,-91.86382455595012,2048
8227,46.206985533634125,-91.76687687083026,2048
8229,46.23691599932448,-91.78694940557553,2048
8230,46.39348980003758,-91.8635522499988,2048
8232,41.57679794154328,-93.41274381670092,2048
8233,47.23034491625408,-93.30361236526096,2048
8235,41.90347121576083,-91.81190930483132,2048
8234,47.77859321984981,-103.28945486964592,2048
8236,43.347124280611816,-95.24183935139108,2048
8237,43.34713585523261,-95.24036444924882,2048
8240,36.55164751347176,-100.58511258139896,2048
8238,40.74426014906663,-74.0742882176791,2048
8239,36.50864420003656,-100.57466796159888,2048
8242,41.89253176305526,-86.20141539611461,2048
8248,29.88682787944508,-81.70248196292951,2048
8246,39.60859609553941,-75.84325037377103,2048
8245,39.60732621944605,-75.84515422558833,2048
8244,32.61386121728813,-84.82127029302956,2048
8243,32.61345796144596,-84.82134791845898,2048
8251,44.487546808913976,-95.73645127894956,2048
8247,29.88643027983081,-81.70242620887566,2048
8252,44.531227916797526,-96.1620322763757,2048
8249,38.56666000323664,-97.18694609046683,2048
8241,41.86360256400408,-86.21958197977314,2048
8250,41.13562355006975,-92.66020065000724,2048
8254,44.5326566965522,-96.36104645034804,2048
8255,44.77347720156806,-95.6017169250128,2048
8253,46.69541414465226,-92.0587074518301,2048
8262,47.31552335069518,-93.35157959984237,2048
8257,42.60196169940664,-98.5022592459213,2048
8256,44.072874156695306,-92.52260257807124,2048
8263,42.79525837789655,-93.29972732207692,2048
8261,41.93051766060594,-98.04573048917229,2048
8260,41.62170114933216,-93.9188357272566,2048
8258,42.62651783402532,-98.4209159518902,2048
8259,42.61940314004704,-98.3142928530154,2048
8264,42.85486595001134,-93.2820643999994,2048
8265,42.85553359401174,-93.28279600582329,2048
8274,41.66792291149329,-83.44192504402496,2048
8269,42.56375790970033,-93.0552737873958,2048
8271,42.706067907283256,-87.86823960438423,2048
8267,43.2061647035767,-95.3494304545182,2048
8266,42.77562309152123,-93.41852603259004,2048
8268,42.85817333861979,-95.8465457360165,2048
8275,41.66873090348261,-83.44229415158168,2048
8270,42.67860575803955,-87.91178585082027,2048
8272,46.833250436796895,-96.1752455803699,2048
8276,40.99248152970438,-80.4382137525431,2048
8273,40.03612252780634,-85.92778707142817,2048
8277,40.18902882586978,-76.94788506914156,2048
8283,34.65756070195977,-86.96044229995898,2048
8279,40.19110103146253,-76.94683130629373,2048
8282,36.76113074022157,-77.71121137322385,2048
8278,40.22347127511641,-76.82253113134853,2048
8280,40.2052956968124,-76.96712331560425,2048
8281,41.19797814659046,-75.84455075353429,2048
8285,38.75527867105862,-77.51187723400459,2048
8284,38.75463959196247,-77.51279865211097,2048
8288,38.74652727319672,-77.50938293170879,2048
8286,38.75736600893018,-77.51240716452556,2048
8287,38.76684400708764,-77.52916487651844,2048
8289,38.74752026867087,-77.51021264300421,2048
8290,35.546455031514014,-81.2167923419193,2048
8291,35.59767114562799,-81.27636757782459,2048
8295,36.79554504063408,-86.55741833456173,2048
8294,36.77361783481438,-86.57706499046981,2048
8296,34.91113931657647,-85.74568022794605,2048
8292,38.75304824399128,-77.65414332852922,2048
8293,38.75320579921734,-77.6531079509709,2048
8297,41.68661241542439,-91.52518274434313,2048
8298,40.07453544522608,-82.74438838893475,2048
8299,41.41087150302077,-82.12619607633303,2048
8301,41.66721204381048,-83.44195266826645,2048
8300,40.72085178570248,-81.54070817921706,2048
8303,40.17517353983386,-77.009968935108,2048
8302,41.47095236441817,-90.66260640923927,2048
8308,40.2993752154774,-74.06594789231046,2048
8304,40.17679435003878,-76.9722659997838,2048
8307,40.33722990923177,-74.92956677554453,2048
8306,40.300231253420826,-74.78601661373735,2048
8309,40.36918547055234,-74.9295666401068,2048
8305,41.114947332928914,-76.15840317437275,2048
8310,40.28469910108896,-75.85892861220995,2048
8313,40.095874989290905,-85.9724659391212,2048
8311,41.13534371567548,-80.44808231862397,2048
8314,42.26671732174598,-83.20881044739598,2048
8320,34.27185994672472,-85.31022929032996,2048
8312,41.16376006307407,-80.74781122921297,2048
8316,39.95864760846093,-83.18113166018769,2048
8315,41.47249308005031,-75.54781764026451,2048
8323,36.27788407453644,-76.49346860734263,2048
8317,40.10192075634588,-83.19734826567223,2048
8318,40.102037824818645,-83.19608821011204,2048
8322,36.27750399399272,-76.49434308030939,2048
8321,39.96478003081422,-80.80493444813992,2048
8324,34.777347138478056,-77.28293402337407,2048
8319,37.31066857168333,-89.63488891053116,2048
8326,38.95718666592973,-77.50774413740395,2048
8325,38.95664642026007,-77.50726189641966,2048
8328,36.04259453055951,-77.75325998783694,2048
8327,38.9764839808155,-77.49038525426565,2048
8330,36.11530748137184,-77.73120883214662,2048
8329,36.05217185928112,-77.76269972829408,2048
8334,36.39890812351723,-77.66680824066682,2048
8331,36.17765597501171,-77.70111321469459,2048
8337,35.769567179607144,-87.47888025919782,2048
8332,36.19135650977549,-77.69530194388898,2048
8340,39.467163568557865,-84.35333189732013,2048
8336,36.56995868719389,-87.24912052774414,2048
8333,36.348625357611446,-77.67151478290744,2048
8335,34.995610364240044,-89.612409790971,2048
8338,39.84927615912624,-88.0150033505303,2048
8342,35.050123046515,-85.64179573847943,2048
8339,36.2994875314244,-76.24832560702596,2048
8341,39.46804130152409,-84.35354145087905,2048
8344,36.5029933503193,-77.47976139618507,2048
8349,39.90743871603028,-75.27994711861133,2048
8346,34.759434024384326,-77.38437435033264,2048
8343,36.50257758356874,-77.47906235074633,2048
8350,36.72313924183981,-77.65538502517708,2048
8347,35.8247507737913,-86.29600039588104,2048
8345,34.74182702867879,-77.32838696813143,2048
8348,39.90174846317122,-75.2961949515984,2048
8351,39.96581352069595,-80.8068768307098,2048
8353,34.78465859882855,-77.25217107910134,2048
8358,34.787959534484536,-87.62703127544418,2048
8352,34.78427691380516,-77.25271588653887,2048
8356,38.83468496597519,-77.3991564545577,2048
8354,35.77120815035609,-87.4801183002343,2048
8355,35.02205185014929,-89.8810949999026,2048
8364,35.779755513482904,-78.52593456897908,2048
8357,38.82233326837141,-77.3074101663397,2048
8361,35.37239489726579,-78.09026116618901,2048
8359,34.79061958912314,-87.62732936115654,2048
8363,36.40622895880546,-86.38488987312218,2048
8360,25.8132240219135,-80.44063028468075,2048
8362,35.37228545126209,-78.08876922773787,2048
8365,37.164372269791,-78.42502347632114,2048
8366,37.68903301585121,-77.68356099026087,2048
8372,35.56720510025331,-78.34371200043188,2048
8367,36.80956758209543,-78.60003236920647,2048
8368,33.98915918973583,-83.49843010244254,2048
8369,34.01733496081781,-83.50616719664747,2048
8370,36.37209795227932,-84.236731693457,2048
8373,36.09393973388806,-76.57664645720351,2048
8375,34.949896901713444,-78.89068016689693,2048
8371,34.7007362000598,-86.68053474999843,2048
8376,37.30937449801942,-89.63150210175112,2048
8374,36.17971170215969,-76.48367712416928,2048
8380,35.61357244856141,-78.39901845846282,2048
8377,36.76318482713082,-77.71335495045388,2048
8379,35.00252576701167,-85.70847746544138,2048
8388,36.67366684415063,-76.7698414229521,2048
8378,36.71333648742739,-86.51874555892701,2048
8382,35.20110920761552,-81.35771806572801,2048
8383,35.26941996166805,-81.25116800861497,2048
8381,35.20008069059954,-81.35990871112108,2048
8385,35.28143229638351,-81.23349404677565,2048
8387,36.67309993163821,-76.7696335113567,2048
8389,37.72270630008974,-87.85117710013715,2048
8384,35.23244629126035,-81.31390784102139,2048
8386,35.3019264088684,-81.20998134367248,2048
8391,29.00412705533978,-81.1586745756085,2048
8392,36.13411496338999,-85.56541025045563,2048
8394,36.61440325052457,-77.16699780042471,2048
8393,36.613842953049726,-77.16649958250206,2048
8396,35.850352244736484,-86.42499309102087,2048
8395,34.9817855241336,-85.02048329968433,2048
8399,38.90752901088115,-77.1880239427526,2048
8397,34.179445350373875,-83.64688309947121,2048
8390,37.71825428383596,-87.77955727509769,2048
8401,38.1479474049454,-79.06666715440909,2048
8400,38.90754070714755,-77.18800551686536,2048
8398,38.90394986619979,-77.18925245032773,2048
8404,34.15391064227935,-83.66929778014237,2048
8408,35.147890800179326,-76.80672289998846,2048
8409,30.67019675389237,-91.27440822780588,2048
8405,38.10598362579912,-78.85220528797849,2048
8403,35.80867410457384,-86.48411075995683,2048
8407,38.9934272745684,-85.9444222645903,2048
8402,38.827438472373935,-86.41729325501029,2048
8410,28.96428205415946,-82.67271087847732,2048
8411,31.60113414236964,-89.94656757939583,2048
8406,36.80180030612139,-87.3863018878642,2048
8414,33.35831899181447,-84.99216979952138,2048
8413,31.62441635019725,-89.85779865000002,2048
8412,31.62286707317177,-89.85597954707517,2048
8415,33.32568470387559,-84.53382546713439,2048
8417,33.08621460033902,-84.98391630010761,2048
8420,31.76679592481353,-87.76439885525242,2048
8418,32.06615322408135,-87.76956875813521,2048
8425,32.00188727642183,-88.95497935015364,2048
8422,32.224880372874686,-87.78319727022571,2048
8421,31.78053276198951,-87.76443642229665,2048
8419,32.06702455913838,-87.77076162657652,2048
8423,31.695631771697798,-89.51028423820047,2048
8416,33.35132000961509,-84.90581973643835,2048
8424,30.27027005013889,-91.1544004501418,2048
8429,30.547691671410355,-89.66786046268724,2048
8426,32.10712459096251,-89.05656012472507,2048
8428,30.339789309567344,-89.42743837503457,2048
8427,30.3104965384671,-89.59088359293618,2048
8433,30.26495073714721,-89.73457462483286,2048
8430,30.54821999676811,-89.66772877031221,2048
8432,30.248924100089724,-89.76583174994232,2048
8431,30.46354475468855,-89.43655345047533,2048
8436,30.781242421776284,-89.90529744188466,2048
8437,30.56894511410292,-90.06045591853852,2048
8434,30.533916418976595,-89.88947918705401,2048
8435,30.534681049994223,-89.88950709999544,2048
8441,30.492038996573857,-90.11430018984775,2048
8438,30.427260639495863,-90.19213110158712,2048
8439,30.427928979402825,-90.19360408770618,2048
8443,30.396363650069425,-89.98970034996762,2048
8440,30.469360599993024,-90.1839176999855,2048
8445,30.51276019999341,-90.11602199998534,2048
8444,30.41353836184149,-90.04709309843048,2048
8442,30.314685129646143,-89.78101715774358,2048
8446,30.43205962480346,-90.123891354807,2048
8449,30.584358167536266,-91.16961316511534,2048
8448,35.21083722930744,-77.71106485665224,2048
8447,30.437689456599298,-90.46430207516563,2048
8451,31.429807414982857,-89.77824804370589,2048
8450,28.249167208836763,-81.55266229522033,2048
8452,31.621598533089603,-89.75578640011757,2048
8453,32.95210235691673,-87.5548790684885,2048
8454,32.36512314287825,-90.40067411258974,2048
8455,30.534454216553485,-87.36773865421073,2048
8457,33.64646617300909,-88.60378789668117,2048
8456,27.68662248301434,-82.41787261403411,2048
8458,26.268905775457007,-80.16460340869517,2048
8459,26.074022202643768,-80.19719692462965,2048
8462,33.828472880724426,-84.46784626074863,2048
8463,30.871863935416755,-83.81440480429357,2048
8464,27.96762665573124,-80.67555318308985,2048
8460,32.58998987586629,-84.503167715865,2048
8461,33.828448056712226,-84.46935307455172,2048
8467,30.749222768705877,-84.67834980535044,2048
8468,30.751329288306152,-84.53379171574875,2048
8470,30.86193125375213,-83.6484036077751,2048
8466,33.680898172159246,-84.55094894016833,2048
8465,30.390742133120565,-84.37728595538634,2048
8469,30.85960613729561,-83.63890200118794,2048
8471,27.45685407382602,-82.08679826468929,2048
8472,33.28603996543008,-85.89773209756017,2048
8474,30.5065763732134,-90.32086414861192,2048
8473,33.22794629875632,-86.40647485005995,2048
8476,26.75390387930541,-80.31361095058337,2048
8475,34.126343822750925,-89.65742927602648,2048
8478,26.754952787787367,-80.34461621967466,2048
8477,33.195438309061146,-87.26172426445572,2048
8482,42.67754524151229,-95.99838419860052,2048
8480,42.12325511895868,-83.18801469536265,2048
8481,36.52676755658432,-87.29644772073188,2048
8487,42.85347151352004,-120.98746791449008,2048
8486,42.07968554621389,-121.38988555156236,2048
8483,34.85932640769259,-82.00112289273939,2048
8485,42.00608755132681,-121.31655825730674,2048
8479,42.12256694479996,-83.18506580048215,2048
8488,42.17397832098865,-121.81353764024423,2048
8484,31.260195872971465,-90.42784839142638,2048
8489,43.013969177543295,-120.95589810674392,2048
8490,43.24350329819626,-120.92048191538396,2048
8499,43.21815076184341,-123.22503609539574,2048
8493,43.72042568021756,-120.85518814133104,2048
8492,43.72039555644487,-120.85263823797838,2048
8491,43.66760550438485,-119.04783030569033,2048
8494,44.18914369183904,-120.92247522506274,2048
8497,44.601592862829,-121.26827037776089,2048
8495,44.22607929955607,-120.93289987155624,2048
8498,42.36392154804305,-122.75432657749558,2048
8496,44.481918629099134,-121.02040262022162,2048
8502,44.0508638376873,-123.2317931964032,2048
8500,43.996995674119546,-123.0162283111168,2048
8501,44.799648917776416,-122.69854545525652,2048
8509,45.67372934785146,-120.2162884587936,2048
8505,45.54979248495592,-122.8952950762858,2048
8504,45.32911261538708,-122.777291606602,2048
8503,44.77252707714441,-122.67368054513912,2048
8510,45.67478755286667,-120.21441975592369,2048
8506,46.10791504705243,-123.03428992876005,2048
8513,45.70253044323994,-120.15335164628388,2048
8508,45.23090367038286,-120.90042775670494,2048
8507,45.67789607307329,-120.73787833700256,2048
8511,45.67512459782171,-120.213706628982,2048
8512,45.675368985783166,-120.21283649080225,2048
8516,45.55886154294065,-122.40383877992284,2048
8515,45.36088056908399,-122.40750887893688,2048
8517,45.43005855045106,-122.27544708008014,2048
8514,45.16147999054614,-120.90224472755304,2048
8518,45.63537241456404,-121.94543937556692,2048
8519,45.529168983594886,-121.56474655225752,2048
8523,45.84712598121738,-119.67362974488938,2048
8524,45.84899917401359,-119.60655270545428,2048
8521,45.924002892902365,-119.31345134201602,2048
8522,45.83599734870032,-119.68796547479816,2048
8520,45.60366331922785,-121.10788219747484,2048
8525,45.69465723875543,-119.8294786913907,2048
8527,45.80623735838337,-119.26470461484728,2048
8530,47.45605159089401,-115.5894503471319,2048
8526,45.7935689009358,-119.31166455105794,2048
8528,46.46906864472829,-116.91038018089424,2048
8532,47.41834490575261,-115.60124668729534,2048
8531,47.78538960212915,-116.91957481740688,2048
8529,46.52841106881893,-116.36733900850476,2048
8535,46.05137886283958,-108.8521140247569,2048
8533,47.575913174846,-114.6287279605101,2048
8537,43.35022165471744,-116.66279958813126,2048
8536,45.89107425379445,-106.61357350672664,2048
8534,46.515692210976006,-112.88810910235102,2048
8539,43.1750551073971,-115.62483107025996,2048
8538,42.84207258623327,-114.90187224659434,2048
8545,42.42461925052161,-112.1554124667988,2048
8542,42.75018347818392,-112.93031812976366,2048
8540,42.89269038590472,-112.55873666604175,2048
8544,42.63273987738655,-114.23251826077902,2048
8543,42.70553811350231,-113.66870708603186,2048
8541,42.83530934106871,-114.42318424339288,2048
8546,42.72040637122806,-112.75391833696656,2048
8547,42.710433307563015,-111.59628125984705,2048
8548,42.712905475172334,-111.59821083358804,2048
8550,41.33988698954986,-112.0474840867521,2048
8549,41.73429526650872,-108.79013133352424,2048
8551,41.63702755206759,-112.06977479313842,2048
8557,41.1411210119811,-112.05763661644195,2048
8552,40.75771504867172,-112.006672085586,2048
8554,40.91894284058201,-111.90367318621112,2048
8553,40.7835122163615,-112.00515273320036,2048
8555,41.07290844458219,-112.02462982501557,2048
8558,41.19013920550822,-112.05726099980474,2048
8560,40.56460673221549,-112.02748792190712,2048
8563,40.66683446589299,-112.0296448747647,2048
8556,41.09498288927827,-112.04339986371478,2048
8561,40.56742418071549,-112.02888569817463,2048
8565,40.70719746075551,-111.9288952894038,2048
8559,41.30439380434132,-112.0554396980387,2048
8562,40.60901230626586,-112.0295031209237,2048
8564,40.71641970069436,-112.028882779119,2048
8566,40.70720312971228,-111.9339790310482,2048
8568,40.73077517050976,-111.96202720342464,2048
8572,40.61489553054869,-111.92140349635552,2048
8567,40.70610787670094,-111.95082273206042,2048
8569,40.73122104334748,-111.96213797384068,2048
8570,40.75445235152674,-112.00160540980282,2048
8571,40.58953120826256,-111.91618712439154,2048
8574,40.46766978374358,-111.94853558373777,2048
8573,40.62220345925768,-111.92287077588396,2048
8576,40.5214600097149,-111.9980221439423,2048
8575,40.50104507519176,-111.9757186772388,2048
8579,39.82394658478381,-111.90405039036216,2048
8577,40.53942607216664,-111.89659986813504,2048
8578,40.55602254274916,-111.90077565611816,2048
8581,40.369838375251376,-111.96505680887591,2048
8585,39.501297506398274,-112.58090834008604,2048
8580,40.31670848006654,-111.99400247271448,2048
8587,39.50349305442741,-112.58091248424148,2048
8584,38.844515457272685,-111.992972645732,2048
8582,39.825804267193945,-111.90394961607258,2048
8586,39.50370848543484,-112.57875881040292,2048
8589,40.09187001077553,-111.58636283705016,2048
8592,40.23776557007366,-111.68778607286886,2048
8590,40.14513028869987,-111.63316685041887,2048
8588,39.821726699222346,-111.89604155003067,2048
8591,40.2137283786173,-111.66445061048395,2048
8583,39.789003121355385,-111.89499559173464,2048
8594,40.33107779347765,-111.76090921956452,2048
8597,40.415505212925126,-111.91118071169846,2048
8593,40.24187267575917,-111.69435758637802,2048
8595,40.34966640913726,-111.78922335086288,2048
8596,40.368775090633854,-111.84366514676996,2048
8601,40.33217984309292,-111.75696506078997,2048
8599,40.42467356878406,-111.9138228160022,2048
8602,39.38324364377284,-111.0857394055986,2048
8600,40.3310908249563,-111.75688310949292,2048
8603,40.08609864868773,-109.2903076092802,2048
8605,40.19790692604524,-110.56765955014826,2048
8598,40.42400642537304,-111.91319703587446,2048
8604,40.27083492453973,-109.85585150968092,2048
8607,38.56227526268864,-112.938271205634,2048
8608,39.498019001121264,-112.58043233804796,2048
8606,39.17738829191671,-111.02944302717688,2048
8609,39.4994583550456,-112.58094198445843,2048
8613,38.16008149652463,-109.3079704137129,2048
8610,37.80057410331456,-113.15896473502283,2048
8614,38.57268711680111,-109.5705621995389,2048
8611,37.86849352234397,-109.31596548314212,2048
8612,38.14612424705789,-109.31045552822025,2048
8616,37.413818638399576,-113.64622458564868,2048
8615,37.79628205001979,-113.2879370999992,2048
8620,36.68899071655631,-108.48398716857496,2048
8619,36.68758477967508,-108.48982236666556,2048
8617,40.48029173538052,-107.59358651375204,2048
8618,36.68654756158527,-108.48447996271716,2048
8624,39.87774423091609,-108.2105713600218,2048
8622,40.00849948412304,-107.98031651534606,2048
8621,40.47228171942421,-107.59177212638429,2048
8628,39.52183362825703,-107.7437021265181,2048
8623,39.86449575003652,-108.18592619999606,2048
8629,39.04698154933735,-108.4147102112786,2048
8631,37.18440877988425,-108.01559229846998,2048
8626,39.52021990227969,-107.74173990001351,2048
8625,39.94997374266219,-108.33096419809996,2048
8627,39.5214764685612,-107.74126462967683,2048
8630,38.43847237406703,-107.95254234245928,2048
8633,36.91177007954224,-108.07860621703374,2048
8639,40.74297676802693,-104.22710795052974,2048
8638,40.254527690733134,-103.58735703098336,2048
8634,37.01138320009694,-108.03708234999992,2048
8641,41.146627627157486,-104.64436784550765,2048
8632,36.81686247709468,-108.4421365451573,2048
8643,39.49716220154323,-105.07142595070384,2048
8635,40.607519617654376,-104.81320148171125,2048
8636,40.81219948720842,-106.29079666409088,2048
8637,42.10733662736405,-104.88731801110026,2048
8642,39.49424079020866,-104.90503364037264,2048
8640,40.74297676895924,-104.22710794660672,2048
8644,38.21122678537871,-104.5760307000633,2048
8651,38.93662542259718,-104.62998036032349,2048
8646,38.73810633295667,-104.621518329936,2048
8647,38.79591624194991,-104.62823554180596,2048
8649,39.012449057123646,-104.62809547498604,2048
8650,39.449935027356,-104.86940162982968,2048
8654,42.09892224280256,-104.82906051662184,2048
8652,38.56090981341645,-104.68972363697084,2048
8648,38.9086808349331,-104.62573377024674,2048
8653,38.58177277036229,-104.66421786448116,2048
8645,38.21354527689418,-104.57790392744784,2048
8655,39.63074145400834,-104.71492494486355,2048
8663,41.51283983950898,-120.63469494985708,2048
8660,39.35948551935292,-103.59487053129207,2048
8657,39.68599755645075,-104.02097542248218,2048
8656,39.63300422968027,-104.7040071253686,2048
8665,42.58619509194181,-121.841621091529,2048
8658,40.21656608868803,-103.67942146413692,2048
8659,39.37522517564154,-103.6564086892089,2048
8662,41.500272422225294,-120.5350026524888,2048
8661,41.50022327048045,-120.5333231306954,2048
8664,42.19859558098408,-121.783880603829,2048
8666,42.09376848669415,-122.07160833246924,2048
8673,42.91612149125549,-123.26465058303992,2048
8667,41.97685242892548,-122.36140510598052,2048
8672,42.7471115005316,-123.41005799997605,2048
8676,43.17769849380822,-123.5648284679042,2048
8671,42.44707411330594,-123.27814396473909,2048
8668,42.30151078444949,-122.77282529076946,2048
8675,43.20616607706655,-123.2382045115878,2048
8669,42.34183106664327,-122.7842213034276,2048
8677,43.21304485389215,-124.07564503300222,2048
8674,42.93117761387887,-123.4102851139636,2048
8670,42.34633560504584,-122.82299939341942,2048
8679,43.10602642685084,-124.35231854537476,2048
8678,43.05783188352927,-124.40043857570596,2048
8683,43.99336903606838,-123.06383738652092,2048
8680,43.41586547732417,-123.35943794606398,2048
8686,44.033403423845954,-123.5907381752662,2048
8685,44.01924286528193,-123.40619961715451,2048
8681,43.25554258091029,-124.1603141239531,2048
8687,44.02247987922429,-123.86300526205046,2048
8684,44.0290255037872,-123.35220532305348,2048
8682,43.34141805995744,-124.19094096404493,2048
8690,43.74300574721707,-124.08292676448916,2048
8688,44.00746722780162,-124.0107730850984,2048
8689,43.74181920827355,-124.08315775305758,2048
8692,44.62103015810904,-123.92492869992071,2048
8691,44.621225902171695,-123.92314427729212,2048
8693,44.59076259909309,-123.42857176379194,2048
8694,43.66109126355799,-121.45425859404438,2048
8700,44.03128037239739,-122.93295672276172,2048
8695,44.00824129558056,-121.24918112601078,2048
8697,44.27013299581843,-121.21058339682662,2048
8696,44.05719125252779,-121.2334258908388,2048
8699,45.19386993187326,-121.03562816351356,2048
8702,44.1702092793624,-122.87766796435442,2048
8701,44.06351717195703,-122.92909990165624,2048
8703,44.504582516011766,-122.86586458833813,2048
8698,44.31980016991636,-121.2197420983481,2048
8706,44.58956098384043,-123.03675356088183,2048
8705,44.38820363201384,-123.00971965467656,2048
8707,44.24771150347793,-123.04789685225614,2048
8704,44.621251092063794,-123.12714994358213,2048
8708,44.095713438107744,-123.04371678117546,2048
8710,44.93027896737679,-122.94942403667412,2048
8709,44.76972339111267,-122.94688831100991,2048
8713,45.01460695683872,-122.99890422327756,2048
8712,44.77097069844636,-122.66037939991324,2048
8711,44.724823152823966,-122.25379498988774,2048
8715,44.95875267394821,-123.09206321742386,2048
8714,44.93153241284223,-123.0888542107403,2048
8716,45.01300332721924,-123.00108255203706,2048
8718,45.60639155490392,-121.11577237461148,2048
8719,45.371730299457376,-122.83629328792487,2048
8722,45.45792357882368,-123.82931972310706,2048
8723,45.4380103594587,-122.8309123958372,2048
8717,45.33019929372834,-122.50638227463553,2048
8720,45.33856787060739,-122.55898792432396,2048
8721,45.28080131507728,-123.15279206415931,2048
8724,45.33271805882869,-122.77903898959178,2048
8725,45.22985588328572,-123.1631188979116,2048
8728,45.50274743267309,-122.83655616523676,2048
8727,45.67465117751704,-120.2156170627009,2048
8726,44.725576766284135,-122.18801891219825,2048
8731,45.53213524776974,-122.8469088888238,2048
8730,45.507436251569054,-122.84403377087187,2048
8732,45.552744622883374,-122.91709843569517,2048
8735,45.402725369491904,-122.52689438262053,2048
8729,45.50543476563232,-122.84190580288136,2048
8733,45.61432472298069,-122.76767097223318,2048
8734,45.61384303343255,-122.76484274682716,2048
8736,45.49023380898434,-122.46175047321093,2048
8739,46.03966531112624,-122.88914123017165,2048
8737,45.55448408537234,-122.4298622796942,2048
8738,45.55947193262169,-122.4087514768697,2048
8740,46.09504454976526,-123.07371699997638,2048
8741,46.14890665252724,-123.41448952758786,2048
8743,46.16006670514889,-123.62331262380312,2048
8744,46.16061536800138,-123.62316233481108,2048
8745,46.142333340471424,-123.8406732969259,2048
8746,46.1747639028007,-123.16651741023551,2048
8747,46.1756428361388,-123.16746184184542,2048
8750,46.17347626511987,-123.17304571656813,2048
8742,46.15468072511451,-123.41092926440906,2048
8748,46.17591467916606,-123.16885391885344,2048
8751,45.6346945286294,-121.20345978879456,2048
8752,45.63557141088432,-121.2040751728476,2048
8753,45.63702405392781,-121.20288080767932,2048
8749,46.17820146905653,-123.17339857549504,2048
8754,45.63697180214718,-121.2046725734692,2048
8756,45.67579504905963,-120.73576127000412,2048
8755,45.59569538120481,-121.1133495238768,2048
8761,34.48663709019926,-118.51396632599132,2048
8762,37.34202884388549,-118.44098305190388,2048
8758,43.74184241917788,-123.11341386488247,2048
8759,44.605757692105016,-123.61005837091562,2048
8757,45.648801992030926,-120.61162858660818,2048
8760,35.23664082616089,-118.05481068684512,2048
8765,45.58469845600186,-120.6018056614241,2048
8763,40.348150001606186,-119.34052605469849,2048
8764,45.58423798243046,-120.60324742068744,2048
8766,45.59113541903419,-120.61288185405245,2048
8767,45.763694234749046,-119.99866968474872,2048
8771,45.92430213752739,-119.32345464138018,2048
8769,45.84524248732376,-119.64778187467,2048
8770,45.84846328473434,-119.62039283411232,2048
8768,45.836488093442725,-119.68630169046264,2048
8772,45.63803174809834,-118.74685047878027,2048
8773,45.31044042339859,-118.07144661638142,2048
8774,45.31229592876673,-118.07174297397732,2048
8776,47.95944907529452,-115.7381393869501,2048
8778,48.39475488605069,-115.30707906767236,2048
8781,48.24560920363733,-114.3093491657698,2048
8775,45.92014197370183,-119.1115688121531,2048
8779,48.1109396212391,-114.64298852700956,2048
8777,47.96557699990701,-116.44592869993122,2048
8780,48.24517281182214,-114.3125000401039,2048
8782,48.385536967893295,-114.23401736075029,2048
8783,48.36269859487637,-114.14255073072536,2048
8786,48.102087293905655,-114.25239190864647,2048
8784,48.39085127696518,-114.13379320004488,2048
8785,48.34227633785769,-114.01961766935534,2048
8787,48.02979975500528,-114.2514410949886,2048
8788,47.83351350518854,-114.35368727120238,2048
8792,43.78294667201289,-113.3362592989545,2048
8789,47.30961250220948,-114.30052524008217,2048
8790,46.91107496856264,-113.96821461718446,2048
8791,44.295135219899606,-114.02849601300612,2048
8793,44.44492963741824,-114.1330589506601,2048
8795,43.52329127555089,-111.80415806318072,2048
8794,43.30819689043868,-112.1216199006306,2048
8796,43.62703480001079,-111.7708598000216,2048
8802,40.48058060734911,-107.18562356292688,2048
8798,43.99071677223117,-111.33937317750288,2048
8797,43.64152132785711,-111.76025117056932,2048
8800,40.37026606737376,-107.04231727190816,2048
8801,40.48794387210672,-106.85125614344985,2048
8803,41.14526000913189,-104.64904465032052,2048
8806,46.26785997492087,-106.1966720606885,2048
8804,48.01214929270034,-106.4125399820494,2048
8799,43.45558385986583,-111.36870813495472,2048
8805,48.08996040788525,-105.71306642557668,2048
8807,46.25979135014131,-106.4864656440739,2048
8812,48.36135028425959,-107.827986145644,2048
8808,46.4082261081326,-105.79369845558548,2048
8810,48.013412594064896,-106.41205757178103,2048
8809,47.10624683566285,-104.7696061572833,2048
8811,48.22612225068607,-106.79818989999298,2048
8817,48.508798959085,-109.80094673822376,2048
8814,48.52841531828759,-108.79191906345568,2048
8813,48.52484615233544,-108.7810471990722,2048
8815,48.50821942644559,-109.80249070921694,2048
8818,46.412574663432,-105.79178200899936,2048
8820,46.38399501122716,-104.26632814533131,2048
8821,46.1239871837895,-107.50476704568682,2048
8822,45.76290628327717,-107.68749840819146,2048
8827,45.77399842933736,-108.48006158144808,2048
8824,45.767089674886165,-107.5992172090143,2048
8825,45.767389736305454,-107.60097989850478,2048
8819,46.85505755986879,-103.524217095195,2048
8816,48.50854017496567,-109.80169574430676,2048
8823,45.30871761673081,-107.9525774080686,2048
8826,45.782756967395336,-108.1751687209008,2048
8829,45.32147770030118,-107.9452711075623,2048
8828,45.321023328303525,-107.9468524645309,2048
8830,45.79272540012868,-108.48960640018686,2048
8831,45.82677488416167,-108.51674126677514,2048
8832,45.828058199973285,-108.52046279985731,2048
8833,45.85761273621843,-108.59096775704346,2048
8836,46.67330621768357,-109.80279194879482,2048
8834,46.27947205004696,-109.38205909999998,2048
8837,46.09959773370368,-112.87550468282257,2048
8835,46.57293503184972,-109.75275405214197,2048
8838,46.10451638999328,-112.87633199159347,2048
8840,44.988404774201534,-112.9773376916163,2048
8839,44.08999802784869,-112.61440978259618,2048
8841,46.93181627463726,-113.09916005165816,2048
8844,47.54297108021612,-111.22040336012684,2048
8843,47.542319101857245,-111.22203711996468,2048
8845,45.93552452504815,-111.51309472117975,2048
8842,46.97789313342744,-112.55232082359764,2048
8849,45.95495281635976,-110.66586736624818,2048
8850,45.85809061332226,-109.49640128225896,2048
8846,45.88190157734583,-112.0110099422828,2048
8848,45.93057295936488,-112.51902413118658,2048
8847,45.920110196414406,-112.4580908801893,2048
8851,45.87125948423641,-109.93861585088838,2048
8853,45.85610620102144,-108.59201019216516,2048
8855,47.13527939498882,-113.59719157593716,2048
8854,47.13471211297502,-113.59718855890966,2048
8856,48.08730867754377,-116.05732560872411,2048
8857,47.80400212920872,-116.87068728923364,2048
8858,41.53521055837699,-111.10948474337935,2048
8852,45.84897576898593,-108.71574655902442,2048
8860,42.1104445545925,-104.88836290205242,2048
8861,47.53734368028138,-111.19520636506552,2048
8859,41.75847559338588,-110.60046126053088,2048
8862,47.540088870079394,-111.2040115824595,2048
8864,44.97189497144866,-106.861135484416,2048
8863,44.827859712411815,-106.94182708110682,2048
8866,44.3919315444662,-105.46478000848056,2048
8867,44.30730000590444,-105.2041157751224,2048
8865,45.11055834016404,-106.87069017849387,2048
8868,44.30808846543811,-105.20527526762658,2048
8869,44.31989736995456,-105.89658696279788,2048
8870,44.35461109651988,-106.6532204305228,2048
8874,43.018294195671565,-108.4111612015366,2048
8871,44.86577339263119,-106.9691151927206,2048
8872,44.2910165746306,-105.3854308601455,2048
8873,44.167720178437605,-105.89139043278904,2048
8877,43.91633397139504,-108.48612654793004,2048
8875,43.25847530003564,-108.45969134999964,2048
8880,44.40934318223449,-108.9190614095221,2048
8876,43.65003701578373,-108.22938539835518,2048
8879,44.40947097830537,-108.91735072178436,2048
8878,43.31076740069584,-107.61994935165905,2048
8881,44.79692399209784,-108.58419987955963,2048
8882,44.792139344353686,-108.3380855750448,2048
8883,44.4024008823154,-109.00535909606717,2048
8884,44.95783023312666,-108.67319394818054,2048
8886,47.71372425985764,-111.96520558690176,2048
8885,45.15792767957828,-108.67307303474024,2048
8887,48.12948156481808,-111.9386618263295,2048
8888,47.71309453693159,-111.95090580828716,2048
8895,41.55007329407644,-109.75286486395338,2048
8893,40.9128043631214,-109.42557217500838,2048
8891,41.630718851743374,-109.24311286162956,2048
8889,48.46635492369764,-111.86233296516994,2048
8890,41.53682466463503,-109.27280035901742,2048
8892,41.0643825937921,-109.34709826345356,2048
8894,41.53385444381593,-109.49057589519909,2048
8898,41.87727691209339,-110.045573575568,2048
8897,41.69461013969112,-110.03303311161156,2048
8902,41.64839196170993,-109.49987389450784,2048
8899,41.68401103131572,-109.90402786963809,2048
8896,41.5905509724133,-109.52042444260552,2048
8900,41.66706482816003,-109.71334033429709,2048
8901,41.666732697945264,-109.70436300253716,2048
8904,42.10890957441066,-111.2631437507441,2048
8906,41.62956997429632,-108.7606751254778,2048
8903,41.82367013010592,-110.32883960046438,2048
8905,42.22262088539904,-111.84991860263538,2048
8907,42.248970806019166,-110.22424331478972,2048
8908,42.524990261020136,-108.76240108448488,2048
8909,42.85373589696872,-108.68853740655202,2048
8912,42.857379225708776,-106.4102775215429,2048
8910,42.87223811158305,-106.35975991121462,2048
8911,42.624312796339765,-106.91850526252712,2048
8914,43.25568532540817,-107.41179516523177,2048
8913,43.12541722706766,-107.22601553662832,2048
8915,42.20489311297258,-107.93066052627118,2048
8918,41.616692302194494,-108.40584679353834,2048
8916,42.20602036302061,-107.87525632487886,2048
8919,41.65005256518559,-107.824641150056,2048
8917,41.61606415053625,-108.52425864031626,2048
8920,41.665935784868346,-107.74066846803484,2048
8926,41.857222631161086,-106.55187285848032,2048
8921,41.78979175016461,-107.11306439999233,2048
8922,41.79092399061493,-107.111258221438,2048
8923,41.79301886720581,-107.11125082744492,2048
8925,42.22890073277252,-107.51076892865778,2048
8924,42.21494608033111,-107.47281591099096,2048
8928,41.96005122368608,-106.3945950598981,2048
8931,42.17993134364284,-106.22986655135226,2048
8932,42.34888496142014,-106.2298593003716,2048
8927,41.85135385960776,-106.54233620818296,2048
8933,42.83717144117518,-105.77859884108048,2048
8929,41.961169900181055,-106.39489835145586,2048
8934,42.861631480358845,-105.779443143231,2048
8930,41.652691631275474,-106.19077097008004,2048
8936,42.92988592177191,-106.36801332582714,2048
8939,43.39109800454344,-106.32254185148514,2048
8935,42.88224272689573,-105.94922381846418,2048
8938,43.39040265099485,-106.32256364982145,2048
8943,43.70358337491017,-106.55858573236472,2048
8937,43.389775627869625,-106.32265016719072,2048
8942,42.020715728905856,-104.0834209253483,2048
8941,42.65693156421728,-105.4201723653978,2048
8944,43.450030677174624,-106.33187261455492,2048
8940,42.84456293807688,-106.3797004648906,2048
8945,43.06969121733725,-105.61577941061074,2048
8946,43.46221500021389,-105.33001030037104,2048
8951,44.19267065856695,-105.43560732711222,2048
8947,43.56238139977203,-105.3655470250652,2048
8948,43.847831267153296,-105.40429464549466,2048
8950,43.77252720819574,-105.7799344756732,2048
8953,43.987654453741634,-104.41566213015768,2048
8952,43.97185659089166,-104.4110979803887,2048
8949,44.285788727151406,-105.37177687903804,2048
8954,40.471371155538336,-107.58033590858648,2048
8956,40.11128566510433,-106.43688954923051,2048
8957,39.69501140028368,-106.68836197159835,2048
8959,39.60897837124787,-105.99168700428162,2048
8958,39.791966879998256,-106.13743243251515,2048
8960,39.48509952041118,-106.03348965060276,2048
8955,40.0065392598608,-107.98046198645028,2048
8961,39.26788647406436,-106.04749013304992,2048
8962,39.188716957354295,-106.32554278645908,2048
8964,39.3712716207861,-107.05063082178836,2048
8965,39.48569103294604,-107.1918016255787,2048
8963,39.236777534737136,-106.27331623001028,2048
8968,39.63541939124566,-106.90591605550853,2048
8967,39.63504927477432,-106.90435181193992,2048
8966,39.65361253403816,-105.70810522269824,2048
8969,39.5207431894082,-107.67979249140504,2048
8971,38.42948142257396,-107.53537166806882,2048
8970,38.809528866759045,-107.61138088200512,2048
8974,39.17271380280223,-108.77019262130344,2048
8972,39.14836474233771,-108.31764485414844,2048
8973,39.46618799385527,-108.04385902905535,2048
8975,40.26261352180968,-102.73810909849162,2048
8979,39.49069127137128,-108.11370597968636,2048
8976,40.263109277827226,-102.7725711476386,2048
8980,39.47390771653227,-108.09402965631575,2048
8977,40.086159138895,-102.2594839375603,2048
8982,39.0626316152269,-108.56363052567492,2048
8981,39.11722674530426,-108.65379983437018,2048
8978,39.49056200450087,-108.11447120089709,2048
8983,39.09851279859954,-108.5808570053099,2048
8986,37.4305208760498,-108.46650319290995,2048
8984,39.08185394113563,-108.44022200872448,2048
8990,38.50447837787202,-105.31960107593086,2048
8985,36.79714866850443,-108.47733217881158,2048
8989,38.509425779186266,-106.0918151040102,2048
8994,37.6184438175154,-104.80009334615468,2048
8988,38.44247684703532,-106.11415323502196,2048
8991,39.07718241930274,-105.86527024632528,2048
8987,37.69211183674554,-105.99405602227182,2048
8992,38.2557985966877,-104.22403905651996,2048
8993,38.55773149094581,-104.68731678848005,2048
8995,38.206703465228216,-102.52881871641142,2048
8996,37.70437950043053,-102.6097255500023,2048
8999,38.207003698196544,-102.52497820004058,2048
9000,37.67341439794795,-102.82266520404596,2048
8998,37.77537989025794,-102.54661805385544,2048
9004,39.07289093741827,-105.4189770079348,2048
9005,39.73415677625809,-105.2028798330725,2048
9003,37.44405045000361,-104.46549379999706,2048
9001,39.20376812409656,-103.70207166034272,2048
8997,37.70512170005491,-102.60993845001684,2048
9006,39.74263066563034,-105.4795753410805,2048
9007,40.1004236314205,-104.77286589651024,2048
9009,39.51047854609797,-104.76032810874,2048
9002,36.32259687782006,-104.0424724988613,2048
9008,40.14416993071602,-104.74508247385312,2048
9012,39.68727745028068,-104.01786469999634,2048
9010,39.50946747611994,-104.7826851552686,2048
9014,39.5946320639399,-105.11103680421292,2048
9011,39.525346538960754,-104.71756516566404,2048
9016,39.69774820306081,-105.19314370938584,2048
9013,39.5540048365048,-105.12266359659468,2048
9015,39.63254208856647,-105.15803898839904,2048
9017,39.89953994208592,-105.1459967193059,2048
9018,40.0174403271683,-105.20353452833636,2048
9019,39.85772263299534,-105.222791666774,2048
9025,40.020339333930686,-104.80062043996864,2048
9020,39.863561069863735,-105.20234583975449,2048
9021,39.63880321186964,-104.5773499247994,2048
9024,40.0163300636474,-104.75495730633678,2048
9022,40.01600975738343,-104.094694225027,2048
9026,40.02513894363827,-104.86753242493567,2048
9027,40.02552834058584,-104.866879501261,2048
9023,40.11583632386228,-103.85716325403908,2048
9029,40.72428754999552,-104.80990060000109,2048
9028,40.02720584368081,-104.95678777331406,2048
9030,40.899034406347134,-104.81092987664204,2048
9031,40.42704411886661,-104.80753950669413,2048
9034,40.400566910747685,-105.04539975941826,2048
9032,40.60496487947336,-104.81282599766476,2048
9038,40.19646035452269,-105.09253725672647,2048
9033,40.38940166868537,-105.04533441224412,2048
9036,40.23437904630829,-105.0346148749636,2048
9035,40.49587475109076,-105.06701430457238,2048
9039,40.24326743098408,-104.87395712327738,2048
9037,40.14282228608009,-105.139451563372,2048
9040,39.36098814882625,-102.33570518798984,2048
9042,39.30096929783068,-103.64146065021296,2048
9041,39.35190894829668,-102.80076809995842,2048
9046,40.10866649846388,-104.55006016885142,2048
9045,39.91661190045922,-104.54444675472097,2048
9043,40.0895648014136,-104.59519851679798,2048
9047,39.80828770757326,-104.96670198171442,2048
9044,40.10704420152289,-104.54995725021284,2048
9048,39.88237733630653,-104.85729997184984,2048
9053,39.78722515139537,-104.58246304999568,2048
9052,39.792363451714536,-104.676367163425,2048
9049,39.88145601060487,-104.91837188058123,2048
9051,39.74332320029208,-104.68071500297098,2048
9054,39.69593617141628,-104.68496709948978,2048
9055,39.62289444278733,-104.4526198492488,2048
9056,40.01881326234986,-105.20602662231212,2048
9060,40.21374147807194,-103.67739697802276,2048
9058,40.06992299382565,-105.17914779872534,2048
9059,40.09264892573949,-104.88786167148442,2048
9057,40.05520350127944,-105.05376709999489,2048
9050,39.7417188646519,-104.68343551615156,2048
9062,39.448636838015055,-103.67938635135914,2048
9061,40.96265966328273,-103.03351971587624,2048
9063,39.40124240111718,-103.73488575739334,2048
9065,39.94984866298546,-108.3211743836975,2048
9067,39.92087448427313,-108.46796532396004,2048
9064,40.96500567071088,-103.03689763224698,2048
9066,39.95591141337451,-108.31947249640557,2048
9068,37.13239403146223,-104.65395168401858,2048
9070,37.13522594636692,-104.83405743477482,2048
9072,40.0734602513894,-104.80715738589662,2048
9069,37.12540330837432,-104.77126522426092,2048
9071,39.97838317726874,-104.97942240208884,2048
9073,40.095888111200686,-104.80136349095248,2048
9080,39.956271270060185,-104.98105426506056,2048
9075,39.94417153909621,-104.6796340279766,2048
9079,40.0833635039944,-105.20259588295627,2048
9074,39.88264510204535,-104.76809300211583,2048
9076,40.21846690005769,-104.41455835000046,2048
9078,40.86337229097301,-104.0662561738153,2048
9077,40.86270239954696,-104.06727033132762,2048
9084,39.857156325550285,-105.22470223811416,2048
9085,39.73319432865522,-105.15110664852315,2048
9082,39.789066202382266,-105.12267804529176,2048
9083,39.85865361300418,-105.22491952122908,2048
9081,39.90036904744824,-104.97901958962072,2048
9086,39.73735023097011,-105.01907203904774,2048
9087,39.734551308037794,-105.06086763871984,2048
9088,39.78954787234039,-105.08970152175355,2048
9089,39.79747725394923,-105.03016793772812,2048
9091,39.7760279143816,-104.99881599938388,2048
9090,39.75802123447354,-105.00012777813106,2048
9093,39.768318301603664,-104.76669049551155,2048
9092,39.76184794295322,-104.81274444895364,2048
9094,39.75156820902154,-104.73220035606325,2048
9096,39.70802458796908,-104.99171509735284,2048
9095,39.7359544000606,-105.01655389944546,2048
9097,39.60902631440274,-104.70302957506144,2048
9099,39.48147148546008,-104.81513717876838,2048
9098,39.52123467393072,-104.84784677039433,2048
9100,39.62459423919858,-104.79061317760628,2048
9103,39.6832772253121,-104.82759597433956,2048
9101,39.668340391666135,-104.77133498098225,2048
9102,39.6824281033176,-104.82802207333526,2048
9104,39.6825467938689,-104.87702675238324,2048
9106,39.59560985475093,-104.81594308081527,2048
9107,39.55023984211591,-104.904957796693,2048
9105,39.609303913564645,-104.79232080959709,2048
9110,39.54817032985497,-105.0409936415388,2048
9109,39.52502506039331,-104.9699343947306,2048
9108,39.60144282460379,-104.9222005497879,2048
9111,39.65615262242065,-105.01280779992555,2048
9112,39.6688686707067,-105.00348033355525,2048
9114,41.33409370365093,-105.55963664311234,2048
9115,41.48429865025944,-105.76567055055844,2048
9113,39.694319104321366,-105.0050972114776,2048
9117,41.89759185006787,-106.22120475012264,2048
9119,42.231548431880775,-106.84627777910808,2048
9124,43.44474368809264,-103.68418428748608,2048
9118,41.8989967242927,-106.22119186054393,2048
9116,41.89716085202192,-106.22062336694778,2048
9122,44.2898915482411,-105.38407393286148,2048
9121,44.28530435928393,-105.38116344655177,2048
9120,44.284915324531575,-105.37934300088924,2048
9123,44.53681640580018,-103.85228629545308,2048
9125,43.86315392572581,-104.2793294079934,2048
9126,43.97046138930723,-104.41105458606256,2048
9128,42.68330607536767,-103.36491351308425,2048
9127,43.43454486229219,-103.50191916220297,2048
9130,44.11981441638917,-103.26063426924084,2048
9131,44.1208524437416,-103.26019214316584,2048
9132,45.85251385434273,-109.25732383368094,2048
9129,44.32292915013216,-103.75316086993718,2048
9137,47.538653191186086,-111.19387723188656,2048
9135,46.11974679447942,-103.32988971461091,2048
9138,48.15541415239264,-110.1430334827543,2048
9136,46.32227776843172,-104.04451045772744,2048
9133,42.99728082252209,-103.21381574926008,2048
9134,45.00766884118077,-102.59216304803776,2048
9139,42.548459659025625,-106.71710908272142,2048
9140,42.54917179060068,-106.7161181379025,2048
9142,41.12738480642385,-104.90444189300776,2048
9145,41.14004152389668,-104.99541673503964,2048
9143,41.12745236571645,-104.9069409170656,2048
9141,42.23284870005647,-106.8489960499526,2048
9147,43.47193591837702,-110.77714060491049,2048
9148,43.50583854986868,-110.84821994998376,2048
9146,41.43837637283917,-104.34833674040044,2048
9150,43.46914002457941,-112.09952341504496,2048
9144,41.12884627376946,-104.9116970090764,2048
9149,47.53962134406902,-116.23028477434748,2048
9152,43.43908324480082,-112.1617767243726,2048
9154,43.440038919186094,-112.06843406359482,2048
9153,43.55490878142687,-112.22041528248424,2048
9151,43.467956340124566,-112.16221181728682,2048
9159,42.9629761003097,-107.335540449442,2048
9155,43.461060375574014,-111.98855815206396,2048
9156,43.25791624997359,-108.54511269999811,2048
9157,43.41716171793991,-108.17657667713806,2048
9162,43.21889686592882,-108.7863960729834,2048
9160,43.38749864726889,-108.14724395052316,2048
9161,43.005290558252,-108.47904180169148,2048
9163,41.142480181153545,-104.09379534616254,2048
9158,42.962168150148045,-107.335525100458,2048
9165,41.606610866690936,-106.2030771063833,2048
9164,41.67102070256634,-106.0467720312934,2048
9168,41.1683772816146,-104.71384168582836,2048
9167,41.63275931048114,-104.13138185131238,2048
9166,41.32159637186127,-104.69184822619069,2048
9169,41.56045109290537,-104.75633862694689,2048
9173,43.086940300004535,-107.18742095002212,2048
9170,41.75502605045625,-104.75935160000633,2048
9175,42.89100499050712,-106.49453332503968,2048
9174,42.885811066186825,-106.49464027163565,2048
9172,43.02306507431987,-106.96636679178916,2048
9176,41.77880829465809,-110.3408198051085,2048
9177,41.79374654636613,-110.32839146709394,2048
9171,42.10453659522285,-104.89593956052607,2048
9178,41.57533522383957,-108.5233506509244,2048
9181,43.68372507153911,-111.91269679659256,2048
9179,48.15857230645052,-104.37576640843412,2048
9183,43.71352624072905,-112.12341852125836,2048
9180,43.5030656520617,-111.98549099609173,2048
9184,43.79732579996698,-111.70104135000346,2048
9182,43.7147526572335,-112.22079923423676,2048
9186,42.8579776563369,-112.47045502528628,2048
9189,42.156580993480254,-112.31150678306972,2048
9187,42.77294240964963,-112.87019653345266,2048
9188,42.7753148832898,-112.87326808015732,2048
9185,43.53369060285054,-112.92635955146883,2048
9193,43.37577405489888,-111.84896778392682,2048
9190,42.82321828673985,-111.91052866517188,2048
9192,42.53608455303712,-111.79377713953762,2048
9194,43.46544154827543,-111.83517443457828,2048
9191,42.71472507346304,-111.87289809618032,2048
9201,43.635093681950096,-113.29531328738418,2048
9200,43.53735922116211,-112.93688689361886,2048
9196,42.266897246621625,-111.74945677367548,2048
9198,43.84644291175296,-112.70326456449276,2048
9202,44.284553240597496,-114.47085550394924,2048
9195,42.64489844806765,-111.6968998184724,2048
9199,43.64838795566938,-112.91891496558688,2048
9197,43.59448432231446,-112.65822823922156,2048
9206,43.14765753647042,-115.66599271698956,2048
9204,42.59749760111272,-114.40331329300396,2048
9207,43.17767887213432,-115.7165436977465,2048
9209,43.066840928577136,-115.38824714437249,2048
9211,43.5255007430665,-116.14099316383331,2048
9205,42.840116157723024,-114.89805277496714,2048
9203,41.832944394883626,-112.05766496989608,2048
9210,43.17728215411238,-115.60414943827044,2048
9212,43.559212251307365,-116.15481834905704,2048
9208,43.17845761467635,-115.73372094679765,2048
9216,43.43848901923733,-116.53491497941832,2048
9215,43.50688407285308,-116.33549470541048,2048
9213,43.55911562385762,-116.15825780883848,2048
9214,43.50661207243876,-116.33351391926224,2048
9217,43.569391147103815,-116.12702592289554,2048
9221,43.58593793241157,-116.204888331336,2048
9219,44.59118067012197,-116.73413817479984,2048
9218,44.591180634038174,-116.73413807714849,2048
9220,44.84014702991788,-116.89661583707266,2048
9223,43.60613022256278,-116.29916972426976,2048
9222,43.60310199168147,-116.25560153783,2048
9227,43.6860904432702,-116.6072355814948,2048
9224,43.64761436763559,-116.37260229087916,2048
9226,43.59112264732872,-116.57371024462134,2048
9229,44.01310800609859,-116.9668069595665,2048
9228,43.90564096217218,-116.8211973006484,2048
9225,43.67907026622368,-116.68612281746672,2048
9230,44.05251294137748,-116.97803553126728,2048
9231,44.05251319487914,-116.97803548721345,2048
9234,46.35689954613535,-116.91537666971568,2048
9232,46.722343940444006,-116.9372386761646,2048
9239,39.09913370090452,-114.49993506436952,2048
9237,46.431151820826535,-117.02933636484308,2048
9238,47.34644123127648,-117.03250721682303,2048
9236,46.43104113796064,-117.02602740069318,2048
9233,44.98590265300839,-116.85879208820718,2048
9235,44.97042083152135,-116.85017559162736,2048
9241,37.884135751112986,-112.9074813723922,2048
9240,39.33655066348201,-114.807323768454,2048
9242,38.56373591686921,-112.58605858228223,2048
9243,39.15106414047026,-112.73089607894492,2048
9245,39.153782740403805,-112.3597070066354,2048
9244,36.93180308338248,-111.48617193247728,2048
9246,39.15407229397088,-112.36257134715564,2048
9247,39.15537595004661,-112.36039644999894,2048
9251,45.88920438183455,-119.22693857293967,2048
9250,45.92324418487695,-119.10006364912428,2048
9253,38.62880545038969,-104.7067329252581,2048
9252,45.674657515317314,-120.31060438039133,2048
9254,38.63208725196545,-104.70236783775314,2048
9248,39.15539882372941,-112.36458656500396,2048
9249,42.53194781321152,-108.76010874291408,2048
9256,39.65224019516664,-104.89357594207657,2048
9264,39.71666325985344,-104.94457415310382,2048
9255,39.6333598259939,-104.90209863414276,2048
9258,39.676833399999815,-104.903292,2048
9260,40.948625501405616,-103.78214229683996,2048
9261,40.21705859893637,-103.6845354469638,2048
9257,39.70665125993608,-104.9183803992504,2048
9262,41.042564334635365,-104.8089730229512,2048
9259,40.256476096853326,-103.59644999558496,2048
9263,39.62880590637,-104.90919103801464,2048
9265,39.73731888598128,-104.97922632924202,2048
9266,39.59389293919971,-104.8710296346386,2048
9267,45.06701489574527,-117.86361942707478,2048
9268,44.7174631539472,-117.7754228041026,2048
9271,38.94150289740405,-104.78280267716517,2048
9276,38.85777698271814,-104.67090542051407,2048
9269,45.43737035818011,-117.28489462545188,2048
9270,45.570549894452896,-117.53993223214184,2048
9273,38.7923720423788,-104.755968819312,2048
9272,38.75587547052372,-104.7624808951567,2048
9275,38.63020862828965,-104.6304476858253,2048
9274,38.62962930326741,-104.63730871243295,2048
9277,38.89991872874545,-104.6879517098546,2048
9283,40.45943744671362,-105.09505610850304,2048
9280,40.5525440985543,-105.13502469993075,2048
9279,38.26670415003677,-104.6162252000072,2048
9282,40.58231853560917,-105.14427664525834,2048
9278,38.266250415871,-104.61515458482918,2048
9285,40.50143409942698,-105.14996844552348,2048
9284,40.49400231497067,-105.09483588484142,2048
9281,40.58135152858437,-105.13446883803992,2048
9288,40.47537898595523,-104.88546258561335,2048
9286,40.33353425394734,-104.88752668898375,2048
9287,40.42083019994965,-104.87030885000117,2048
9289,40.9448293872721,-104.79921514993178,2048
9291,40.57261359302489,-104.93444234974268,2048
9297,39.62447569999991,-104.908857,2048
9295,40.52447453987187,-105.0445264558998,2048
9290,40.56455832006419,-105.0412111910958,2048
9292,40.86097034728228,-105.02096805006144,2048
9293,40.66356611387067,-105.1512694969789,2048
9299,39.10614763881556,-106.34684191923904,2048
9294,40.60414563416624,-105.06683428404736,2048
9300,45.109283618149135,-122.78798014147644,2048
9296,39.61006437480448,-104.90865093656366,2048
9298,39.736336839058005,-104.99378942889524,2048
9303,48.81359397455679,-112.15877029339433,2048
9301,37.66381634601898,-113.14624604385216,2048
9302,37.72817447027168,-113.14885179426744,2048
9305,48.81458133621904,-112.20106317376452,2048
9304,48.83703620080659,-112.06258650004716,2048
9308,37.11271299703807,-113.5150200179876,2048
9312,37.084856432419954,-113.62834437658232,2048
9306,48.50215063085834,-112.23410005240028,2048
9307,37.09815280612413,-113.54192666726952,2048
9311,37.12937671511943,-113.59925988548292,2048
9310,37.11406179302361,-113.568364075269,2048
9309,37.113537051348864,-113.56658007832004,2048
9315,47.505018390792536,-111.07394657418308,2048
9316,41.14647659596976,-111.96422678257804,2048
9314,37.12092179966719,-113.62333321796903,2048
9318,41.073677296412754,-111.95840976026034,2048
9313,37.11734017818661,-113.62326914974643,2048
9319,41.07412955617823,-111.95728526743902,2048
9317,41.10395593180427,-111.94508894629811,2048
9320,41.03783176689882,-111.9528559529082,2048
9322,41.06762859452073,-111.98736023215024,2048
9321,41.03860934991768,-111.95236977194358,2048
9323,41.06780137319724,-111.98871355368378,2048
9325,40.9824227068364,-111.89163724688876,2048
9324,40.98182252666391,-111.89122344196622,2048
9329,41.50261635593744,-112.0058280097298,2048
9328,41.45500805558068,-112.035672231405,2048
9327,41.24329432994572,-111.946244057672,2048
9334,40.86206471718806,-111.9092456827625,2048
9330,41.50309777337635,-112.0046205079026,2048
9331,40.91345975764012,-111.8925785114042,2048
9326,41.24019062564165,-111.9299456420566,2048
9335,40.86859910001203,-111.90835179999992,2048
9333,40.890476509617685,-111.89975676317086,2048
9332,40.88329069102167,-111.90248087017498,2048
9340,41.72672458997022,-112.16050320038104,2048
9339,41.71497044996166,-112.09655109999264,2048
9336,41.85202067185338,-111.8288026247676,2048
9337,41.76714451341026,-111.78416229453256,2048
9341,41.7267654499742,-112.18543254999216,2048
9338,41.87945074447771,-112.19646916611588,2048
9342,40.841468396700456,-111.9194503682564,2048
9343,41.18827466935059,-111.9493972910131,2048
9344,41.1906230502736,-111.93907274999954,2048
9345,41.22223432620696,-111.93091022911234,2048
9349,41.92273877556744,-111.79558033047353,2048
9347,41.75839171418587,-111.85451260212876,2048
9348,41.76459726214056,-111.85528266262052,2048
9353,37.13146809859861,-113.48176301841576,2048
9346,41.73947635033839,-111.85553469998204,2048
9354,37.13874731196329,-113.56333121598254,2048
9350,38.21972415750161,-112.92385827598515,2048
9351,41.1312392188301,-111.77055003374402,2048
9352,41.137670017660966,-111.88528796523346,2048
9355,37.15906492918464,-113.432003400427,2048
9356,37.14230159633708,-113.563559753002,2048
9361,45.58549916929413,-120.0079492134564,2048
9358,43.02170899860344,-105.83594220971496,2048
9359,42.04229288984381,-106.161754403442,2048
9357,41.881202726398016,-110.09078334429088,2048
9365,47.67820109328616,-114.24613558538528,2048
9362,45.73176775717391,-120.08304115255216,2048
9360,39.38016550002562,-111.07784049993204,2048
9364,47.677822264803154,-114.24526792728632,2048
9366,40.94957574007233,-103.15756715478958,2048
9363,47.67750114057752,-114.24443941706836,2048
9369,45.51795809948717,-120.5780498997107,2048
9368,40.99250851324215,-103.39566766117358,2048
9367,39.72749223518907,-110.86243010324444,2048
9370,43.01325697521011,-106.00771843558566,2048
9371,45.90294369433467,-118.58819273716588,2048
9372,47.55067340451698,-111.0371265753899,2048
9374,42.971332650799845,-115.3835180688094,2048
9373,45.7920190749537,-119.31039438828796,2048
9375,43.060660724754,-115.47142899410672,2048
9379,37.0880792141318,-113.52176569243385,2048
9377,45.41553186004442,-123.7984205416698,2048
9376,41.12238360932661,-104.72285602740163,2048
9378,45.98887502066237,-107.95809294427356,2048
9380,37.05730564286777,-113.54924131686757,2048
9381,37.066506400280176,-113.52622215,2048
9384,37.69375363399059,-113.15554071511988,2048
9383,37.20362832489987,-113.60228274105292,2048
9385,37.16776988023195,-111.96888326183236,2048
9382,37.19973318150584,-113.60234413582351,2048
9388,37.09137101224922,-113.57465587264493,2048
9386,37.591285,-111.92962860000009,2048
9387,37.49358857636497,-112.58818022522983,2048
9390,41.29888957997391,-112.01574242310846,2048
9391,41.29063531806497,-112.00070614865405,2048
9394,40.50311081151328,-111.48811082276912,2048
9392,41.21842005160168,-112.02492609221213,2048
9393,41.09074702411591,-112.03435423191236,2048
9395,40.50305223366589,-111.48931843524612,2048
9389,41.2742372402655,-112.00754463547486,2048
9397,44.06208640595679,-123.05701187556411,2048
9399,36.48220068746433,-114.8303390097632,2048
9396,40.792449976335895,-105.60878667904336,2048
9398,36.90256412036118,-111.39465068269097,2048
9400,45.63219182350304,-121.20364353203628,2048
9403,36.022076023519055,-114.918425584386,2048
9406,35.31895578233389,-114.20438474525608,2048
9405,39.502833593924926,-112.58448090373258,2048
9407,35.326094573282546,-114.20085615153198,2048
9402,35.38973034606385,-116.1142187722205,2048
9401,34.55140439530031,-117.43802425499187,2048
9408,35.35517623396298,-114.17307844799126,2048
9409,35.138358491657804,-114.08630288620898,2048
9413,33.750417975121124,-100.99155874101716,2048
9410,35.14395537783547,-114.0868126888825,2048
9412,33.47375940007182,-100.85723100033414,2048
9416,33.89736960000121,-100.84733485000103,2048
9411,34.01128667443214,-100.83187320337684,2048
9415,33.73393115003601,-100.84186645000128,2048
9414,33.73383940002671,-100.8418654500008,2048
9417,32.94038626603951,-112.75933302359547,2048
9404,36.08466194798531,-114.9394021039334,2048
9420,32.375004174787854,-112.81273256056387,2048
9422,32.6648505500016,-112.85943045000056,2048
9419,32.36946467950171,-112.83022759543866,2048
9418,32.97558627328982,-112.69223720446446,2048
9421,32.41775778509883,-112.86897239506882,2048
9424,32.62530147700652,-111.79474601193786,2048
9429,33.51789828694558,-96.5761740171274,2048
9423,32.51692932531871,-111.88463790303724,2048
9427,33.323033018357215,-96.50146331719364,2048
9426,33.52253893608892,-101.7390932698935,2048
9425,33.511716641278014,-101.82626182593184,2048
9432,33.25863095513278,-94.07236370817525,2048
9431,35.296447107828385,-101.74725845001493,2048
9428,33.42772853033607,-96.54342118656876,2048
9430,33.57530779487095,-96.60556676642264,2048
9433,32.66649716444057,-114.2649166073494,2048
9434,32.503199126861524,-97.79751184196417,2048
9436,32.932916197379065,-98.14669806644022,2048
9435,32.719727561526604,-97.60096586668712,2048
9437,33.04436232895514,-98.33967638724133,2048
9440,36.018324352575185,-114.7430366058406,2048
9438,35.79732381509281,-115.0084800911404,2048
9439,36.00143130004763,-114.82991850012309,2048
9442,36.02023179941195,-114.7436256857974,2048
9443,36.020354999997835,-114.78122944999674,2048
9441,36.01932715009017,-114.74276359999494,2048
9445,32.02015183569681,-102.05195611158656,2048
9444,36.025775579432626,-114.92001761061292,2048
9446,35.614879837449536,-115.35679246565424,2048
9450,35.05413015005693,-114.17472159999956,2048
9451,35.19116365026851,-114.23549195000078,2048
9448,36.008446630512445,-115.2133558413932,2048
9455,35.1384466807089,-114.06889933865776,2048
9447,35.61977926569578,-115.35653426688025,2048
9452,35.67839575735231,-115.37421467475716,2048
9449,35.05548972370441,-114.13371226983332,2048
9454,35.133121788252616,-114.07045045987807,2048
9457,35.177779049214564,-113.98025628404802,2048
9456,35.138982860034965,-114.0683527961676,2048
9458,35.25080344552605,-113.7179635576176,2048
9453,35.78450326107802,-115.33468486918562,2048
9460,31.54739674046213,-97.16181804221732,2048
9459,31.526002531891944,-97.13231891117842,2048
9461,31.577443476909345,-97.17930129164444,2048
9466,30.049992796459502,-93.76903191755513,2048
9463,32.10526071453865,-96.47013335068732,2048
9467,30.050340550133523,-93.7745468500029,2048
9468,33.88649836100843,-98.429378474616,2048
9462,32.08957102998599,-96.51694581230994,2048
9465,32.07746310530887,-96.4439105354615,2048
9469,34.085261547202705,-99.14533488634903,2048
9464,32.10617879778761,-96.47036769195805,2048
9472,36.00296994566792,-115.09093298582567,2048
9470,35.80392440868426,-115.01294117116817,2048
9471,35.982308681005044,-115.08418724849751,2048
9473,32.90852257727367,-94.7130738248208,2048
9475,32.921122019578085,-94.71910637678644,2048
9474,32.91124517986385,-94.71376927895864,2048
9476,31.60835283037544,-94.6763109345265,2048
9477,31.091272502594848,-96.69355595379676,2048
9481,31.004565314940155,-97.25960301827952,2048
9480,34.439789908244435,-118.5826196791911,2048
9479,34.42215094677104,-118.57500415788,2048
9486,32.02510429057916,-101.27888702530204,2048
9483,30.57766500572693,-97.07680661745763,2048
9485,32.003576009704496,-101.27317559528612,2048
9484,30.91924763043261,-97.20127719534206,2048
9478,34.28092478730388,-118.90300670704798,2048
9487,32.45973039998413,-101.51579939903937,2048
9490,33.27719369996666,-98.10680136566069,2048
9482,31.07910400861237,-97.30777685376938,2048
9491,35.147054876008525,-114.59619219713464,2048
9493,29.945671985667072,-93.8899277983406,2048
9495,33.87225172331005,-118.37803568985592,2048
9494,29.953783049420984,-93.88276713315756,2048
9492,35.158189004457924,-114.58165787567998,2048
9488,32.72112017146934,-101.63296698527164,2048
9497,37.90550693337985,-122.20819297347634,2048
9489,33.10268503301766,-97.952936813209,2048
9496,33.89593424139634,-118.37277299810069,2048
9500,38.0767737471212,-122.54036290909562,2048
9498,38.06622139257349,-122.19638424699696,2048
9499,38.13812311039194,-122.209106700834,2048
9505,35.19488024779967,-114.56803985262609,2048
9503,38.25080803146325,-122.58122406894076,2048
9504,35.19476172917332,-114.56552266283956,2048
9506,32.921549430936665,-112.97803084241002,2048
9509,38.0181553496575,-122.06141129720976,2048
9501,38.16614942051761,-122.25359296707448,2048
9507,32.97331059342439,-112.68997035541275,2048
9510,38.01970057362787,-122.06177232793706,2048
9502,38.10860435053685,-122.56827782140893,2048
9511,38.03678261671079,-121.89582661316555,2048
9508,38.49766911735175,-122.76069374101088,2048
9514,37.013524082767645,-120.94507974494798,2048
9515,32.76850797753534,-114.39684622092189,2048
9513,32.454711350217494,-101.74549749982216,2048
9516,33.880232185839056,-118.1751921385023,2048
9519,31.83863264880397,-102.32740203098231,2048
9517,33.81936599368893,-118.21715183557345,2048
9512,32.166396503816074,-101.881485200664,2048
9518,33.81902195772217,-118.22245525455138,2048
9522,37.99920743023832,-121.78245898716428,2048
9520,36.65719500236068,-114.63565379640978,2048
9521,37.87121990001768,-122.04611145000412,2048
9525,30.156249004396045,-94.15723148381598,2048
9523,36.70365287060904,-119.881097287143,2048
9524,36.70560284531157,-119.8831491508979,2048
9526,32.378503520319,-100.72716928901292,2048
9532,31.89746496114457,-97.01807522510666,2048
9531,31.952630572438103,-97.8671737612696,2048
9536,36.28472895710623,-108.270965075224,2048
9527,32.44510444564426,-100.7459571215164,2048
9533,39.53951681109013,-122.26299539427193,2048
9529,29.94140613323493,-93.9583562992729,2048
9530,32.71770100629337,-115.715699274165,2048
9535,40.39771116358834,-122.2648801753945,2048
9538,34.75650084391068,-112.2294446411229,2048
9537,36.48524031960972,-108.2728835199159,2048
9528,29.92472464335201,-93.94010200281484,2048
9539,35.41193352966743,-112.21409292007957,2048
9540,33.613945308771264,-96.3733197251242,2048
9541,33.62746885861575,-96.37033208259584,2048
9542,32.276666149325564,-95.1956826163999,2048
9543,32.277513411129185,-95.25771559764888,2048
9545,30.07921959963744,-94.2346464500104,2048
9544,30.07716779795754,-94.2341781051352,2048
9546,26.44489070532409,-98.47722349940618,2048
9551,33.346315800511725,-112.85978429125048,2048
9550,33.34585275642731,-112.8521322623643,2048
9547,26.492620501220863,-98.44830930013332,2048
9553,35.00841345744096,-120.45319750960208,2048
9549,32.965331871548486,-102.78415655442774,2048
9548,35.79000586065666,-114.99423931113444,2048
9554,35.373859891090625,-120.85561151053987,2048
9555,35.37531743170672,-120.8550196219907,2048
9556,33.36969763657457,-117.55421160703034,2048
9557,33.45680359628265,-117.5891940304516,2048
9558,33.5976504548047,-117.74897351909028,2048
9559,33.66481484437392,-117.76847903228553,2048
9563,34.29113273110767,-114.17129048545246,2048
9561,36.38792813160868,-114.9671212032951,2048
9560,35.96673929288616,-101.86303261344284,2048
9564,34.29212349877542,-114.17130895175926,2048
9565,34.292624450073404,-114.17207164993196,2048
9562,36.38815840000654,-114.96837555004336,2048
9566,34.29373825042479,-114.17248674995814,2048
9567,34.844889707581984,-114.96675762277307,2048
9576,28.30201015029344,-98.13836525017666,2048
9570,33.14478110722005,-112.67636626370684,2048
9573,31.97165980411473,-110.92842025980772,2048
9569,34.087992534927174,-117.53366700062443,2048
9572,31.99188312522206,-110.70794527238073,2048
9571,33.36382841400425,-112.72829633852334,2048
9568,34.08881619490466,-117.52720475126344,2048
9575,37.80942754204075,-120.29883754359396,2048
9577,27.918953588668334,-97.9614130707168,2048
9574,37.809244319131736,-120.29962408732725,2048
9584,33.45209366438376,-112.3185773783689,2048
9582,32.33551379269364,-97.73213134380129,2048
9579,36.0383867157697,-114.9988524867784,2048
9585,33.46617225877886,-112.313032576088,2048
9580,36.08580165018247,-115.0487036621639,2048
9578,28.40355138044082,-98.19400694521065,2048
9583,33.41014454296162,-112.31706874194336,2048
9587,33.10211808762424,-97.954993304498,2048
9588,35.407604534625655,-100.81997140187056,2048
9586,33.46715331914239,-112.31302165182544,2048
9589,35.402232302132674,-101.15383709999124,2048
9581,32.297773184611025,-97.78986114035284,2048
9590,29.971590499731704,-93.97869583320828,2048
9595,33.426816428569275,-111.67487876914322,2048
9591,35.98667533648627,-114.975842804738,2048
9594,32.86022105892554,-101.0088002997339,2048
9597,34.00047170000591,-118.3737128499224,2048
9592,36.03550433708909,-115.03128313416188,2048
9600,33.19229380194207,-115.43452575203372,2048
9598,34.00068802960924,-118.37845406009916,2048
9596,33.42491634598706,-111.79988499455004,2048
9593,32.59840545873623,-100.86177814839388,2048
9599,32.77035354580635,-115.27370029037088,2048
9601,33.19345539563408,-115.43487041457038,2048
9603,36.39608295635074,-105.63347345614665,2048
9602,36.39488741133011,-105.6335698483704,2048
9605,36.68042353336179,-114.61044729034016,2048
9604,36.111686293518446,-106.15855198056624,2048
9607,35.38186455748341,-101.53890817521037,2048
9608,35.3820924267645,-101.54037253290096,2048
9606,36.681210778824735,-114.6080623558747,2048
9609,37.28098623602671,-122.0152542554025,2048
9616,34.51973653220693,-102.03868651523024,2048
9610,37.32626512566084,-122.0755959610094,2048
9611,37.14825180188269,-119.38854318935246,2048
9614,35.28319682122551,-102.43468474335096,2048
9617,34.773377798442475,-102.30454970032856,2048
9612,36.908766870505694,-119.08822008210956,2048
9615,35.310278660108885,-101.92290984999876,2048
9613,36.927352023088496,-119.02088167118836,2048
9618,30.15954192478084,-94.23607145643648,2048
9626,37.22557345853016,-121.74416845449788,2048
9625,33.56788078918099,-112.30594334463989,2048
9619,32.530732143916275,-100.68420248385046,2048
9620,32.82681782643722,-99.99351624774106,2048
9622,33.10326100904227,-98.90575660453888,2048
9623,33.13450820052996,-98.61109679162202,2048
9627,31.473527153836965,-96.96046746489247,2048
9624,33.138418487441385,-98.60945252455748,2048
9621,33.00382125481577,-99.60533112477248,2048
9628,38.247824281516245,-122.2679611608826,2048
9629,38.40304430362166,-121.91971657295024,2048
9632,31.091351222735156,-98.0539779983628,2048
9630,31.03898377054371,-97.7229518466393,2048
9631,31.53798865523393,-99.1952127994464,2048
9634,31.430975777506564,-98.5663831060418,2048
9633,31.427032213185974,-98.54022281991072,2048
9635,37.19935127038182,-119.30944988531644,2048
9637,40.87859783613591,-117.15280858666796,2048
9640,32.9171955513193,-117.03097244922056,2048
9638,41.09467352217859,-116.4234391403626,2048
9639,32.80876587311749,-116.6830662612407,2048
9642,34.954986842728395,-118.84405578459842,2048
9636,37.200152907974925,-119.30692882446296,2048
9643,33.77882116465435,-118.22734795650048,2048
9644,32.05995574281763,-109.89316499517078,2048
9641,32.72143279004464,-116.2621163977483,2048
9646,32.972901638125364,-102.74324415454632,2048
9645,32.34111829029036,-109.76153661990242,2048
9647,32.80217865756068,-115.53731140943027,2048
9648,32.8027865770829,-115.54466518472071,2048
9649,32.80330285056414,-115.54249944999322,2048
9650,33.672835134119566,-116.11554031388874,2048
9653,30.351166634464377,-95.78164783500456,2048
9652,30.350710405043667,-95.78152397892738,2048
9654,30.6613122379332,-95.9732795560832,2048
9660,37.42722856633394,-121.9328212559886,2048
9651,30.090156020045075,-95.60599501841274,2048
9655,26.34406924064745,-98.18929736128072,2048
9656,27.62181562420569,-97.87924360845471,2048
9659,37.26895736437612,-121.78732515281524,2048
9661,29.678049944832896,-97.10585115590848,2048
9662,29.9440684933337,-97.012016596332,2048
9658,27.84365548307761,-97.61561256431132,2048
9657,27.761697392475945,-97.81840231229802,2048
9664,34.00792321795815,-117.5642938758696,2048
9663,38.08781900343227,-121.38834713740708,2048
9669,40.877967338533246,-121.71508545112982,2048
9667,40.79117683226336,-121.93783586303503,2048
9668,40.85919329049672,-121.75295468018088,2048
9665,33.99855070596308,-117.67842505202805,2048
9670,40.882953372407925,-121.70349200898096,2048
9666,40.99069739630277,-121.49755191010144,2048
9671,40.90112583728765,-121.66894738552,2048
9673,33.946091364070625,-117.92224308960066,2048
9672,40.96109258536889,-121.54862077843542,2048
9674,34.00816294506127,-117.9499007653493,2048
9675,35.379102181216176,-119.91683273625348,2048
9676,35.382170091636354,-120.06044722508472,2048
9678,27.93468917617127,-97.36107657135126,2048
9685,31.89015245442772,-96.1133500073782,2048
9677,33.50546538091593,-112.42573486433668,2048
9679,27.93580404356155,-97.36056187542762,2048
9682,28.85316645134154,-96.55740160514968,2048
9680,28.799559288625268,-96.05017106810504,2048
9683,38.33156445516924,-120.66974582626892,2048
9681,28.875927252433552,-96.10722434224604,2048
9684,31.819531220508,-96.0574527486832,2048
9687,30.440082901945203,-95.52011524984069,2048
9688,29.85475844648147,-94.9277935635053,2048
9686,30.41587485041178,-95.3281168505536,2048
9693,33.739430441369976,-117.15629375175251,2048
9689,29.86071978905853,-94.94055492038284,2048
9695,33.70704307313716,-112.32155618887468,2048
9696,31.826092515274222,-106.25054875488456,2048
9694,33.738800427122,-117.16792050024137,2048
9692,29.91534224995654,-95.21631879685684,2048
9697,31.88021335369701,-106.31443309032284,2048
9691,29.913246550144176,-95.21456340000236,2048
9690,29.940638701179047,-95.36973193960748,2048
9700,33.74441923717552,-111.88627055792978,2048
9698,32.87888213667977,-111.99710131981364,2048
9699,32.96034585958051,-111.99492241915418,2048
9701,34.26196945215133,-111.18189885939115,2048
9702,32.815167988486856,-96.91865452756778,2048
9703,32.81535673314747,-96.91548737224578,2048
9704,32.887481058111604,-96.93389273592332,2048
9709,32.648072856619244,-101.3957598327852,2048
9705,32.90783887761047,-96.94331602710425,2048
9706,32.90806976042924,-96.992196004641,2048
9708,31.05631200258524,-97.31271425116786,2048
9710,32.65833510003154,-101.45880194999528,2048
9711,32.77303876595628,-94.39208555979512,2048
9707,32.92863954152647,-96.97121372817358,2048
9713,33.07167454558948,-94.27648572370744,2048
9715,32.74997946171977,-99.3280482552586,2048
9714,33.291006957207216,-94.16035768262007,2048
9712,33.071649317941365,-94.27724796528204,2048
9717,35.45142403138775,-118.98395870564843,2048
9719,35.45410141675621,-119.00267423853138,2048
9716,32.76842584997653,-99.42282494998082,2048
9720,32.55678994185797,-111.29643301869646,2048
9721,34.93818998485144,-110.30303868792176,2048
9718,35.452254497293545,-118.99042412337,2048
9727,34.82090424082197,-102.36078618292004,2048
9722,31.859626449582983,-97.36725267400764,2048
9724,32.06926275011711,-97.7476982000103,2048
9723,32.06880391178389,-97.7478345709578,2048
9726,34.16504135702378,-102.40968673259496,2048
9731,33.35541329897664,-111.59777372791652,2048
9728,29.913566193764588,-96.75614723125148,2048
9725,40.38319123746408,-122.38171890454248,2048
9730,33.33007184142543,-111.74829887456298,2048
9729,29.91829649760021,-96.75517081197695,2048
9732,33.356703326596175,-111.61076678670688,2048
9733,33.358667750171875,-111.64705390000546,2048
9734,35.48290341589159,-114.93527066889804,2048
9738,32.9566415241492,-97.30596703008004,2048
9735,35.484112700028135,-114.93523005002795,2048
9743,32.100440100799034,-101.45085780016706,2048
9737,32.99193339477702,-97.2615648935979,2048
9739,37.864662852398126,-122.08045208536944,2048
9741,31.840003845803995,-102.31627455322288,2048
9736,35.92780665161288,-114.83468647234004,2048
9740,31.83527652239801,-102.3281049809919,2048
9747,33.48197660402666,-112.11000716613,2048
9744,32.124034350979336,-101.39608965080376,2048
9745,32.334126831931904,-100.91610729545796,2048
9750,29.41613451717377,-98.71819355919098,2048
9746,33.473515102495625,-112.10604464996796,2048
9742,32.10030325427357,-101.4523362412954,2048
9749,31.963975243348845,-96.5180038486841,2048
9748,31.42436962126169,-96.2470407137979,2048
9751,29.523546692215582,-98.80990310217872,2048
9754,36.59339410596807,-119.98869383723132,2048
9756,33.646165704181726,-117.97771305287829,2048
9753,29.77115113735735,-98.77608138537244,2048
9752,29.98501672630649,-98.8866871902804,2048
9757,33.654528878951496,-117.95268815102467,2048
9758,33.68524813894064,-117.94317728235887,2048
9759,32.035111027337386,-110.72190029991644,2048
9761,32.18971562942117,-110.20385890551265,2048
9760,32.06998334927712,-110.81313459363182,2048
9762,32.18994601506341,-110.20583272394452,2048
9755,37.94467692217362,-120.53656430274496,2048
9763,32.190588747973145,-110.20403500382608,2048
9764,34.636129119267366,-110.13455062452744,2048
9767,34.06818087780804,-118.48835915635478,2048
9769,33.55697350113181,-112.2185850689062,2048
9765,38.4895282711414,-121.47008440652056,2048
9766,38.50857227104457,-121.46394061331996,2048
9774,35.19266341709874,-113.363355737623,2048
9770,32.7344753667258,-115.71740896676636,2048
9768,34.17932844278113,-118.5437281842813,2048
9771,31.93777617597757,-94.9932564710504,2048
9775,32.55103746306252,-97.0775281038677,2048
9773,34.60261252135732,-112.45443212477667,2048
9772,32.257008774687094,-94.57464816498596,2048
9776,32.60510929197191,-97.08078289857492,2048
9777,32.58067980775857,-104.41353332237048,2048
9779,29.48072829542776,-95.62408484206128,2048
9778,32.814413779370184,-104.2398508005153,2048
9782,29.718754078785373,-95.55873280360672,2048
9787,33.869152362814766,-118.33321565911989,2048
9781,29.7004320428973,-95.58180836951452,2048
9783,29.71871902641373,-95.53669263443383,2048
9780,29.63372672437709,-95.58918950455472,2048
9784,33.81065001748465,-115.4535341584698,2048
9785,33.88176198218807,-118.19568884241622,2048
9786,33.87949508819426,-118.24818241689384,2048
9788,33.975749303192,-118.1478369635277,2048
9789,34.22934643623621,-118.54354553313784,2048
9796,33.591268766922546,-101.9671128601076,2048
9790,33.38675458025776,-98.6108504738538,2048
9799,33.05617898268383,-97.9103186006619,2048
9791,32.55366520957689,-96.53752794479026,2048
9797,32.80624469532673,-97.67629234666296,2048
9795,33.58575997331266,-101.95794635415064,2048
9798,32.80839732053297,-97.6759373384341,2048
9801,34.28053008378677,-118.47854106288462,2048
9793,39.53269125434454,-121.4862240841614,2048
9800,34.25673720627371,-118.5287625488308,2048
9794,39.55502458609116,-121.64482723897656,2048
9802,33.9612569607552,-103.82958191416748,2048
9803,37.13892029727872,-119.48867325772416,2048
9806,33.743930796925184,-99.67002456186913,2048
9807,33.944272264429166,-99.77405918298376,2048
9812,29.90745552579136,-93.92534023186576,2048
9810,35.25218744843803,-115.5155967565182,2048
9792,32.673455141048606,-96.5462523500472,2048
9805,33.60649749895989,-99.64160668517694,2048
9804,33.47893779785139,-99.6615508992655,2048
9808,33.05893443381865,-97.90980208330537,2048
9809,35.83267703965508,-111.44669755550728,2048
9811,35.62022695029823,-100.54135654999304,2048
9813,33.8379804240811,-112.05520005658964,2048
9816,33.22636216735744,-102.80094141322157,2048
9818,34.04766131534234,-102.6297985258475,2048
9815,33.168104881428896,-102.8017518590351,2048
9814,33.16796865911634,-102.80219614654388,2048
9823,31.86335396811199,-97.0163196394402,2048
9821,32.784734007319535,-96.83533197992298,2048
9822,31.57474543822013,-96.96447271258812,2048
9819,34.18122792015743,-102.57111304408696,2048
9825,32.46400401494889,-100.21692958061011,2048
9826,33.3391737382073,-111.03733098060952,2048
9817,34.032607925503754,-102.6302901585401,2048
9824,32.11718925314984,-100.15481485104604,2048
9820,37.87505956731352,-119.96564534084062,2048
9829,33.452691938237514,-111.50955067223722,2048
9828,33.45276428652732,-111.5083226079668,2048
9827,33.353703311047006,-111.45302825155603,2048
9830,35.21629472365769,-120.8472540154581,2048
9837,38.49654801256277,-122.6966604552091,2048
9831,36.59162563968909,-120.17628776285856,2048
9833,33.47741955608648,-113.11350485010956,2048
9836,38.44280023304284,-122.58380346769704,2048
9835,38.4288558288493,-122.59333728801197,2048
9838,33.2422593399821,-115.5011465344826,2048
9832,36.59172839398623,-120.40291851148436,2048
9840,33.24310844902438,-115.50134217178515,2048
9834,32.75787765388716,-96.48688650486191,2048
9839,33.243181562101924,-115.5001811248903,2048
9842,33.33473273448795,-112.84350105158155,2048
9847,37.787518000260526,-122.39346224925649,2048
9843,37.70386478370167,-122.40942812851657,2048
9841,33.24985486075236,-115.50091557557091,2048
9845,37.7839841419149,-122.39803660473798,2048
9848,32.62877300429707,-99.54042002662528,2048
9851,32.52473638935301,-99.82239352951686,2048
9846,37.78739128439814,-122.39381707346575,2048
9844,37.76415859999998,-122.4131936,2048
9849,32.62926280670005,-99.54140971646432,2048
9852,35.5550436868931,-120.6803688895215,2048
9853,34.18942617358813,-118.5916826946659,2048
9855,33.14172000769814,-96.23460053052324,2048
9850,32.523890234745444,-99.822594367939,2048
9857,36.30384028613109,-119.2445417605591,2048
9854,33.068120353730855,-96.45152854484104,2048
9861,30.56821857371045,-97.0689045398208,2048
9860,30.567470231958016,-97.06933165552692,2048
9862,30.56885513254751,-97.06965007290236,2048
9856,35.84130707700024,-119.0849922930856,2048
9858,30.251301439304854,-97.48729153080416,2048
9859,30.334654117370995,-97.34049522956704,2048
9863,38.9351996709228,-121.4667924756625,2048
9864,32.656144850354686,-97.13077875003144,2048
9865,32.657227228980794,-97.02694734130966,2048
9871,36.01703437852465,-114.74370565875512,2048
9866,32.665533424098136,-96.9610596206099,2048
9867,36.33446998514933,-115.33000512550028,2048
9868,36.32258096023431,-115.2082330159886,2048
9875,33.94254133672925,-113.53800839043414,2048
9869,33.81037513722521,-98.6008589571266,2048
9870,35.97929357974804,-114.79606432936951,2048
9874,33.905949981087325,-113.28631537107375,2048
9872,28.73984366534198,-98.02379785323836,2048
9873,29.31241736770053,-98.32037580061804,2048
9876,34.29096809541333,-114.1414036644121,2048
9878,32.88482803940625,-117.20083712296262,2048
9877,32.82584391243708,-117.18386419947716,2048
9881,34.90820157334488,-114.45498176236278,2048
9883,35.820039185205495,-114.43026333264976,2048
9879,32.89270243607582,-117.20596203293972,2048
9885,31.185543691703487,-96.48437134285436,2048
9882,35.81934292583617,-114.42797643211884,2048
9880,34.868670165383854,-114.5324570542738,2048
9884,31.371109680133262,-96.13330358130844,2048
9886,31.376987153808464,-96.20628440619096,2048
9888,31.40084915881779,-96.42648058355356,2048
9891,34.4686246119615,-119.88429463469784,2048
9890,34.36255377175983,-119.3093084954367,2048
9889,34.302229431363536,-119.18545117241226,2048
9887,31.384087041647376,-96.28191522094023,2048
9893,36.68401619375712,-108.47885911970104,2048
9892,36.68212461514611,-108.48522810532916,2048
9896,29.25822351815677,-98.38427406374244,2048
9894,36.8019943210534,-108.4423459070214,2048
9898,29.280640902268445,-98.5723433507512,2048
9895,32.44397408933685,-97.07274278632944,2048
9897,29.271432529360613,-98.45566704785524,2048
9900,32.72786123504505,-96.77416919696286,2048
9899,30.62254258506692,-96.08147074040234,2048
9903,33.06009457937555,-96.7003279967868,2048
9901,32.734748629430726,-96.77824103960272,2048
9902,32.77763395106421,-96.82598887964868,2048
9909,29.961785700690463,-93.89722475020186,2048
9904,33.06036409799071,-96.73399300713103,2048
9905,33.061280737828746,-96.80639524829353,2048
9906,33.85166454987888,-118.3951049980102,2048
9908,38.82897467708918,-122.81016457575562,2048
9907,33.852536450908985,-118.39379960033256,2048
9910,29.96351981027319,-93.89330961843386,2048
9912,39.331097500681565,-121.18969429982197,2048
9913,39.45417420912948,-121.51779573118448,2048
9914,29.836647893492746,-95.12347157397926,2048
9916,38.12348899954135,-121.82916229903869,2048
9917,38.12470529729798,-121.8301547455909,2048
9915,37.71217994846984,-121.56501850694724,2048
9911,35.99481935117138,-101.3919928999944,2048
9918,38.12742580720868,-121.83074695897052,2048
9919,38.17130344637541,-121.8464197063356,2048
9921,34.294364173893484,-114.14194595849048,2048
9922,34.417119474903586,-114.2113875394733,2048
9924,34.561765853514395,-114.34586837306266,2048
9923,34.50710165204341,-114.29877837919022,2048
9925,33.80892916436593,-117.9824567712724,2048
9920,38.22142225631181,-121.86696733169671,2048
9926,33.846284828121014,-117.98001708217946,2048
9934,32.000954165906684,-110.13056153257833,2048
9927,33.850998353858444,-118.02783388204108,2048
9929,33.84821272543316,-118.09726895405022,2048
9931,33.20304911637584,-98.37270175879006,2048
9928,33.850731216888406,-118.06410587463054,2048
9935,33.86547694868682,-101.84260864999058,2048
9939,33.35788471848029,-111.8297076602852,2048
9930,35.592862501769424,-108.81747678409064,2048
9932,32.90477006123411,-97.38394206577696,2048
9938,31.95936635989029,-101.92298937891816,2048
9936,33.86866657129709,-101.842630935063,2048
9933,32.908267457939395,-97.4770642614245,2048
9937,31.95799185894828,-101.92637910648156,2048
9941,36.08201150178474,-115.18291837391772,2048
9940,37.06665125079382,-121.07542190370664,2048
9944,33.01040410838255,-102.75764811582415,2048
9943,38.1178220075593,-121.16036043083258,2048
9942,35.0092263968227,-114.4925650701678,2048
9946,30.62398523058196,-95.9093717199383,2048
9956,32.900617193911735,-96.38154328788498,2048
9953,36.158211525926696,-115.2788346221076,2048
9951,33.66691082198595,-117.64243350383852,2048
9950,30.54145232743438,-97.64892450192328,2048
9945,30.9873708332965,-97.76668020145182,2048
9949,30.5511669277512,-97.561343009172,2048
9952,33.82892064382571,-117.78964467186454,2048
9954,32.777297584562234,-96.4757138162625,2048
9955,32.85778020038008,-96.42917210081336,2048
9947,31.36438736154649,-95.39546962772464,2048
9948,36.27901377951009,-108.27099483405954,2048
9957,32.969251651109346,-96.35077425421048,2048
9959,31.922120825128488,-111.06050231009829,2048
9958,31.910499857230786,-110.96085357438338,2048
9962,35.18378970000169,-100.93974450000007,2048
9961,35.16680755757064,-100.94008282528198,2048
9960,35.16384460097601,-100.94015155000186,2048
9963,36.84476409637373,-119.92262213139246,2048
9965,40.67898743572604,-122.4251203864392,2048
9966,40.60978940226493,-122.44413037258084,2048
9967,37.05325970720408,-121.02076947125876,2048
9964,36.853294944646365,-119.91700491547918,2048
9968,29.60451320292936,-95.56372340735776,2048
9969,29.61264494923685,-95.52998953933162,2048
9971,29.648561620064086,-95.44876909455505,2048
9970,29.628629472470426,-95.49681232550458,2048
9974,35.37982234987695,-119.09755827349127,2048
9973,29.724719095155898,-95.45107725928034,2048
9972,29.683753583132347,-95.44783569475214,2048
9976,35.40314749307493,-119.4523396975455,2048
9977,37.624819932987286,-122.11715070595858,2048
9975,35.387684657113695,-119.16405168339146,2048
9980,33.81265972156572,-117.86969949563692,2048
9979,33.8151868678064,-117.83460378723774,2048
9978,37.58281239500828,-122.31897230011926,2048
9982,31.5363751823411,-99.19780923746664,2048
9984,33.87422639489083,-118.1429920676052,2048
9981,33.80954083813299,-117.89895202003852,2048
9986,29.23015938860724,-95.91939273382752,2048
9983,33.771939738237826,-118.10023064788813,2048
9989,32.126182121436166,-96.10509528902692,2048
9992,30.1460482736711,-97.2688003114207,2048
9988,29.620922468072465,-98.1486908371988,2048
9985,29.02981021004497,-96.23681280640912,2048
9990,32.234710420214086,-95.94928125144678,2048
9991,30.091235601441507,-97.30591588405149,2048
9987,29.467299388678565,-97.99987961190226,2048
9995,34.17605856681869,-118.35973276469326,2048
9998,29.488354074213788,-95.13398619141468,2048
9996,34.243079913652124,-118.39188583276454,2048
9993,31.69930157732571,-97.10017738462535,2048
10000,29.48890772491908,-95.10943080958413,2048
9994,34.191232977403715,-118.37961659518962,2048
9997,29.391559937447976,-95.09097851448723,2048
9999,29.48751579048701,-94.9824218467672,2048
10003,36.09063910389878,-115.21342552947569,2048
10002,36.05641786392502,-115.21106803733262,2048
10001,40.60187846160878,-122.38279506894794,2048
10007,29.820021400033976,-95.15408339997776,2048
10005,29.81795556868304,-95.16355544848383,2048
10004,36.11400058711879,-115.21343584730982,2048
10010,33.901632097719784,-118.39161202508907,2048
10008,29.820154679151518,-95.1262486514401,2048
10009,33.89922201444918,-118.38460766488352,2048
10006,29.81845918484085,-95.21825901463647,2048
10012,33.90271323242568,-118.401929656722,2048
10014,33.66307346501821,-112.13331466209829,2048
10013,33.903519424789565,-118.39789129288584,2048
10011,33.90238601842895,-118.40303459286945,2048
10015,33.70887717054664,-112.13448049739348,2048
10016,33.70720243960729,-112.2013942515513,2048
10017,33.707593450188185,-112.28068045000188,2048
10021,35.81923481838825,-115.01126720953152,2048
10018,33.47534345112628,-112.06637509096822,2048
10020,38.0288802009268,-121.90263564781448,2048
10022,29.580559109282135,-98.4087784040707,2048
10019,37.71548599049574,-121.5669089338726,2048
10023,29.61003042059604,-98.27085567450766,2048
10028,32.036108515775126,-102.25175628805188,2048
10026,34.10516957870245,-117.9805042218745,2048
10024,34.30285562584928,-103.33800555651295,2048
10025,34.36607935015662,-103.31762390006512,2048
10027,32.121222030236105,-102.52872435757108,2048
10031,32.7318080211579,-103.31168935212816,2048
10036,37.75681566557817,-122.38622949024293,2048
10034,31.80485727217399,-106.58745069101322,2048
10033,38.05875295246371,-121.37684419355467,2048
10029,32.164931111849285,-102.77732560401562,2048
10032,37.79782898376544,-121.58022042831762,2048
10035,32.302899059905755,-107.77897822891416,2048
10030,32.24969262800971,-102.82738498251412,2048
10037,37.632141639565845,-122.10191765128752,2048
10039,38.02083637620852,-121.90591497976274,2048
10038,37.74471740763789,-121.93641578624629,2048
10044,32.988537819921824,-109.27513695226048,2048
10046,33.351816819113445,-111.94198406632071,2048
10043,32.96680158473861,-109.17237610251532,2048
10042,30.005378384387136,-97.67422222379724,2048
10049,32.744375283161766,-94.70021314645793,2048
10045,33.29186910314907,-111.96529186000951,2048
10040,38.77874868029653,-122.75520812405291,2048
10047,33.012761854804594,-96.77733488452024,2048
10041,29.772663438104324,-97.9495623237956,2048
10048,33.04248250249216,-96.77662225763922,2048
10051,36.70679087380096,-119.880005448832,2048
10052,32.445268967560686,-104.20033967894469,2048
10053,32.50585442719856,-103.9655482517128,2048
10055,34.21230134991024,-102.73229030001674,2048
10054,34.21189422180161,-102.73324645396526,2048
10059,32.67405686081114,-111.63814285324176,2048
10050,37.41576327176484,-122.20575975014948,2048
10058,26.2774875273385,-97.61339997493748,2048
10057,30.25969580469902,-93.73785523855572,2048
10060,32.86472245007156,-111.7737409500008,2048
10061,32.86905167488513,-111.77505085741328,2048
10056,34.30173500985799,-103.1710064664464,2048
10063,32.63785224913189,-117.01619935832912,2048
10062,32.88547431114597,-111.7750272812058,2048
10064,32.665009557038914,-116.98675408725931,2048
10065,32.60826453980523,-117.09434192978662,2048
10067,32.681507868465985,-117.12007481052537,2048
10070,40.87767675075656,-121.92872079717117,2048
10066,32.6316517052878,-117.09968017990474,2048
10074,30.08393176924238,-94.07397465170816,2048
10071,35.40193397341497,-100.8909664399308,2048
10069,32.679152064015454,-116.98391805220848,2048
10068,32.69474048735892,-117.14367874495478,2048
10072,32.59566440888018,-97.4399589027833,2048
10073,32.61262873264367,-97.35303827997306,2048
10076,28.8155136515699,-97.74064009889968,2048
10077,28.87161254740177,-97.16446996632811,2048
10075,30.164085151512868,-93.88205770007649,2048
10078,27.321192227503357,-98.99811751885248,2048
10082,34.311868877496664,-109.16096951486448,2048
10080,33.71332902049519,-117.85249292304977,2048
10079,27.327584735583223,-99.41155741342386,2048
10085,28.9484632395962,-98.48494511614382,2048
10089,33.32594381575665,-97.31402736552462,2048
10083,34.05541229565632,-99.6751711598067,2048
10081,37.91997968854604,-121.24033049174471,2048
10084,34.373393648562974,-100.08684145144936,2048
10087,33.31260690092676,-97.52855940097632,2048
10086,29.210150403454985,-98.5046014686771,2048
10092,37.57469060018576,-121.86599894985132,2048
10091,37.50090467437656,-121.98661928997215,2048
10090,40.07488805319782,-119.974143462017,2048
10093,37.628435133663295,-121.78718506912504,2048
10094,37.698576749754906,-121.6106836529142,2048
10097,36.327128403748745,-107.27745332942966,2048
10095,35.30286984426586,-111.09492267716028,2048
10096,35.30366073448596,-111.09464834463482,2048
10098,37.847902300324215,-122.16108043432834,2048
10099,33.676403362762606,-116.17240977417453,2048
10100,32.78481130009227,-117.13834219989864,2048
10088,33.32461098394339,-97.3106036029882,2048
10102,32.78607421940068,-117.1383516633714,2048
10101,32.78499285990723,-117.13782054519038,2048
10103,32.88967697051825,-117.16984581774942,2048
10109,33.644131357805826,-111.88599740627868,2048
10105,33.21129961347422,-117.33448894476122,2048
10113,36.60577731736921,-110.51404110185229,2048
10104,32.783854484133684,-117.13722135000732,2048
10106,34.15782537455532,-118.2802355726701,2048
10108,33.591121903308704,-111.83910039794546,2048
10110,33.652081971888,-111.89275117664567,2048
10107,33.42649230543267,-111.91118597519387,2048
10112,33.42833192776804,-111.9110836135422,2048
10111,33.68463720608327,-111.92091995153946,2048
10114,36.62078913713135,-110.46513369319632,2048
10115,36.62105324854381,-110.46525412059565,2048
10117,36.78194009620993,-110.23578729024312,2048
10116,36.72961855590429,-110.3167576555588,2048
10118,37.50276672017058,-121.98156050580332,2048
10120,31.739430054203147,-99.64222702920684,2048
10119,37.78213354676004,-121.96751283427952,2048
10123,34.9468754198141,-110.29064442001363,2048
10124,32.55854044353274,-96.72617841062406,2048
10122,34.34399238164449,-100.89386901699277,2048
10121,32.19352377126097,-100.0281613508255,2048
10128,32.63203540033962,-96.9461021992866,2048
10127,32.61495685758815,-96.9245818286726,2048
10125,32.55779296763445,-96.8434934499385,2048
10132,33.9287997802034,-118.1054696503654,2048
10126,32.57475622502294,-96.86935734823756,2048
10134,33.908420067887114,-118.42308196640673,2048
10131,34.04096192658361,-117.32031403392888,2048
10130,29.619386225138623,-98.57167792342383,2048
10135,32.87017773864877,-111.56166367817691,2048
10133,34.00499333904386,-118.06678305203128,2048
10129,32.64903600912487,-96.95957006039836,2048
10136,32.91623266567097,-111.50870969319566,2048
10137,33.07094333982479,-111.44284829911388,2048
10138,33.23060214822521,-112.6204755268452,2048
10142,33.120972046133105,-117.11735451541608,2048
10143,33.1257585836458,-117.11672807893989,2048
10139,32.11406026047338,-106.84826878598572,2048
10146,32.64004344813419,-97.2515713408465,2048
10147,33.439063822314786,-111.91235046672902,2048
10140,33.101125250472265,-117.25043570002616,2048
10141,33.122840318333054,-117.28790076541142,2048
10145,37.4929620069159,-122.13796463300936,2048
10144,35.29216614036904,-102.58255554791668,2048
10148,29.963355720920724,-93.92206996491431,2048
10149,36.265187824931175,-121.14581778794474,2048
10153,36.30035647907333,-111.44501486359616,2048
10154,32.870750208710604,-111.56669879751806,2048
10152,36.806831959608544,-121.77792525101044,2048
10150,36.78534313789845,-121.6710957611102,2048
10151,36.79795485004543,-121.73416140000162,2048
10157,32.05474885099134,-95.60337696805335,2048
10155,32.871284051048725,-111.56688964982372,2048
10158,36.10791336427484,-118.93811668027163,2048
10156,32.962410256366134,-111.99486616494283,2048
10160,38.08089746064509,-122.13738217732217,2048
10161,33.42872072410453,-111.94504083192734,2048
10159,37.03914491393222,-118.963768999617,2048
10164,36.86207705003009,-120.77731815000318,2048
10162,36.651744348027016,-120.58416187888328,2048
10167,37.04146538107552,-121.01083324815666,2048
10169,39.54494646670867,-115.973793317881,2048
10165,37.01055917581638,-120.96282673294952,2048
10163,36.65234602069344,-120.58156987624795,2048
10166,37.018614054029904,-120.9759211763805,2048
10168,39.50595365534614,-116.85916585374504,2048
10170,31.446950566990218,-99.89129538835404,2048
10174,38.03271180002136,-122.07431824996316,2048
10172,32.19651450274788,-100.02305654791276,2048
10175,34.13100951013624,-119.16690776566531,2048
10173,32.300552588338505,-99.97407701759089,2048
10179,29.4806225503022,-95.63047239979984,2048
10178,36.11502310051806,-115.18947263945756,2048
10180,29.482780176388083,-95.63042055117128,2048
10171,31.52897569253729,-100.32112736605907,2048
10177,36.10247735880377,-115.17987875305094,2048
10176,36.4115959278895,-114.9612978845404,2048
10187,38.76619147643014,-122.70744354755908,2048
10188,38.76580909361037,-122.71192857227952,2048
10182,29.456208093768407,-95.3083125698608,2048
10183,29.48124460161222,-95.586378800046,2048
10184,29.48905482028713,-95.46653157765078,2048
10185,29.490707596087688,-95.43005922167542,2048
10181,39.02393299654512,-121.7231210100402,2048
10189,38.76620279872896,-122.71325218841692,2048
10186,38.762586842471855,-122.69249634409417,2048
10191,32.68508619864541,-114.47020037200264,2048
10190,34.08510355115209,-99.18338573652892,2048
10192,40.807894066475896,-121.9357763671129,2048
10193,34.47543861547359,-114.27081455541138,2048
10199,28.69293501827429,-96.94558280515857,2048
10198,39.90537264194065,-121.34558739998424,2048
10195,33.21940625366059,-97.26004828331229,2048
10196,33.19071184948048,-96.33793826687906,2048
10194,33.17576668064211,-97.2191791361888,2048
10201,28.697281230267198,-96.94575727365316,2048
10202,28.70159585006783,-96.94861610002684,2048
10203,28.78674546370664,-97.0104472463322,2048
10197,39.72351408716019,-121.46996716686584,2048
10200,28.6955515298703,-96.9451440529429,2048
10208,29.45069959746757,-98.32236738074327,2048
10207,29.381981566400857,-98.31848403100076,2048
10205,32.760361344945885,-114.74864311317148,2048
10206,33.046962573872634,-114.88423125124746,2048
10209,38.75226264267392,-122.71964323063926,2048
10213,32.72001068040172,-114.70967879692262,2048
10204,40.8467268597694,-121.99106362891874,2048
10214,32.71985870926794,-114.71077357694372,2048
10210,33.42540672554982,-111.66807845537276,2048
10212,34.43222755947892,-101.35958697501128,2048
10215,32.73647729505336,-114.71264210412504,2048
10216,30.971238181241777,-97.5130359152384,2048
10211,34.34228789385418,-100.89803467461824,2048
10218,35.927045415551795,-115.17484162497804,2048
10222,29.61563692633674,-98.4696539088138,2048
10217,30.972125955993416,-97.51111939749217,2048
10220,33.45219979520946,-104.45138331619091,2048
10224,33.91901604983902,-118.42531988933771,2048
10223,32.86799875135396,-114.34737530067063,2048
10225,33.93065557733128,-118.42787834914468,2048
10219,33.31492614843059,-97.73020605952624,2048
10221,33.99072237105785,-103.85838527846522,2048
10226,34.03319347113886,-118.45999699086754,2048
10227,33.43679431284708,-112.59247155452192,2048
10228,33.59201091941644,-112.71777853236556,2048
10232,36.14161986112119,-120.12619343374736,2048
10235,36.233525337174406,-119.91689833396916,2048
10230,37.800016713167125,-121.90769196039798,2048
10231,35.2869982361901,-112.7552727221128,2048
10229,31.15361885677996,-102.2232192973643,2048
10236,30.00353924975696,-97.667627455827,2048
10237,29.894873296011696,-97.2700924257198,2048
10233,36.24047680845577,-119.90443094798307,2048
10239,32.86385438113434,-101.00970322122689,2048
10234,36.23228620186169,-119.91918560097253,2048
10240,32.92533135633066,-100.2167754999588,2048
10238,29.79555475027072,-96.87838355028155,2048
10243,34.8466159491211,-112.02999362139028,2048
10241,36.90353117952554,-111.4762820772141,2048
10242,39.29480400110746,-118.5712201650578,2048
10244,35.17565344518114,-111.65394153112996,2048
10246,33.76744627445365,-118.0963657440394,2048
10248,34.037624744547855,-118.2298788652822,2048
10245,33.7635342593732,-118.09637980202146,2048
10250,32.18580430019343,-95.21592894999436,2048
10249,32.68492140010074,-97.47149350743044,2048
10251,34.05903488169627,-101.17945756552872,2048
10254,32.92990087948698,-111.59032430451032,2048
10253,34.935183589341115,-118.84297613254888,2048
10255,33.008185956120506,-111.52554454653396,2048
10252,33.76553690124753,-118.22510440101505,2048
10247,33.982005149991174,-118.16744849996044,2048
10257,35.114035461650445,-106.72355989628568,2048
10258,35.327278595374935,-106.85482749155346,2048
10256,30.85888117897365,-96.25890243468244,2048
10264,34.10558696396705,-118.3587864115106,2048
10260,33.77444572579196,-100.87182956046324,2048
10259,33.543892390545736,-100.89707021867028,2048
10263,34.088140296779024,-118.3474889946164,2048
10261,33.77444089999947,-100.8722028000006,2048
10262,33.77829930694041,-100.87653745012582,2048
10266,34.02210310000794,-98.95697600002136,2048
10265,35.44746757969309,-100.86537915856684,2048
10267,34.0427090385215,-99.0937443246606,2048
10268,28.952187800496183,-95.43464830024858,2048
10269,28.985146330062197,-95.35822392645288,2048
10271,33.012606379860806,-96.49992720934893,2048
10272,33.019731065091506,-96.52321963756482,2048
10270,28.986278910441676,-95.3580886735443,2048
10273,33.02096565035311,-96.52429654998832,2048
10274,33.02283579245425,-96.52546721808308,2048
10276,38.28543622706878,-121.97050490946548,2048
10275,33.0253395265529,-96.52772404588887,2048
10278,33.77186374173712,-111.99632122270194,2048
10277,36.61084779400486,-119.63931750187145,2048
10281,33.06602472475872,-97.00970990758144,2048
10280,37.20399233116334,-119.2429742111501,2048
10288,33.498387585141344,-101.94022092284308,2048
10279,34.39250764980043,-101.31488700000148,2048
10284,34.04342403143662,-118.24639218718444,2048
10283,34.03887479479746,-118.2378549447767,2048
10289,32.71335013098419,-103.35310516448654,2048
10287,33.491516305111176,-102.05566814742592,2048
10286,33.49834402956244,-101.90563499585312,2048
10282,33.0721697475259,-97.0352448881096,2048
10290,32.27984929474027,-95.34645669596686,2048
10291,32.317928843454155,-95.4064185807407,2048
10285,33.49840089000706,-101.88879885792085,2048
10294,32.539565273543616,-96.31407837622793,2048
10296,35.15364882031486,-114.54808367573582,2048
10292,32.3294782919338,-95.42181162789664,2048
10293,32.446512893086705,-95.57918754099909,2048
10297,40.98705309474195,-121.8493675159116,2048
10295,35.09654995180204,-114.56143655000729,2048
10300,33.168667121228346,-115.4925191446534,2048
10299,33.17021650876103,-115.4485964953478,2048
10298,38.86349319823578,-120.44282580803568,2048
10303,33.16862492619683,-115.53713633379482,2048
10302,33.168665925328554,-115.53569266211302,2048
10307,36.38194697335403,-114.92171668165832,2048
10304,33.16852505022607,-115.5381207000014,2048
10301,33.16890825001885,-115.49346189999967,2048
10306,36.92213928709135,-119.98450241558892,2048
10310,29.913282381710623,-93.90111373575148,2048
10309,35.7967505472893,-114.98201029998896,2048
10308,35.79230800064272,-114.9891730000019,2048
10305,33.20493581104776,-115.5731218401042,2048
10311,32.03737915861009,-102.24625655277708,2048
10314,32.54425464271471,-111.28580055764034,2048
10313,28.85889494469432,-97.87860377579742,2048
10312,35.0296336424678,-119.0043768435201,2048
10316,26.410840400841536,-98.57683394970957,2048
10319,30.111166118496897,-96.42557741139773,2048
10320,29.96279636474091,-96.68772376241198,2048
10321,40.51805948494774,-122.3154002751928,2048
10315,35.775588963700585,-119.91372841949936,2048
10324,40.53667350000004,-122.334509,2048
10318,26.457694460655745,-98.73702094885874,2048
10323,40.51934810576072,-122.31584422353984,2048
10322,40.51934808795892,-122.3158441236214,2048
10327,40.571391000000006,-122.3506649,2048
10325,40.53742109999995,-122.334514,2048
10317,26.411361200098924,-98.57639040016268,2048
10330,40.575764180995805,-122.3536833128803,2048
10331,40.5761326,-122.3548637,2048
10334,40.57778890000013,-122.3566276,2048
10332,40.57800230000003,-122.3543225,2048
10333,40.57788730000005,-122.3551784,2048
10337,40.57892279999999,-122.3559683,2048
10326,40.53807690000002,-122.335442,2048
10335,40.57831219999997,-122.3546411,2048
10328,40.57320609999995,-122.3512096,2048
10338,40.57973100000012,-122.3571258,2048
10339,40.580249999999936,-122.35767160000002,2048
10336,40.57833050000003,-122.356773,2048
10342,34.171608500682375,-118.42314884999708,2048
10329,40.5731954,-122.3512847,2048
10340,40.580755100000005,-122.35744740000004,2048
10345,37.54137235002246,-121.96199945053785,2048
10341,40.58083610000004,-122.35763750000004,2048
10346,37.66971108005632,-121.8544255993483,2048
10347,37.67250494379056,-121.85950491738912,2048
10344,32.848636633712864,-94.5493623640607,2048
10348,37.70408693429832,-121.90075023075096,2048
10343,29.350296770475083,-98.5751300055016,2048
10350,33.446252399258135,-102.45478366921417,2048
10352,33.44648378318459,-102.45663259762787,2048
10351,33.44638603269282,-102.45575766706372,2048
10349,33.12516971491271,-102.765850728748,2048
10356,34.01520316200755,-118.20387322237728,2048
10353,36.27467634658553,-115.09628014770507,2048
10355,29.88138827426516,-95.57637610520403,2048
10358,29.03824924824476,-98.60995419713628,2048
10360,32.680033250240044,-97.08330490000782,2048
10359,34.77305372105535,-102.29809545954224,2048
10357,28.927386371258937,-99.09261716521036,2048
10362,33.4122281035946,-112.50028495142833,2048
10354,29.822794046574447,-95.57308218033002,2048
10361,32.71389614804736,-97.07054684600372,2048
10363,35.03863068781321,-118.29290753994258,2048
10364,35.04377666391969,-118.27634005761485,2048
10368,29.673209891066637,-95.71757431596048,2048
10370,29.745539279229604,-95.73901055223264,2048
10371,29.910055732012204,-95.7773807769911,2048
10369,29.8029677205398,-95.75385718744356,2048
10365,35.04467336345328,-118.2762903458691,2048
10367,36.80025904923511,-121.76908598903448,2048
10373,33.915792039387526,-118.36205212568515,2048
10366,35.49560456054851,-101.0423545151648,2048
10372,33.89492279267547,-118.35790708914422,2048
10375,33.98916584304159,-118.35934089492788,2048
10380,29.776785789837387,-98.4134005512686,2048
10376,30.33306556015652,-99.5762157318603,2048
10374,33.9656189263518,-118.35806267423158,2048
10377,30.69597388731168,-100.19485175970824,2048
10379,29.777757755898477,-98.10582777166228,2048
10383,29.794944982231165,-98.59318594484978,2048
10385,33.45317831691779,-117.57147437470992,2048
10381,29.788738656290214,-98.5263185448076,2048
10378,29.75877464817163,-98.2452105865966,2048
10382,29.78304827801817,-97.9901016558898,2048
10389,35.14788795007178,-102.0985368500012,2048
10388,33.384949496816986,-112.8592659840398,2048
10387,36.88820817080524,-119.15954046189354,2048
10384,29.88683300054017,-98.7606052311188,2048
10386,36.1826527977397,-115.34463052374936,2048
10393,32.53788415216606,-107.4928521150257,2048
10394,32.997341418425805,-112.19644786572688,2048
10390,30.16194529496802,-93.84058737485545,2048
10392,35.1081610469949,-118.31381306575489,2048
10397,39.57512805700826,-119.53034321887044,2048
10391,35.09906383194779,-118.33454944757328,2048
10395,30.14261911095736,-97.54537121363646,2048
10396,39.563112591777,-119.51886426480957,2048
10400,39.55828511638513,-119.8065442263836,2048
10399,39.564803893505,-119.77296452491647,2048
10402,31.584798930520428,-94.6117266731328,2048
10398,39.57160954651895,-119.73768429447568,2048
10401,32.0146987873106,-94.62430247557576,2048
10404,32.99865161698049,-96.9305200886969,2048
10407,33.06025430792405,-96.85968057397056,2048
10405,33.048286666526366,-96.9039733056952,2048
10408,33.06158381912785,-96.85942197214028,2048
10406,33.05879035074831,-96.83110225011607,2048
10411,36.58223869622512,-115.94732193844835,2048
10410,36.31732172872116,-116.01077776433809,2048
10403,32.98446140433724,-96.93850217403508,2048
10409,36.19703980245785,-115.96875590947862,2048
10412,38.78786308064777,-122.72241171757932,2048
10413,33.00137379954052,-99.60549440042162,2048
10414,33.37001628144859,-99.5923013143513,2048
10415,33.44829622529264,-99.66038228669,2048
10416,34.05106672420415,-118.47612525394534,2048
10417,37.14804480827495,-119.25664291595332,2048
10418,30.025521800114827,-96.99492475092578,2048
10419,30.04441534807207,-96.98653869794398,2048
10420,34.39909954792297,-101.79524587892772,2048
10421,34.06708539445928,-118.22615964529729,2048
10422,32.85750525217017,-96.6532494693544,2048
10423,32.87240149360764,-96.66343236231349,2048
10426,33.817448135203264,-118.24382215959284,2048
10424,29.98796608796291,-98.88764882596276,2048
10425,32.19025911702496,-100.01711344609316,2048
10427,31.43759038856835,-96.67740571790128,2048
10428,32.274671784651815,-101.4228065089092,2048
10430,35.87158450077145,-120.32151422653465,2048
10431,35.87177169892022,-120.32082195722204,2048
10429,35.86996885201562,-120.32252263871467,2048
10433,35.33741901557926,-106.58358200670412,2048
10435,35.3486253559408,-106.48294560001544,2048
10432,30.1454801712143,-97.5485378875476,2048
10434,35.3269052000962,-106.70932310000951,2048
10436,29.651184751570263,-98.01705928395032,2048
10437,30.23027571507859,-97.61428706926708,2048
10439,30.231987642351328,-97.61382929865276,2048
10438,30.231496879054166,-97.61585256265572,2048
10442,29.483820161559866,-98.71839312254284,2048
10441,30.409970406138672,-97.574088881028,2048
10446,33.57413158341523,-112.05991727392222,2048
10440,30.37127721589145,-97.58090554587412,2048
10444,29.617180514893867,-98.60806712290032,2048
10445,33.655807218496975,-112.05583848532976,2048
10448,30.086205767356404,-95.4403881759521,2048
10447,30.085037758396798,-95.36873082453306,2048
10443,29.548170785335618,-98.68187369331416,2048
10452,34.20518703650912,-118.21057996296004,2048
10451,34.22149129906794,-118.18709233581792,2048
10453,33.94797713598908,-118.255337576309,2048
10449,30.593908964197237,-95.91913325678128,2048
10454,33.982682978418,-118.20539156482408,2048
10450,32.333209491951,-100.91432124376672,2048
10455,33.99798532635521,-118.20615416772684,2048
10456,34.00416195553661,-118.20660152513052,2048
10457,33.13675423009921,-117.33529704272276,2048
10458,33.137279722684106,-117.33254925394336,2048
10461,32.74570063768073,-114.49131418056253,2048
10460,32.94193086231953,-113.5102051822752,2048
10459,39.82643839998216,-121.40965760013886,2048
10463,32.95407494180608,-113.48919859247012,2048
10462,32.948566078478216,-113.49133683660268,2048
10466,35.283525098290895,-101.74530655051696,2048
10465,37.74474797587594,-121.85784977759458,2048
10469,33.058303249649235,-94.84405260173196,2048
10464,34.07992646105945,-117.23893737450558,2048
10468,33.057242250198094,-94.8416521499977,2048
10474,29.643227855352208,-95.04045262522548,2048
10467,33.05515055121141,-94.83744547152874,2048
10470,33.058355884846776,-94.8421928348626,2048
10472,29.597668850073795,-95.03129739984765,2048
10475,29.654623032587036,-95.04023822392018,2048
10473,29.6162390277067,-95.0367158893322,2048
10471,29.491604849165515,-94.98445763052864,2048
10476,29.6919999277883,-95.08905557945764,2048
10477,29.692381775249764,-95.12901913247951,2048
10480,29.74805667102429,-94.92489554326836,2048
10478,29.6948407394633,-95.03949062322904,2048
10482,29.838655707365884,-94.92151636508116,2048
10483,29.850455599561823,-94.92822226722852,2048
10481,29.75020778401568,-94.90380161902333,2048
10485,38.0533926032783,-122.23452182577122,2048
10486,29.722092280805008,-95.49769092594572,2048
10489,34.58729387157437,-104.0357453510204,2048
10484,29.850458000426705,-94.92821980022698,2048
10479,33.96635353250933,-117.07722693498116,2048
10488,34.30081320844404,-103.17520717759422,2048
10491,33.66912142508607,-111.99372183506831,2048
10487,40.81576784644854,-116.4950505172914,2048
10490,33.65442918701184,-112.04122363890215,2048
10494,33.54691450032892,-97.03622049783556,2048
10492,32.60363402914699,-111.56973775040332,2048
10496,33.80676126664478,-117.98665577933971,2048
10495,33.74496927524591,-117.99995402228288,2048
10493,33.317786719786234,-96.6394253393877,2048
10498,33.42297885675265,-111.656097612243,2048
10499,29.720380272550056,-95.22694335377552,2048
10497,33.39273064701612,-111.6060377954877,2048
10500,29.74579773023365,-95.23090119210366,2048
10501,38.32387907290412,-117.33580389789574,2048
10502,38.70708839318166,-117.10543454135816,2048
10506,32.39873533184035,-100.64802298368168,2048
10508,39.05250110237492,-121.69194005312954,2048
10505,34.109439571075235,-118.25438280969526,2048
10511,28.753560029006817,-97.61646769790488,2048
10503,32.43159327571802,-97.38802045405944,2048
10504,34.03624245075868,-118.1114154212965,2048
10509,39.05177051749817,-121.6961962634123,2048
10507,32.46996752893259,-100.66604143980987,2048
10513,33.63040717651167,-116.23925087060498,2048
10512,28.71682195921861,-97.21257968060053,2048
10510,33.535951889111736,-98.34182684470537,2048
10516,38.80880611573851,-121.51650583561384,2048
10519,30.389468669973343,-97.3247153701498,2048
10515,37.9922063888127,-121.34845639337676,2048
10514,38.124847262499685,-121.83189651198796,2048
10524,40.71510922294567,-122.42119250978386,2048
10518,34.44502680013291,-101.91966574999994,2048
10517,31.513799150858176,-100.59802194937193,2048
10521,35.10552705003322,-101.81347369999747,2048
10523,40.71510411270651,-122.42119355724569,2048
10528,33.48373044645053,-111.94111777674634,2048
10529,33.63882046449222,-112.27261336519022,2048
10527,33.46323540646782,-111.93950771837494,2048
10526,39.52696329977489,-117.0902006934894,2048
10520,30.417017250115997,-97.35910619981168,2048
10522,35.09969650411811,-101.863913814007,2048
10525,33.80818100137978,-117.93310308145774,2048
10531,33.70369398844259,-111.93889240738926,2048
10537,33.63904743044315,-95.5810411779377,2048
10532,35.18271627261408,-111.39527400278756,2048
10530,33.63552065459311,-112.3434797160188,2048
10534,29.773954771474337,-94.90268791796515,2048
10533,29.77279775864593,-94.903380004627,2048
10535,33.63253735023528,-95.69829660000796,2048
10539,28.704005660850225,-98.47430697496914,2048
10536,33.63814554846812,-95.5902699198346,2048
10538,33.6336603439507,-96.15885332891185,2048
10540,29.05971829600606,-98.95038243138272,2048
10544,33.44542141838527,-104.44871195816144,2048
10541,29.079430255213907,-99.04847991170756,2048
10547,37.18501816878428,-120.27393592738083,2048
10542,36.00261246628549,-115.12909231129125,2048
10550,30.412999974612998,-97.46046501325344,2048
10552,32.403629353570004,-108.59931936981542,2048
10546,36.98312106382701,-120.03354706412271,2048
10545,36.42539369490291,-115.42975626853377,2048
10543,39.77781273433144,-122.14275550804882,2048
10549,30.41287464117438,-97.4590618744553,2048
10548,40.52578702926649,-122.4281284308916,2048
10551,30.412059804857,-97.574298168007,2048
10553,31.04625954917165,-100.5414464541258,2048
10556,31.442076650158217,-97.4257614001159,2048
10554,31.04737570313149,-100.5432905750904,2048
10558,35.32801554211498,-106.85651711861848,2048
10555,32.48353468024419,-103.93959093664712,2048
10562,34.299822018956,-118.48961095554964,2048
10560,35.831341634358616,-107.19446934249667,2048
10563,32.57338282348058,-103.97616956286984,2048
10561,32.06258521183099,-96.59300044540596,2048
10559,35.35476150721131,-106.85463857512651,2048
10557,35.08905605251358,-118.97581842483572,2048
10564,34.405988970796884,-112.10838140609032,2048
10567,36.08618379946287,-115.2826053522024,2048
10566,36.05615282767934,-115.27630308744988,2048
10571,29.912299591490346,-96.7551174574876,2048
10568,37.79151063762079,-121.72763245047813,2048
10570,31.370148708621084,-94.76860916854376,2048
10572,32.85760640161901,-97.51211539062588,2048
10569,37.70059336915188,-121.7334111794815,2048
10573,32.90688551459588,-97.47846489293508,2048
10565,36.05160587759114,-115.24246184095442,2048
10576,33.053517900010526,-110.89959091583144,2048
10575,30.066311299922383,-94.2323475499968,2048
10578,33.031474900030005,-111.35284800000004,2048
10577,33.14678790345077,-110.97574920541813,2048
10580,34.64048230510299,-110.32415495401548,2048
10582,33.99778605826756,-114.21706587502398,2048
10574,30.045397060815198,-94.37393047015478,2048
10579,33.156763218251285,-110.983145117593,2048
10584,40.98677778629761,-121.97671064014273,2048
10581,33.705650762672505,-112.3263005711765,2048
10585,40.99257245242968,-121.97469718111196,2048
10583,33.99863365874317,-114.2165193820656,2048
10586,33.318201600888784,-96.53214740986331,2048
10589,30.303634091809617,-94.25720251547057,2048
10590,33.79768665454247,-116.28705308954083,2048
10587,33.315846998699456,-96.5938109566752,2048
10592,31.96463878173693,-110.57044668521394,2048
10588,33.3215675313726,-96.52712772680933,2048
10591,33.81833158268428,-116.36966326900412,2048
10593,30.089158724349144,-95.52702874449396,2048
10598,37.11998472713925,-121.06896844204688,2048
10594,36.00233477320279,-115.1712621850622,2048
10596,41.64881937036584,-121.317847337896,2048
10595,36.00185328586798,-115.205263818288,2048
10597,37.119003168491886,-121.0680816541026,2048
10600,32.20724530012209,-101.38802035021304,2048
10601,33.381495089217225,-111.99609821961133,2048
10604,33.376724014989634,-112.08465371958532,2048
10602,33.38032664785409,-112.04532090540732,2048
10603,33.38013676317387,-112.04671050369764,2048
10605,35.124608702723535,-106.72540360015456,2048
10599,31.813199515579985,-102.49572570477574,2048
10607,35.40271620111764,-107.84826910817232,2048
10610,33.44167406072759,-112.07705884056818,2048
10613,33.45811257300176,-112.0657591223402,2048
10608,32.62902096207238,-101.14949172471388,2048
10612,33.44247925591748,-112.07705568863904,2048
10609,29.47425125973783,-95.62284978241918,2048
10611,33.44167311417017,-112.07830378082132,2048
10606,35.27624325011755,-107.26615450014872,2048
10616,34.588472634863706,-104.0368419529535,2048
10617,35.10075755097815,-105.0191463876387,2048
10614,37.15811086960554,-121.63760241704276,2048
10615,37.22139724830929,-121.74662002803692,2048
10619,36.307123021936654,-115.18780286719571,2048
10618,37.91784027104276,-121.6264115932984,2048
10622,37.23368602974261,-121.90088326977848,2048
10624,38.144553588973615,-120.38140669531256,2048
10620,33.60607001815792,-114.5998395825738,2048
10626,29.46029690835425,-95.25797379276864,2048
10621,33.61135264736425,-114.68038001247558,2048
10625,33.00161770748542,-94.95868633167426,2048
10623,37.2538357756909,-121.96619793703364,2048
10627,36.80572416202619,-108.44384886166026,2048
10629,32.92369371567976,-95.9660220074052,2048
10628,33.35400535986401,-111.93603521352983,2048
10635,33.44152784511742,-112.1536853849184,2048
10632,31.68586881729069,-97.3750525408003,2048
10630,32.56072202742037,-103.8038241991945,2048
10634,33.44090031285309,-112.09523115177812,2048
10633,31.81447508929264,-97.39644067822562,2048
10636,33.44230208522226,-112.161251623369,2048
10631,31.540210414137857,-97.40890033924708,2048
10639,37.7668029,-122.4104466,2048
10640,37.784749050079526,-122.39374794997072,2048
10637,34.03976213260421,-118.23666422177944,2048
10641,33.40583254792519,-112.2841753308918,2048
10638,37.76299460000001,-122.40944480000002,2048
10642,33.42011504433473,-112.18786408687856,2048
10646,29.79475132594436,-95.43343780182056,2048
10644,30.3035339495747,-94.25355769874665,2048
10643,31.516555023517057,-100.59873612944402,2048
10649,34.082302216671025,-99.18075203204371,2048
10645,29.75060599351057,-95.44787564942447,2048
10650,32.3383326443347,-97.73351657982164,2048
10648,33.25495773351509,-99.52076413280788,2048
10647,29.815178198568823,-95.434827216018,2048
10651,32.57969115034409,-100.69251064979154,2048
10656,33.24530144026932,-111.83341801705927,2048
10652,36.49358106832796,-108.23308163469598,2048
10653,29.939928429188424,-95.53313009687436,2048
10660,26.64098290023996,-97.76560094999488,2048
10654,27.09203047609928,-97.7743918026964,2048
10657,33.26388310915358,-111.740656865743,2048
10659,26.53518700490153,-97.59897967201302,2048
10655,27.560510117466755,-97.6688623222624,2048
10663,32.69059360304964,-97.03490351048744,2048
10664,32.74433535577826,-97.03508479353287,2048
10658,33.29078737956037,-111.70283563592557,2048
10662,32.39330132263572,-97.4854390101575,2048
10669,32.437935893770586,-100.3511365218808,2048
10667,33.53603451653969,-112.18535416048653,2048
10672,35.25495879161173,-101.35964490517868,2048
10670,33.179981300258014,-101.6850122493456,2048
10665,32.75749633750446,-97.0339599421889,2048
10671,33.14145621349323,-117.23883325952023,2048
10674,32.83735500006523,-96.54859544999944,2048
10666,32.814789949152726,-97.02539784922854,2048
10679,40.64595551549464,-122.62537691998396,2048
10673,32.83697961364939,-96.5476996221192,2048
10680,40.79214538791594,-122.7674473513733,2048
10676,37.45714771479639,-122.28620014433636,2048
10677,37.66252095925936,-122.44260349325444,2048
10682,32.7828622490264,-102.67561014389368,2048
10678,33.24922399537031,-111.99681343977868,2048
10675,32.85497250047878,-96.64844779928892,2048
10684,33.8163992019145,-112.2624310261159,2048
10685,38.89703281046679,-120.37841081647468,2048
10686,28.84256960241799,-97.8374590559732,2048
10683,33.80233024192147,-112.2734679530605,2048
10681,40.99768298840039,-121.74764301952276,2048
10687,33.00290124580394,-96.0767286832222,2048
10690,30.370432048422643,-95.06385704407894,2048
10689,33.085737860003256,-95.61649581884258,2048
10688,33.004430376619965,-96.0745865032932,2048
10691,26.932850985357167,-99.23382598437824,2048
10692,33.74073534588977,-112.30634490167304,2048
10693,32.44370134755199,-97.07003900533466,2048
10695,29.91267245510879,-95.72437314485906,2048
10701,33.520503097598755,-102.45407736878478,2048
10694,37.75208661948352,-121.8043480348603,2048
10696,32.57383128022356,-116.91137923739204,2048
10698,37.544408200000106,-122.2406243,2048
10699,33.74568497659973,-112.12549062322223,2048
10700,32.27966390312592,-95.30735600628462,2048
10703,35.25082560036037,-101.93721749999987,2048
10697,32.61935244695001,-116.94941525282908,2048
10702,35.29566164960817,-101.8409848499756,2048
10704,34.37906468356423,-100.09057037600836,2048
10705,29.67453021219561,-97.01310441987144,2048
10706,34.94129019670919,-118.8262076607316,2048
10709,36.420372975605005,-114.8973505429644,2048
10710,38.74882730683489,-122.711689704206,2048
10713,33.58349724803748,-111.88517248323193,2048
10712,32.81275471678028,-104.24911622181828,2048
10668,32.43783181159575,-100.35214029962232,2048
10661,26.927203821567677,-97.78965838195774,1024
10714,31.984161572653747,-106.43481085423024,2048
10708,30.275384102887017,-97.53973235612992,2048
10707,30.30498070057244,-97.61415050587128,2048
10711,32.519400099476,-106.1381705749463,2048
10716,32.33201478277451,-106.71025789034714,2048
10715,32.30070731080833,-106.67667557445228,2048
10718,31.12963924467217,-97.2610645330398,2048
10724,33.423396326938736,-111.91100272378443,2048
10717,32.33266450190598,-106.71235983559554,2048
10722,32.07098644828648,-106.30647787687172,2048
10720,33.9051373998333,-103.2732695199649,2048
10719,31.466887049076547,-96.9855935521328,2048
10721,36.631936427988215,-120.87865369611195,2048
10725,33.50149686730073,-112.05803937162544,2048
10727,32.903669364389614,-111.79091707114254,2048
10723,32.40552888875702,-106.14186387457292,2048
10726,33.556571554063886,-112.05617588365118,2048
10732,30.994456966682407,-102.29148625469054,2048
10729,36.02228462559814,-114.9690734599972,2048
10730,32.625885708224935,-96.74163134427336,2048
10734,37.589969629328806,-122.36330884263997,2048
10735,37.60808360726907,-122.39110582486111,2048
10737,37.65341427619551,-122.4030912468734,2048
10728,32.017771770480444,-94.6212397710597,2048
10736,37.62626188383351,-122.40351411701435,2048
10738,35.01420185606881,-118.97755771753874,2048
10739,32.63581383986252,-99.53783800600397,2048
10731,30.97585545445792,-102.28909180005816,2048
10733,36.325550175876494,-119.13441252416769,2048
10740,32.95776577115684,-96.61207568423524,2048
10741,36.08646786018259,-115.31292303870346,2048
10743,36.13146335484759,-115.3373413933955,2048
10742,36.11014966395173,-115.31436233589288,2048
10745,28.98606492064953,-95.3385129198256,2048
10744,36.15604290123407,-115.338659088719,2048
10746,29.032383796784764,-95.33904736084862,2048
10749,37.62705949018336,-122.10972082514598,2048
10748,33.52081472046007,-101.79243746298351,2048
10750,37.89506424794221,-122.0737189918204,2048
10747,32.636843687309025,-97.21408429699038,2048
10751,37.94431712068587,-121.96932568356944,2048
10752,39.67318487294624,-119.37061492323718,2048
10753,39.67551757648865,-119.36812384169004,2048
10754,40.33546202419557,-118.2738877213288,2048
10755,40.81964115005864,-117.23090079999912,2048
10756,32.5612053077008,-101.59677604661093,2048
10758,33.376745986136385,-112.18179050183063,2048
10759,40.58390300168166,-122.4377122496648,2048
10757,33.03293780187839,-101.68371185000072,2048
10761,33.083202903962295,-115.4664236291905,2048
10762,33.13401183696763,-115.46791269239132,2048
10760,28.886564296847936,-96.1908706428607,2048
10763,33.879079359878126,-102.3283880412892,2048
10766,34.14918019420264,-115.1219128600447,2048
10764,29.226064951711763,-99.69974624889656,2048
10765,29.22699152294537,-99.69954899248869,2048
10767,34.15037360673738,-115.1214925539336,2048
10769,30.969601710539784,-101.30948067516988,2048
10768,30.98562865885263,-101.7169702576006,2048
10771,37.693434626586,-121.69518967123166,2048
10770,34.576941498175,-109.27743126003618,2048
10773,33.673567216164,-112.54664742951567,2048
10774,33.23140559274741,-112.61677362380732,2048
10776,27.5790159970734,-99.27570768937576,2048
10775,39.23734520193651,-122.2762917538564,2048
10772,33.479624403599274,-112.70781704433728,2048
10778,32.41989219128774,-95.25346100366158,2048
10781,31.777466750523484,-110.12985794998671,2048
10782,32.70164524578652,-94.44857068985355,2048
10779,32.49025279933798,-95.4055479293443,2048
10783,35.313509153962954,-102.05018605155296,2048
10785,37.73851964453508,-121.77125433245136,2048
10784,37.74249121597159,-121.73332066815613,2048
10777,29.59310753774878,-97.97493153650638,2048
10789,35.29718241643373,-102.71027816688613,2048
10786,30.00556016589908,-97.40439078914422,2048
10787,26.487494632839656,-98.59449994420116,2048
10788,31.42188405014705,-96.24628744992724,2048
10793,34.09214439962719,-118.08266225906937,2048
10794,34.121787471663026,-118.08116310440212,2048
10797,34.15083194746378,-118.18433471068992,2048
10791,33.3499114894824,-112.4231808567656,2048
10780,31.524730076918388,-110.23126324824436,2048
10792,30.09076028544203,-95.4899539903836,2048
10795,34.15115319181799,-118.08801670071614,2048
10790,33.81774658650799,-116.36742476009448,2048
10798,32.77423437545964,-109.62350849043634,2048
10796,34.16222827718887,-118.0857560686822,2048
10800,34.161364846722826,-114.27770640290868,2048
10799,31.0100295113457,-97.39358596742724,2048
10803,33.51746362188738,-113.74344734324924,2048
10804,35.05144574582034,-106.53050316991325,2048
10807,33.41058835484648,-112.40862775259777,2048
10806,33.40839849584855,-112.36007537822124,2048
10805,35.00340215234122,-106.74435494998868,2048
10810,37.94612680614699,-121.759775647314,2048
10808,32.04425621917831,-101.9985681826308,2048
10811,28.937924376591475,-97.79999869741218,2048
10802,32.78480025058821,-96.99380605000157,2048
10801,41.22727567012438,-115.93996298376253,2048
10809,32.49778268564261,-100.59673002860296,2048
10813,33.491346115813315,-102.05788736128014,2048
10814,33.676462639183335,-112.4889075030178,2048
10815,30.248823952954115,-97.48797523520976,2048
10816,35.63163096863547,-101.439930597543,2048
10819,32.55408577440106,-111.30194006914827,2048
10812,39.12062585839913,-122.2233315274023,2048
10822,36.80557027531466,-108.445438001657,2048
10821,34.61445070143767,-106.0613860498542,2048
10824,35.41477989970704,-101.25634359999157,2048
10823,37.75486861060158,-122.38592860225488,2048
10817,37.52088273126929,-114.83180291258114,2048
10820,34.6095868408262,-106.08593185511684,2048
10818,37.692009969208016,-114.74760644371833,2048
10825,34.122974870323574,-108.93828481040188,2048
10832,33.845268138727626,-112.2712291050912,2048
10829,36.5217253093814,-108.15513545048996,2048
10830,36.52261644203845,-108.15490083296514,2048
10828,33.076170524002315,-102.7338008848296,2048
10827,33.04173264060985,-102.73345456445384,2048
10826,33.038991993362366,-102.73344858229324,2048
10835,40.5825394,-122.35459520000003,2048
10834,40.57575219999999,-122.35199640000002,2048
10831,32.402523054961094,-97.69727127655288,2048
10836,40.58256329999999,-122.3545963,2048
10833,40.575559800000015,-122.35208860000002,2048
10838,40.589419599999935,-122.3519136,2048
10839,40.58947979999993,-122.35249620000003,2048
10841,40.59270789999997,-122.35229040000004,2048
10840,40.5899356,-122.3525162,2048
10837,40.58564669999991,-122.354259,2048
10843,40.59284629999999,-122.35471,2048
10847,40.5979449,-122.3576272,2048
10844,40.59731309999996,-122.3582996,2048
10846,40.597921000000014,-122.3569083,2048
10842,40.592911400000055,-122.35406439999996,2048
10845,40.59789110000001,-122.3560046,2048
10848,32.02461345115217,-94.62107764998896,2048
10852,35.278909533366615,-116.07438649494192,2048
10849,29.816005774845536,-95.48302296178863,2048
10851,35.04944571427313,-116.44005784333696,2048
10853,35.50155694035072,-115.55218633737223,2048
10850,29.818241951612908,-95.5246715000098,2048
10855,36.24041987615544,-115.289036159774,2048
10856,31.013613504427447,-102.30951884667395,2048
10854,35.63344959356064,-115.34274727483296,2048
10859,33.57163357206499,-112.10894218277733,2048
10857,28.371454124856427,-98.80140534454787,2048
10860,35.44302830138589,-101.37284415001172,2048
10858,40.89026124202202,-121.7968980749299,2048
10861,32.958298038309195,-117.10886631596672,2048
10865,34.20733125054427,-119.24908234897964,2048
10864,34.207770726744805,-119.24682337671425,2048
10866,32.91014740418105,-96.63645807357187,2048
10863,33.08958393946816,-117.20323460755807,2048
10868,32.93719636826325,-96.62481410005736,2048
10867,32.91642553657292,-96.63170076251168,2048
10862,33.02112092086963,-117.13417192653834,2048
10871,33.27685295437632,-111.51633313039734,2048
10873,33.282234660272344,-111.99483423005158,2048
10872,36.24213915025027,-119.90471274999918,2048
10869,32.81352200315823,-97.38274036625404,2048
10870,33.150056741135145,-111.46877612797265,2048
10877,33.080048155906056,-99.58066833678755,2048
10874,35.09194918809907,-105.71721363614392,2048
10879,41.44482307627808,-120.88104530549028,2048
10875,34.124169448947626,-118.3378199335528,2048
10876,33.079730695052575,-99.5795721671875,2048
10881,31.99904512911721,-110.16656189205317,2048
10884,39.65605998188265,-120.00420066958628,2048
10886,38.015164475536864,-121.7620927971481,2048
10880,35.29477782507015,-101.83943710804296,2048
10878,41.44402675032903,-120.88016379999192,2048
10882,40.59826095580601,-122.53706144388303,2048
10889,31.860631453253003,-97.3653194771693,2048
10887,34.411482011156274,-103.24995762017856,2048
10885,33.571175916203224,-101.79144930820976,2048
10888,31.857889200540487,-97.35929826258672,2048
10891,33.43305611120045,-94.72099220080736,2048
10883,33.704989775562275,-115.62665617847834,2048
10890,31.746115801920794,-97.17731828568954,2048
10893,36.59160281390621,-120.40043083097883,2048
10894,33.45846833474726,-102.55753523146107,2048
10895,33.459257425745946,-102.5587807925685,2048
10897,35.22648755034637,-119.63090629990752,2048
10899,37.74737322149803,-121.59832406151446,2048
10896,31.997752876498453,-110.9672897869088,2048
10892,33.616207690839964,-114.6846347482581,2048
10900,37.76431790983223,-121.61445527797363,2048
10898,35.2273520091944,-119.63107655466509,2048
10902,37.77843352288371,-121.62590554941336,2048
10901,37.76726407224732,-121.61655859440349,2048
10909,32.87507010324736,-109.60456744998916,2048
10904,37.82121174251685,-121.66093161092682,2048
10903,37.801123632862094,-121.64164122328408,2048
10906,33.13316310393729,-98.55929422057426,2048
10911,32.50603873482323,-94.57806300519026,2048
10910,32.50647845757641,-94.68738942253178,2048
10908,33.67325655388732,-112.62525577050395,2048
10905,33.1327506523514,-98.55848972017886,2048
10907,32.817862606979006,-115.5779830251054,2048
10913,39.4556314599189,-119.71747302772684,2048
10912,32.538889597625264,-94.39636426252262,2048
10915,35.191779289991125,-114.55919037466631,2048
10919,36.14356801558537,-115.04853276666158,2048
10914,39.55683143762938,-119.54007840526477,2048
10918,35.764186580783104,-106.10875412217771,2048
10917,36.35883566252373,-115.35434177114794,2048
10920,32.858963715803846,-116.89802556058356,2048
10922,35.63229275070131,-105.99944744402232,2048
10924,35.663018393731505,-105.99069427067266,2048
10927,32.550815556515914,-111.30094511980136,2048
10921,32.859722749300566,-116.89921038534638,2048
10923,35.64553122569213,-106.01335090698018,2048
10925,30.000866848620365,-94.1843258985586,2048
10916,32.395431684178206,-94.43448100270273,2048
10928,32.55128954186583,-111.29962513623067,2048
10926,36.08855782476288,-115.04646674476533,2048
10930,31.868960034936546,-98.5532897355926,2048
10929,32.60315144823254,-111.56782484033332,2048
10931,31.8030627007402,-98.6943437006303,2048
10935,28.59831347950269,-97.04744485653352,2048
10934,28.253422827509112,-97.33990671431694,2048
10932,31.817724436308644,-98.66695225583123,2048
10933,31.818833001477092,-98.66364778525364,2048
10937,33.08482808921058,-96.88381006786092,2048
10939,33.15153693109012,-96.8468477697166,2048
10936,35.38573882737262,-106.46473172471912,2048
10938,33.12321867516526,-96.85976845743282,2048
10942,39.12820452275479,-119.13319595308369,2048
10941,33.15827750471556,-96.8412892531241,2048
10943,39.13057335146026,-119.1314506667352,2048
10940,33.15172041477149,-96.84538717560672,2048
10944,30.56685791297447,-97.39729224504406,2048
10945,32.73286215277108,-111.5669079769876,2048
10948,34.31678931231391,-101.24078964413911,2048
10947,35.413667829298646,-112.21296766735249,2048
10946,32.73461250282302,-111.56761320204444,2048
10949,35.38748843220462,-119.00447859976596,2048
10952,29.887782407789366,-93.94440646465478,2048
10950,32.627428961872155,-116.11910134155808,2048
10951,32.79197376555458,-99.92155048914904,2048
10954,37.512429761860936,-121.94445188069832,2048
10956,38.01899470092568,-122.23541258283667,2048
10958,32.77902264876617,-117.1568255268467,2048
10955,35.3170815042084,-119.06768302252252,2048
10960,26.56513690455154,-98.69976485890768,2048
10953,29.888905600786604,-93.94539670135023,2048
10957,32.77173910002937,-117.16440770002352,2048
10959,26.564945630644235,-98.69841677321531,2048
10962,26.146585782444937,-97.64277254358949,2048
10966,36.41590135157145,-114.95902054551524,2048
10964,35.908506757218504,-101.86372327485456,2048
10961,35.59330584170561,-108.81539158933782,2048
10963,26.20573838781421,-97.61457447516612,2048
10965,36.27560610591299,-115.185755119374,2048
10968,35.416017423459174,-108.08720944529654,2048
10969,30.147751761565747,-97.27278856665004,2048
10967,36.42835447216375,-114.912451074671,2048
10975,32.736611421263035,-114.71457233297772,2048
10971,28.00171823233553,-97.71792881176891,2048
10972,28.126441859316827,-97.78106366394572,2048
10976,32.73818688684068,-114.71417830675676,2048
10974,28.57786265671744,-97.9512322791212,2048
10970,32.112835300271584,-95.14821064967748,2048
10978,32.95874734164884,-117.22071408495746,2048
10980,32.255553285131704,-96.864552144373,2048
10979,32.01480120150537,-97.13695728171128,2048
10977,33.39815174023529,-98.66272281551596,2048
10983,33.571503998113016,-112.12911776491768,2048
10984,33.56661977389343,-112.20778663694628,2048
10986,33.59675708123953,-112.19950443918285,2048
10981,32.26453803217056,-96.86312958000931,2048
10973,28.57635648070893,-97.95334835047974,2048
10989,36.03537322587592,-114.80863413464044,2048
10982,32.3774197314445,-96.85112010919676,2048
10985,33.59679118568967,-112.17153681355012,2048
10991,37.69141396071334,-122.06113015096508,2048
10987,33.56993887315943,-112.12655248259756,2048
10994,29.75048747263353,-94.92248220891754,2048
10992,28.988132299931998,-95.35739164991269,2048
10993,33.043273997195605,-112.66623837608562,2048
10988,36.02189941983295,-114.81292959060907,2048
10990,36.06445276481991,-114.83128968927926,2048
10996,32.51197835134615,-99.38635692493794,2048
10995,32.24486139090404,-98.67387365515116,2048
10997,33.02508022532279,-113.03861944011932,2048
11001,36.29270695793118,-115.08217772492442,2048
10998,36.24528308239704,-115.0446650682223,2048
10999,36.24577337471324,-115.04623840136829,2048
11004,35.21665509044278,-114.0438888421341,2048
11000,36.27734009661148,-115.02799723505218,2048
11005,34.587514677478154,-118.65738837571344,2048
11003,36.34748728583872,-114.91631421925692,2048
11002,36.21715490239968,-115.08373364665906,2048
11007,34.77648445862255,-118.7747037589742,2048
11006,34.58818822719076,-118.65847790454838,2048
11010,34.85803030969889,-118.43717694239862,2048
11009,34.6851797464706,-118.78869418870836,2048
11008,34.48625778453549,-118.11929006166484,2048
11011,35.36126810013257,-118.92218566354448,2048
11013,34.57927799641219,-118.20301693272025,2048
11015,34.56415596434345,-117.3208919997099,2048
11012,35.21143867262397,-118.07218613497002,2048
11018,34.84731388988908,-118.43103686217276,2048
11016,34.43056928588278,-118.50196839406313,2048
11014,34.686048257929485,-118.29792950049004,2048
11017,34.81983884939998,-118.40864819941028,2048
11019,35.296878914830536,-118.86144000180416,2048
11024,35.09942885467947,-118.37815364364091,2048
11023,33.094960829741915,-95.56879746608811,2048
11022,33.10248182953859,-95.05159783932208,2048
11021,33.09167406480246,-95.0420358236849,2048
11020,35.36205862379314,-118.92347335915716,2048
11025,35.05311114659002,-118.3599653191965,2048
11026,35.098023575474734,-118.37920036377068,2048
11029,35.07565162648293,-118.37258196876944,2048
11030,35.075904159736126,-118.37261455804554,2048
11033,35.02315810339317,-118.29594990006142,2048
11028,35.07537758379543,-118.37249495634556,2048
11027,35.0349869551742,-118.28086405369132,2048
11031,35.10762666051624,-118.38325078002728,2048
11034,35.0229761216558,-118.28220915502976,2048
11035,35.20731098099905,-118.24767321111744,2048
11032,34.91011833963435,-118.3723201783426,2048
11036,35.34490954912807,-118.18593185221604,2048
11037,34.68589626750438,-118.30419943203822,2048
11042,35.36527240263163,-117.64727237532291,2048
11043,35.652566018206635,-117.79585859666716,2048
11038,30.05572913917908,-93.75653163901686,2048
11039,35.24690779549027,-118.17638131605662,2048
11040,34.98950042801165,-117.5423957796504,2048
11041,35.36476900000882,-117.6471907999866,2048
11044,36.00599653088214,-117.81017907392832,2048
11047,35.02663165391233,-117.34823209922054,2048
11045,34.86318489102513,-116.85414153733927,2048
11048,33.9651462422007,-101.51488337474989,2048
11046,34.997085400273434,-117.30320935000884,2048
11053,30.591310355941665,-102.6028777834404,2048
11051,34.365935093662216,-117.36884385515712,2048
11050,35.5444447281624,-115.46875204565924,2048
11054,30.70191201527662,-102.7137282682799,2048
11055,30.607275900495072,-102.58153015012348,2048
11056,30.60747205036825,-102.58085690002746,2048
11052,34.50496303586455,-117.38833216063178,2048
11049,34.86042049891868,-116.85488720161342,2048
11057,31.002386556292187,-102.67900788011168,2048
11058,30.88536782756824,-102.42338436522596,2048
11062,30.312270716796423,-102.44110043347642,2048
11059,30.886009815134795,-102.42332477055363,2048
11061,30.231512650002728,-102.43655099999955,2048
11063,30.398934250002014,-102.43739255000074,2048
11060,30.14201695001868,-102.40288830009256,2048
11066,33.263748857482746,-111.35495967512658,2048
11065,33.16246263134954,-111.49290531255583,2048
11064,30.46177356668229,-102.49096754997186,2048
11070,37.54582056571509,-118.58996064843411,2048
11068,37.43782311714481,-118.55733507720636,2048
11067,34.78166504383507,-116.3846809355226,2048
11071,35.001200274926056,-118.291592042808,2048
11074,34.11902374247065,-117.87208820886552,2048
11072,34.22272594877332,-118.38856583613756,2048
11069,37.43779913134264,-118.5578468582575,2048
11073,34.50901729626854,-117.91964784646544,2048
11079,33.698833674901444,-115.31286856785457,2048
11076,34.15555198483401,-117.43254459336816,2048
11075,34.09953707775198,-117.97994640088808,2048
11077,34.120214757706655,-117.63941326853288,2048
11083,33.93291146845753,-116.58089207498446,2048
11080,33.671446810475416,-115.55910005056477,2048
11081,33.93856783532683,-116.5773340438416,2048
11085,33.580609465382295,-114.8172217389076,2048
11084,33.947720900775074,-116.92326505000284,2048
11078,34.59510126360091,-117.36290996398928,2048
11086,33.65936197463025,-114.98272065190363,2048
11082,33.917750063023256,-116.6428329247956,2048
11088,33.52232005018985,-113.1277085499997,2048
11087,33.66003970516425,-114.9827103750488,2048
11089,33.60287426133608,-114.52719146160906,2048
11090,34.13097159512617,-114.37235254739063,2048
11092,33.029433136223126,-109.3131179603676,2048
11091,32.7152615751422,-115.53852815594928,2048
11093,32.340797845917265,-109.89260196228268,2048
